ID,Name,Sex,Age,Height,Weight,Team,NOC,Games,Year,Season,City,Sport,Event,Medal
1500000,Lorenzo Patta,M,20,NA,NA,,,2020 Summer,2020,Summer,Tokyo,Athletics,"Athletics 4 × 100 metres Relay, Men",NA
1500001,Lamont Marcell Jacobs,M,25,NA,NA,,,2020 Summer,2020,Summer,Tokyo,Athletics,"Athletics 4 × 100 metres Relay, Men",NA
1500002,Eseosa Desalu,M,26,180.0,67.0,,,2020 Summer,2020,Summer,Tokyo,Athletics,"Athletics 4 × 100 metres Relay, Men",NA
1500003,Filippo Tortu,M,22,NA,NA,,,2020 Summer,2020,Summer,Tokyo,Athletics,"Athletics 4 × 100 metres Relay, Men",NA
1500004,Davide Manenti,M,31,177.0,80.0,,,2020 Summer,2020,Summer,Tokyo,Athletics,"Athletics 4 × 100 metres Relay, Men",NA
1500005,Hillary Polanco,M,22,NA,NA,,,2020 Summer,2020,Summer,Tokyo,Athletics,"Athletics 4 × 100 metres Relay, Men",NA
1500006,Aaron Brown,M,28,198.0,79.0,,,2020 Summer,2020,Summer,Tokyo,Athletics,"Athletics 4 × 100 metres Relay, Men",NA
1500007,Jerome Blake,M,24,NA,NA,,,2020 Summer,2020,Summer,Tokyo,Athletics,"Athletics 4 × 100 metres Relay, Men",NA
1500008,Brendon Rodney,M,28,195.0,80.0,,,2020 Summer,2020,Summer,Tokyo,Athletics,"Athletics 4 × 100 metres Relay, Men",NA
1500009,Andre De Grasse,M,25,176.0,70.0,,,2020 Summer,2020,Summer,Tokyo,Athletics,"Athletics 4 × 100 metres Relay, Men",NA
1500010,Bolade Ajomale,M,24,180.0,62.0,,,2020 Summer,2020,Summer,Tokyo,Athletics,"Athletics 4 × 100 metres Relay, Men",NA
1500011,Bismark Boateng,M,28,NA,NA,,,2020 Summer,2020,Summer,Tokyo,Athletics,"Athletics 4 × 100 metres Relay, Men",NA
1500012,Gavin Smellie,M,34,180.0,80.0,,,2020 Summer,2020,Summer,Tokyo,Athletics,"Athletics 4 × 100 metres Relay, Men",NA
1500013,Tang Xingqiang,M,24,170.0,61.0,,,2020 Summer,2020,Summer,Tokyo,Athletics,"Athletics 4 × 100 metres Relay, Men",NA
1500014,Xie Zhenye,M,26,184.0,78.0,,,2020 Summer,2020,Summer,Tokyo,Athletics,"Athletics 4 × 100 metres Relay, Men",NA
1500015,Su Bingtian,M,30,173.0,70.0,,,2020 Summer,2020,Summer,Tokyo,Athletics,"Athletics 4 × 100 metres Relay, Men",NA
1500016,Wu Zhiqiang,M,26,NA,NA,,,2020 Summer,2020,Summer,Tokyo,Athletics,"Athletics 4 × 100 metres Relay, Men",NA
1500017,Yan Haibin,M,17,NA,NA,,,2020 Summer,2020,Summer,Tokyo,Athletics,"Athletics 4 × 100 metres Relay, Men",NA
1500018,Jevaughn Minzie,M,24,178.0,85.0,,,2020 Summer,2020,Summer,Tokyo,Athletics,"Athletics 4 × 100 metres Relay, Men",NA
1500019,Julian Forte,M,27,NA,NA,,,2020 Summer,2020,Summer,Tokyo,Athletics,"Athletics 4 × 100 metres Relay, Men",NA
1500020,Yohan Blake,M,30,180.0,80.0,,,2020 Summer,2020,Summer,Tokyo,Athletics,"Athletics 4 × 100 metres Relay, Men",NA
1500021,Oblique Seville,M,19,NA,NA,,,2020 Summer,2020,Summer,Tokyo,Athletics,"Athletics 4 × 100 metres Relay, Men",NA
1500022,Nigel Ellis,M,22,NA,NA,,,2020 Summer,2020,Summer,Tokyo,Athletics,"Athletics 4 × 100 metres Relay, Men",NA
1500023,Tyquendo Tracey,M,27,NA,NA,,,2020 Summer,2020,Summer,Tokyo,Athletics,"Athletics 4 × 100 metres Relay, Men",NA
1500024,Julian Reus,M,32,176.0,76.0,,,2020 Summer,2020,Summer,Tokyo,Athletics,"Athletics 4 × 100 metres Relay, Men",NA
1500025,Joshua Hartmann,M,21,NA,NA,,,2020 Summer,2020,Summer,Tokyo,Athletics,"Athletics 4 × 100 metres Relay, Men",NA
1500026,Deniz Almas,M,22,176.0,76.0,,,2020 Summer,2020,Summer,Tokyo,Athletics,"Athletics 4 × 100 metres Relay, Men",NA
1500027,Lucas Ansah-Peprah,M,20,182.0,75.0,,,2020 Summer,2020,Summer,Tokyo,Athletics,"Athletics 4 × 100 metres Relay, Men",NA
1500028,Owen Ansah,M,19,191.0,82.0,,,2020 Summer,2020,Summer,Tokyo,Athletics,"Athletics 4 × 100 metres Relay, Men",NA
1500029,Marvin Schulte,M,21,187.0,73.0,,,2020 Summer,2020,Summer,Tokyo,Athletics,"Athletics 4 × 100 metres Relay, Men",NA
1500030,Shuhei Tada,M,24,NA,NA,,,2020 Summer,2020,Summer,Tokyo,Athletics,"Athletics 4 × 100 metres Relay, Men",NA
1500031,Ryota Yamagata,M,28,177.0,70.0,,,2020 Summer,2020,Summer,Tokyo,Athletics,"Athletics 4 × 100 metres Relay, Men",NA
1500032,Yoshihide Kiryu,M,24,175.0,68.0,,,2020 Summer,2020,Summer,Tokyo,Athletics,"Athletics 4 × 100 metres Relay, Men",NA
1500033,Yuki Koike,M,25,NA,NA,,,2020 Summer,2020,Summer,Tokyo,Athletics,"Athletics 4 × 100 metres Relay, Men",NA
1500034,Bruno Dede,M,20,NA,NA,,,2020 Summer,2020,Summer,Tokyo,Athletics,"Athletics 4 × 100 metres Relay, Men",NA
1500035,Sean Safo-Antwi,M,29,171.0,69.0,,,2020 Summer,2020,Summer,Tokyo,Athletics,"Athletics 4 × 100 metres Relay, Men",NA
1500036,Benjamin Azamati-Kwaku,M,22,NA,NA,,,2020 Summer,2020,Summer,Tokyo,Athletics,"Athletics 4 × 100 metres Relay, Men",NA
1500037,Emmanuel Yeboah,M,22,NA,NA,,,2020 Summer,2020,Summer,Tokyo,Athletics,"Athletics 4 × 100 metres Relay, Men",NA
1500038,Joseph Amoah,M,23,NA,NA,,,2020 Summer,2020,Summer,Tokyo,Athletics,"Athletics 4 × 100 metres Relay, Men",NA
1500039,Sarfo Ansah,M,21,176.0,76.0,,,2020 Summer,2020,Summer,Tokyo,Athletics,"Athletics 4 × 100 metres Relay, Men",NA
1500040,Joseph Manu,M,23,NA,NA,,,2020 Summer,2020,Summer,Tokyo,Athletics,"Athletics 4 × 100 metres Relay, Men",NA
1500041,Mouhamadou Fall,M,28,NA,NA,,,2020 Summer,2020,Summer,Tokyo,Athletics,"Athletics 4 × 100 metres Relay, Men",NA
1500042,Jimmy Vicaut,M,28,188.0,83.0,,,2020 Summer,2020,Summer,Tokyo,Athletics,"Athletics 4 × 100 metres Relay, Men",NA
1500043,Mickaël-Méba Zézé,M,26,175.0,66.0,,,2020 Summer,2020,Summer,Tokyo,Athletics,"Athletics 4 × 100 metres Relay, Men",NA
1500044,Ryan Zézé,M,22,NA,NA,,,2020 Summer,2020,Summer,Tokyo,Athletics,"Athletics 4 × 100 metres Relay, Men",NA
1500045,Amaury Golitin,M,23,NA,NA,,,2020 Summer,2020,Summer,Tokyo,Athletics,"Athletics 4 × 100 metres Relay, Men",NA
1500046,Marvin René,M,25,177.0,60.0,,,2020 Summer,2020,Summer,Tokyo,Athletics,"Athletics 4 × 100 metres Relay, Men",NA
1500047,Rodrigo do Nascimento,M,25,180.0,83.0,,,2020 Summer,2020,Summer,Tokyo,Athletics,"Athletics 4 × 100 metres Relay, Men",NA
1500048,Felipe Bardi,M,21,189.0,80.0,,,2020 Summer,2020,Summer,Tokyo,Athletics,"Athletics 4 × 100 metres Relay, Men",NA
1500049,Derick Souza,M,22,182.0,79.0,,,2020 Summer,2020,Summer,Tokyo,Athletics,"Athletics 4 × 100 metres Relay, Men",NA
1500050,Paulo André,M,21,183.0,82.0,,,2020 Summer,2020,Summer,Tokyo,Athletics,"Athletics 4 × 100 metres Relay, Men",NA
1500051,Jorge Vides,M,27,171.0,54.0,,,2020 Summer,2020,Summer,Tokyo,Athletics,"Athletics 4 × 100 metres Relay, Men",NA
1500052,Kion Benjamin,M,19,NA,NA,,,2020 Summer,2020,Summer,Tokyo,Athletics,"Athletics 4 × 100 metres Relay, Men",NA
1500053,"Eric Harrison, Jr.",M,21,NA,NA,,,2020 Summer,2020,Summer,Tokyo,Athletics,"Athletics 4 × 100 metres Relay, Men",NA
1500054,Akanni Hislop,M,22,NA,NA,,,2020 Summer,2020,Summer,Tokyo,Athletics,"Athletics 4 × 100 metres Relay, Men",NA
1500055,Richard Thompson,M,35,188.0,80.0,,,2020 Summer,2020,Summer,Tokyo,Athletics,"Athletics 4 × 100 metres Relay, Men",NA
1500056,Adell Colthrust,M,20,NA,NA,,,2020 Summer,2020,Summer,Tokyo,Athletics,"Athletics 4 × 100 metres Relay, Men",NA
1500057,Trayvon Bromell,M,25,175.0,70.0,,,2020 Summer,2020,Summer,Tokyo,Athletics,"Athletics 4 × 100 metres Relay, Men",NA
1500058,Fred Kerley,M,25,NA,NA,,,2020 Summer,2020,Summer,Tokyo,Athletics,"Athletics 4 × 100 metres Relay, Men",NA
1500059,Ronnie Baker,M,26,NA,NA,,,2020 Summer,2020,Summer,Tokyo,Athletics,"Athletics 4 × 100 metres Relay, Men",NA
1500060,Cravon Gillespie,M,23,NA,NA,,,2020 Summer,2020,Summer,Tokyo,Athletics,"Athletics 4 × 100 metres Relay, Men",NA
1500061,Micah Williams,M,18,NA,NA,,,2020 Summer,2020,Summer,Tokyo,Athletics,"Athletics 4 × 100 metres Relay, Men",NA
1500062,Simon Hansen,M,22,NA,NA,,,2020 Summer,2020,Summer,Tokyo,Athletics,"Athletics 4 × 100 metres Relay, Men",NA
1500063,Tazana Kamanga,M,18,185.0,75.0,,,2020 Summer,2020,Summer,Tokyo,Athletics,"Athletics 4 × 100 metres Relay, Men",NA
1500064,Kojo Musah,M,24,NA,NA,,,2020 Summer,2020,Summer,Tokyo,Athletics,"Athletics 4 × 100 metres Relay, Men",NA
1500065,Frederik Schou-Nielsen,M,24,NA,NA,,,2020 Summer,2020,Summer,Tokyo,Athletics,"Athletics 4 × 100 metres Relay, Men",NA
1500066,Kris Hari,M,22,NA,NA,,,2020 Summer,2020,Summer,Tokyo,Athletics,"Athletics 4 × 100 metres Relay, Men",NA
1500067,Joris van Gool,M,22,179.0,74.0,,,2020 Summer,2020,Summer,Tokyo,Athletics,"Athletics 4 × 100 metres Relay, Men",NA
1500068,Taymir Burnet,M,27,NA,NA,,,2020 Summer,2020,Summer,Tokyo,Athletics,"Athletics 4 × 100 metres Relay, Men",NA
1500069,Chris Garia,M,27,NA,NA,,,2020 Summer,2020,Summer,Tokyo,Athletics,"Athletics 4 × 100 metres Relay, Men",NA
1500070,Churandy Martina,M,36,180.0,76.0,,,2020 Summer,2020,Summer,Tokyo,Athletics,"Athletics 4 × 100 metres Relay, Men",NA
1500071,Solomon Bockarie-Bayoh,M,33,171.0,72.0,,,2020 Summer,2020,Summer,Tokyo,Athletics,"Athletics 4 × 100 metres Relay, Men",NA
1500072,Hensley Paulina,M,27,182.0,77.0,,,2020 Summer,2020,Summer,Tokyo,Athletics,"Athletics 4 × 100 metres Relay, Men",NA
1500073,Clarence Munyai,M,22,170.0,65.0,,,2020 Summer,2020,Summer,Tokyo,Athletics,"Athletics 4 × 100 metres Relay, Men",NA
1500074,Shaun Maswanganyi,M,19,NA,NA,,,2020 Summer,2020,Summer,Tokyo,Athletics,"Athletics 4 × 100 metres Relay, Men",NA
1500075,Chederick van Wyk,M,25,NA,NA,,,2020 Summer,2020,Summer,Tokyo,Athletics,"Athletics 4 × 100 metres Relay, Men",NA
1500076,Akani Simbine,M,26,176.0,74.0,,,2020 Summer,2020,Summer,Tokyo,Athletics,"Athletics 4 × 100 metres Relay, Men",NA
1500077,Gift Leotlela,M,22,178.0,74.0,,,2020 Summer,2020,Summer,Tokyo,Athletics,"Athletics 4 × 100 metres Relay, Men",NA
1500078,Galaletsang Ramorwa,M,22,NA,NA,,,2020 Summer,2020,Summer,Tokyo,Athletics,"Athletics 4 × 100 metres Relay, Men",NA
1500079,Ertan Özkan,M,23,NA,NA,,,2020 Summer,2020,Summer,Tokyo,Athletics,"Athletics 4 × 100 metres Relay, Men",NA
1500080,Jak Ali Harvey,M,31,183.0,73.0,,,2020 Summer,2020,Summer,Tokyo,Athletics,"Athletics 4 × 100 metres Relay, Men",NA
1500081,Kayhan Özer,M,22,NA,NA,,,2020 Summer,2020,Summer,Tokyo,Athletics,"Athletics 4 × 100 metres Relay, Men",NA
1500082,Ramil Guliyev,M,30,186.0,80.0,,,2020 Summer,2020,Summer,Tokyo,Athletics,"Athletics 4 × 100 metres Relay, Men",NA
1500083,Emre Zafer Barnes,M,31,178.0,73.0,,,2020 Summer,2020,Summer,Tokyo,Athletics,"Athletics 4 × 100 metres Relay, Men",NA
1500084,Oğuz Uyar,M,18,NA,NA,,,2020 Summer,2020,Summer,Tokyo,Athletics,"Athletics 4 × 100 metres Relay, Men",NA
1500085,Chijindu Ujah,M,26,182.0,81.0,,,2020 Summer,2020,Summer,Tokyo,Athletics,"Athletics 4 × 100 metres Relay, Men",NA
1500086,Zharnel Hughes,M,25,NA,NA,,,2020 Summer,2020,Summer,Tokyo,Athletics,"Athletics 4 × 100 metres Relay, Men",NA
1500087,Richard Kilty,M,30,184.0,79.0,,,2020 Summer,2020,Summer,Tokyo,Athletics,"Athletics 4 × 100 metres Relay, Men",NA
1500088,Nethaneel Mitchell-Blake,M,26,187.0,86.0,,,2020 Summer,2020,Summer,Tokyo,Athletics,"Athletics 4 × 100 metres Relay, Men",NA
1500089,Jona Efoloko,M,20,NA,NA,,,2020 Summer,2020,Summer,Tokyo,Athletics,"Athletics 4 × 100 metres Relay, Men",NA
1500090,Reece Prescod,M,24,NA,NA,,,2020 Summer,2020,Summer,Tokyo,Athletics,"Athletics 4 × 100 metres Relay, Men",NA
1500091,Michael Cherry,M,25,NA,NA,,,2020 Summer,2020,Summer,Tokyo,Athletics,"Athletics 4 × 400 metres Relay, Men",NA
1500092,Michael Norman,M,22,185.0,78.0,,,2020 Summer,2020,Summer,Tokyo,Athletics,"Athletics 4 × 400 metres Relay, Men",NA
1500093,Bryce Deadmon,M,23,NA,NA,,,2020 Summer,2020,Summer,Tokyo,Athletics,"Athletics 4 × 400 metres Relay, Men",NA
1500094,Rai Benjamin,M,22,191.0,77.0,,,2020 Summer,2020,Summer,Tokyo,Athletics,"Athletics 4 × 400 metres Relay, Men",NA
1500095,Trevor Stewart,M,23,NA,NA,,,2020 Summer,2020,Summer,Tokyo,Athletics,"Athletics 4 × 400 metres Relay, Men",NA
1500096,Randolph Ross,M,19,NA,NA,,,2020 Summer,2020,Summer,Tokyo,Athletics,"Athletics 4 × 400 metres Relay, Men",NA
1500097,Vernon Norwood,M,28,188.0,73.0,,,2020 Summer,2020,Summer,Tokyo,Athletics,"Athletics 4 × 400 metres Relay, Men",NA
1500098,Liemarvin Bonevacia,M,31,185.0,74.0,,,2020 Summer,2020,Summer,Tokyo,Athletics,"Athletics 4 × 400 metres Relay, Men",NA
1500099,Terrence Agard,M,30,NA,NA,,,2020 Summer,2020,Summer,Tokyo,Athletics,"Athletics 4 × 400 metres Relay, Men",NA
1500100,Tony van Diepen,M,24,NA,NA,,,2020 Summer,2020,Summer,Tokyo,Athletics,"Athletics 4 × 400 metres Relay, Men",NA
1500101,Ramsey Angela,M,20,NA,NA,,,2020 Summer,2020,Summer,Tokyo,Athletics,"Athletics 4 × 400 metres Relay, Men",NA
1500102,Jochem Dobber,M,23,NA,NA,,,2020 Summer,2020,Summer,Tokyo,Athletics,"Athletics 4 × 400 metres Relay, Men",NA
1500103,Nout Wardenburg,M,23,NA,NA,,,2020 Summer,2020,Summer,Tokyo,Athletics,"Athletics 4 × 400 metres Relay, Men",NA
1500104,Isaac Makwala,M,34,185.0,78.0,,,2020 Summer,2020,Summer,Tokyo,Athletics,"Athletics 4 × 400 metres Relay, Men",NA
1500105,Baboloki Thebe,M,23,NA,64.0,,,2020 Summer,2020,Summer,Tokyo,Athletics,"Athletics 4 × 400 metres Relay, Men",NA
1500106,Zibani Ngozi,M,27,NA,NA,,,2020 Summer,2020,Summer,Tokyo,Athletics,"Athletics 4 × 400 metres Relay, Men",NA
1500107,Bayapo Ndori,M,21,NA,NA,,,2020 Summer,2020,Summer,Tokyo,Athletics,"Athletics 4 × 400 metres Relay, Men",NA
1500108,Leungo Scotch,M,24,NA,NA,,,2020 Summer,2020,Summer,Tokyo,Athletics,"Athletics 4 × 400 metres Relay, Men",NA
1500109,Alexander Doom,M,23,NA,NA,,,2020 Summer,2020,Summer,Tokyo,Athletics,"Athletics 4 × 400 metres Relay, Men",NA
1500110,Jonathan Sacoor,M,20,NA,NA,,,2020 Summer,2020,Summer,Tokyo,Athletics,"Athletics 4 × 400 metres Relay, Men",NA
1500111,Dylan Borlée,M,27,190.0,78.0,,,2020 Summer,2020,Summer,Tokyo,Athletics,"Athletics 4 × 400 metres Relay, Men",NA
1500112,Kévin Borlée,M,32,180.0,67.0,,,2020 Summer,2020,Summer,Tokyo,Athletics,"Athletics 4 × 400 metres Relay, Men",NA
1500113,Jonathan Borlée,M,32,180.0,69.0,,,2020 Summer,2020,Summer,Tokyo,Athletics,"Athletics 4 × 400 metres Relay, Men",NA
1500114,Dariusz Kowaluk,M,24,NA,NA,,,2020 Summer,2020,Summer,Tokyo,Athletics,"Athletics 4 × 400 metres Relay, Men",NA
1500115,Karol Zalewski,M,26,189.0,96.0,,,2020 Summer,2020,Summer,Tokyo,Athletics,"Athletics 4 × 400 metres Relay, Men",NA
1500116,Mateusz Rzeźniczak,M,21,NA,NA,,,2020 Summer,2020,Summer,Tokyo,Athletics,"Athletics 4 × 400 metres Relay, Men",NA
1500117,Kajetan Duszyński,M,25,NA,NA,,,2020 Summer,2020,Summer,Tokyo,Athletics,"Athletics 4 × 400 metres Relay, Men",NA
1500118,Jakub Krzewina,M,30,182.0,79.0,,,2020 Summer,2020,Summer,Tokyo,Athletics,"Athletics 4 × 400 metres Relay, Men",NA
1500119,Wiktor Suwara,M,23,NA,NA,,,2020 Summer,2020,Summer,Tokyo,Athletics,"Athletics 4 × 400 metres Relay, Men",NA
1500120,Demish Gaye,M,27,NA,NA,,,2020 Summer,2020,Summer,Tokyo,Athletics,"Athletics 4 × 400 metres Relay, Men",NA
1500121,Christopher Taylor,M,20,NA,NA,,,2020 Summer,2020,Summer,Tokyo,Athletics,"Athletics 4 × 400 metres Relay, Men",NA
1500122,Jaheel Hyde,M,23,180.0,74.0,,,2020 Summer,2020,Summer,Tokyo,Athletics,"Athletics 4 × 400 metres Relay, Men",NA
1500123,Nathon Allen,M,24,178.0,NA,,,2020 Summer,2020,Summer,Tokyo,Athletics,"Athletics 4 × 400 metres Relay, Men",NA
1500124,Karayme Bartley,M,24,NA,NA,,,2020 Summer,2020,Summer,Tokyo,Athletics,"Athletics 4 × 400 metres Relay, Men",NA
1500125,Sean Bailey,M,23,NA,NA,,,2020 Summer,2020,Summer,Tokyo,Athletics,"Athletics 4 × 400 metres Relay, Men",NA
1500126,Davide Re,M,27,NA,NA,,,2020 Summer,2020,Summer,Tokyo,Athletics,"Athletics 4 × 400 metres Relay, Men",NA
1500127,Vladimir Aceti,M,21,NA,NA,,,2020 Summer,2020,Summer,Tokyo,Athletics,"Athletics 4 × 400 metres Relay, Men",NA
1500128,Edoardo Scotti,M,20,NA,NA,,,2020 Summer,2020,Summer,Tokyo,Athletics,"Athletics 4 × 400 metres Relay, Men",NA
1500129,Alessandro Sibilio,M,21,NA,NA,,,2020 Summer,2020,Summer,Tokyo,Athletics,"Athletics 4 × 400 metres Relay, Men",NA
1500130,Lorenzo Benati,M,18,192.0,69.0,,,2020 Summer,2020,Summer,Tokyo,Athletics,"Athletics 4 × 400 metres Relay, Men",NA
1500131,Matteo Galvan,M,31,183.0,73.0,,,2020 Summer,2020,Summer,Tokyo,Athletics,"Athletics 4 × 400 metres Relay, Men",NA
1500132,Giuseppe Leonardi,M,23,NA,NA,,,2020 Summer,2020,Summer,Tokyo,Athletics,"Athletics 4 × 400 metres Relay, Men",NA
1500133,Deon Lendore,M,27,179.0,75.0,,,2020 Summer,2020,Summer,Tokyo,Athletics,"Athletics 4 × 400 metres Relay, Men",NA
1500134,Jereem Richards,M,26,NA,NA,,,2020 Summer,2020,Summer,Tokyo,Athletics,"Athletics 4 × 400 metres Relay, Men",NA
1500135,Dwight St. Hillaire,M,22,NA,NA,,,2020 Summer,2020,Summer,Tokyo,Athletics,"Athletics 4 × 400 metres Relay, Men",NA
1500136,Machel Cedenio,M,24,183.0,70.0,,,2020 Summer,2020,Summer,Tokyo,Athletics,"Athletics 4 × 400 metres Relay, Men",NA
1500137,Asa Guevara,M,24,NA,NA,,,2020 Summer,2020,Summer,Tokyo,Athletics,"Athletics 4 × 400 metres Relay, Men",NA
1500138,Mohammad Anas Yahiya,M,25,177.0,69.0,,,2020 Summer,2020,Summer,Tokyo,Athletics,"Athletics 4 × 400 metres Relay, Men",NA
1500139,Noah Nirmal Tom,M,25,NA,NA,,,2020 Summer,2020,Summer,Tokyo,Athletics,"Athletics 4 × 400 metres Relay, Men",NA
1500140,Arokia Rajiv,M,29,175.0,65.0,,,2020 Summer,2020,Summer,Tokyo,Athletics,"Athletics 4 × 400 metres Relay, Men",NA
1500141,Amoj Jacob,M,22,NA,NA,,,2020 Summer,2020,Summer,Tokyo,Athletics,"Athletics 4 × 400 metres Relay, Men",NA
1500142,Naganathan Pandi,M,24,NA,NA,,,2020 Summer,2020,Summer,Tokyo,Athletics,"Athletics 4 × 400 metres Relay, Men",NA
1500143,Rikuya Ito,M,21,NA,NA,,,2020 Summer,2020,Summer,Tokyo,Athletics,"Athletics 4 × 400 metres Relay, Men",NA
1500144,Kaito Kawabata,M,21,NA,NA,,,2020 Summer,2020,Summer,Tokyo,Athletics,"Athletics 4 × 400 metres Relay, Men",NA
1500145,Kentaro Sato,M,25,NA,NA,,,2020 Summer,2020,Summer,Tokyo,Athletics,"Athletics 4 × 400 metres Relay, Men",NA
1500146,Aoto Suzuki,M,19,NA,NA,,,2020 Summer,2020,Summer,Tokyo,Athletics,"Athletics 4 × 400 metres Relay, Men",NA
1500147,Julian Walsh,M,23,175.0,75.0,,,2020 Summer,2020,Summer,Tokyo,Athletics,"Athletics 4 × 400 metres Relay, Men",NA
1500148,Cameron Chalmers,M,23,188.0,NA,,,2020 Summer,2020,Summer,Tokyo,Athletics,"Athletics 4 × 400 metres Relay, Men",NA
1500149,Joe Brier,M,21,NA,NA,,,2020 Summer,2020,Summer,Tokyo,Athletics,"Athletics 4 × 400 metres Relay, Men",NA
1500150,Lee Thompson,M,23,193.0,NA,,,2020 Summer,2020,Summer,Tokyo,Athletics,"Athletics 4 × 400 metres Relay, Men",NA
1500151,Michael Ohioze,M,25,NA,NA,,,2020 Summer,2020,Summer,Tokyo,Athletics,"Athletics 4 × 400 metres Relay, Men",NA
1500152,Niclas Baker,M,25,NA,NA,,,2020 Summer,2020,Summer,Tokyo,Athletics,"Athletics 4 × 400 metres Relay, Men",NA
1500153,Thomas Jordier,M,25,170.0,65.0,,,2020 Summer,2020,Summer,Tokyo,Athletics,"Athletics 4 × 400 metres Relay, Men",NA
1500154,Muhammad Abdallah Kounta,M,25,NA,NA,,,2020 Summer,2020,Summer,Tokyo,Athletics,"Athletics 4 × 400 metres Relay, Men",NA
1500155,Ludovic Oucéni,M,19,178.0,65.0,,,2020 Summer,2020,Summer,Tokyo,Athletics,"Athletics 4 × 400 metres Relay, Men",NA
1500156,Gilles Biron,M,25,NA,NA,,,2020 Summer,2020,Summer,Tokyo,Athletics,"Athletics 4 × 400 metres Relay, Men",NA
1500157,Mame-Ibra Anne,M,30,184.0,80.0,,,2020 Summer,2020,Summer,Tokyo,Athletics,"Athletics 4 × 400 metres Relay, Men",NA
1500158,Patrik Šorm,M,26,NA,NA,,,2020 Summer,2020,Summer,Tokyo,Athletics,"Athletics 4 × 400 metres Relay, Men",NA
1500159,Pavel Maslák,M,29,176.0,66.0,,,2020 Summer,2020,Summer,Tokyo,Athletics,"Athletics 4 × 400 metres Relay, Men",NA
1500160,Michal Desenský,M,27,NA,NA,,,2020 Summer,2020,Summer,Tokyo,Athletics,"Athletics 4 × 400 metres Relay, Men",NA
1500161,Vít Müller,M,23,NA,NA,,,2020 Summer,2020,Summer,Tokyo,Athletics,"Athletics 4 × 400 metres Relay, Men",NA
1500162,Jan Tesař,M,30,NA,NA,,,2020 Summer,2020,Summer,Tokyo,Athletics,"Athletics 4 × 400 metres Relay, Men",NA
1500163,Lythe Pillay,M,17,NA,NA,,,2020 Summer,2020,Summer,Tokyo,Athletics,"Athletics 4 × 400 metres Relay, Men",NA
1500164,Zakithi Nene,M,22,NA,NA,,,2020 Summer,2020,Summer,Tokyo,Athletics,"Athletics 4 × 400 metres Relay, Men",NA
1500165,Ranti Dikgale,M,33,NA,NA,,,2020 Summer,2020,Summer,Tokyo,Athletics,"Athletics 4 × 400 metres Relay, Men",NA
1500166,Thapelo Phora,M,28,NA,NA,,,2020 Summer,2020,Summer,Tokyo,Athletics,"Athletics 4 × 400 metres Relay, Men",NA
1500167,Wayde van Niekerk,M,28,183.0,70.0,,,2020 Summer,2020,Summer,Tokyo,Athletics,"Athletics 4 × 400 metres Relay, Men",NA
1500168,Marvin Schlegel,M,22,NA,NA,,,2020 Summer,2020,Summer,Tokyo,Athletics,"Athletics 4 × 400 metres Relay, Men",NA
1500169,Luke Campbell,M,25,191.0,78.0,,,2020 Summer,2020,Summer,Tokyo,Athletics,"Athletics 4 × 400 metres Relay, Men",NA
1500170,Jean Paul Bredau,M,21,190.0,82.0,,,2020 Summer,2020,Summer,Tokyo,Athletics,"Athletics 4 × 400 metres Relay, Men",NA
1500171,Manuel Sanders,M,22,NA,NA,,,2020 Summer,2020,Summer,Tokyo,Athletics,"Athletics 4 × 400 metres Relay, Men",NA
1500172,Torben Junker,M,27,187.0,76.0,,,2020 Summer,2020,Summer,Tokyo,Athletics,"Athletics 4 × 400 metres Relay, Men",NA
1500173,Tobias Lange,M,26,184.0,75.0,,,2020 Summer,2020,Summer,Tokyo,Athletics,"Athletics 4 × 400 metres Relay, Men",NA
1500174,Jhon Perlaza,M,25,180.0,62.0,,,2020 Summer,2020,Summer,Tokyo,Athletics,"Athletics 4 × 400 metres Relay, Men",NA
1500175,Diego Palomeque,M,26,176.0,67.0,,,2020 Summer,2020,Summer,Tokyo,Athletics,"Athletics 4 × 400 metres Relay, Men",NA
1500176,Raúl Mena,M,24,NA,NA,,,2020 Summer,2020,Summer,Tokyo,Athletics,"Athletics 4 × 400 metres Relay, Men",NA
1500177,Jhon Alexander Solís,M,27,NA,NA,,,2020 Summer,2020,Summer,Tokyo,Athletics,"Athletics 4 × 400 metres Relay, Men",NA
1500178,Anthony Zambrano,M,22,184.0,72.0,,,2020 Summer,2020,Summer,Tokyo,Athletics,"Athletics 4 × 400 metres Relay, Men",NA
1500179,Briana Williams,F,18,NA,NA,,,2020 Summer,2020,Summer,Tokyo,Athletics,"Athletics 4 × 100 metres Relay, Women",NA
1500180,Elaine Thompson-Herah,F,28,167.0,57.0,,,2020 Summer,2020,Summer,Tokyo,Athletics,"Athletics 4 × 100 metres Relay, Women",NA
1500181,Shelly-Ann Fraser-Pryce,F,33,160.0,57.0,,,2020 Summer,2020,Summer,Tokyo,Athletics,"Athletics 4 × 100 metres Relay, Women",NA
1500182,Shericka Jackson,F,25,173.0,61.0,,,2020 Summer,2020,Summer,Tokyo,Athletics,"Athletics 4 × 100 metres Relay, Women",NA
1500183,Natasha Morrison,F,27,NA,NA,,,2020 Summer,2020,Summer,Tokyo,Athletics,"Athletics 4 × 100 metres Relay, Women",NA
1500184,Remona Burchell,F,28,NA,NA,,,2020 Summer,2020,Summer,Tokyo,Athletics,"Athletics 4 × 100 metres Relay, Women",NA
1500185,Javianne Oliver,F,25,NA,NA,,,2020 Summer,2020,Summer,Tokyo,Athletics,"Athletics 4 × 100 metres Relay, Women",NA
1500186,Teahna Daniels,F,23,NA,NA,,,2020 Summer,2020,Summer,Tokyo,Athletics,"Athletics 4 × 100 metres Relay, Women",NA
1500187,Jenna Prandini,F,27,173.0,60.0,,,2020 Summer,2020,Summer,Tokyo,Athletics,"Athletics 4 × 100 metres Relay, Women",NA
1500188,Gabby Thomas,F,23,NA,NA,,,2020 Summer,2020,Summer,Tokyo,Athletics,"Athletics 4 × 100 metres Relay, Women",NA
1500189,English Gardner,F,28,168.0,55.0,,,2020 Summer,2020,Summer,Tokyo,Athletics,"Athletics 4 × 100 metres Relay, Women",NA
1500190,Aleia Hobbs,F,24,NA,NA,,,2020 Summer,2020,Summer,Tokyo,Athletics,"Athletics 4 × 100 metres Relay, Women",NA
1500191,Asha Philip,F,29,164.0,67.0,,,2020 Summer,2020,Summer,Tokyo,Athletics,"Athletics 4 × 100 metres Relay, Women",NA
1500192,Imani Lansiquot,F,22,NA,NA,,,2020 Summer,2020,Summer,Tokyo,Athletics,"Athletics 4 × 100 metres Relay, Women",NA
1500193,Dina Asher-Smith,F,24,164.0,55.0,,,2020 Summer,2020,Summer,Tokyo,Athletics,"Athletics 4 × 100 metres Relay, Women",NA
1500194,Daryll Neita,F,23,172.0,61.0,,,2020 Summer,2020,Summer,Tokyo,Athletics,"Athletics 4 × 100 metres Relay, Women",NA
1500195,Ashleigh Nelson,F,29,175.0,69.0,,,2020 Summer,2020,Summer,Tokyo,Athletics,"Athletics 4 × 100 metres Relay, Women",NA
1500196,Riccarda Dietsche,F,24,NA,NA,,,2020 Summer,2020,Summer,Tokyo,Athletics,"Athletics 4 × 100 metres Relay, Women",NA
1500197,Ajla del Ponte,F,24,168.0,56.0,,,2020 Summer,2020,Summer,Tokyo,Athletics,"Athletics 4 × 100 metres Relay, Women",NA
1500198,Mujinga Kambundji,F,28,168.0,65.0,,,2020 Summer,2020,Summer,Tokyo,Athletics,"Athletics 4 × 100 metres Relay, Women",NA
1500199,Salomé Kora,F,26,173.0,66.0,,,2020 Summer,2020,Summer,Tokyo,Athletics,"Athletics 4 × 100 metres Relay, Women",NA
1500200,Cynthia Reinle,F,20,NA,NA,,,2020 Summer,2020,Summer,Tokyo,Athletics,"Athletics 4 × 100 metres Relay, Women",NA
1500201,Rebekka Haase,F,27,170.0,58.0,,,2020 Summer,2020,Summer,Tokyo,Athletics,"Athletics 4 × 100 metres Relay, Women",NA
1500202,Alexandra Burghardt,F,26,NA,NA,,,2020 Summer,2020,Summer,Tokyo,Athletics,"Athletics 4 × 100 metres Relay, Women",NA
1500203,Tatjana Pinto,F,28,170.0,56.0,,,2020 Summer,2020,Summer,Tokyo,Athletics,"Athletics 4 × 100 metres Relay, Women",NA
1500204,Gina Lückenkemper,F,23,170.0,56.0,,,2020 Summer,2020,Summer,Tokyo,Athletics,"Athletics 4 × 100 metres Relay, Women",NA
1500205,Lisa Mayer,F,24,171.0,57.0,,,2020 Summer,2020,Summer,Tokyo,Athletics,"Athletics 4 × 100 metres Relay, Women",NA
1500206,Jennifer Montag,F,22,NA,NA,,,2020 Summer,2020,Summer,Tokyo,Athletics,"Athletics 4 × 100 metres Relay, Women",NA
1500207,Lisa Nippgen,F,23,NA,NA,,,2020 Summer,2020,Summer,Tokyo,Athletics,"Athletics 4 × 100 metres Relay, Women",NA
1500208,Liang Xiaojing,F,23,156.0,48.0,,,2020 Summer,2020,Summer,Tokyo,Athletics,"Athletics 4 × 100 metres Relay, Women",NA
1500209,Ge Manqi,F,22,162.0,52.0,,,2020 Summer,2020,Summer,Tokyo,Athletics,"Athletics 4 × 100 metres Relay, Women",NA
1500210,Huang Guifen,F,22,NA,NA,,,2020 Summer,2020,Summer,Tokyo,Athletics,"Athletics 4 × 100 metres Relay, Women",NA
1500211,Wei Yongli,F,28,168.0,58.0,,,2020 Summer,2020,Summer,Tokyo,Athletics,"Athletics 4 × 100 metres Relay, Women",NA
1500212,Li Yuting,F,18,NA,NA,,,2020 Summer,2020,Summer,Tokyo,Athletics,"Athletics 4 × 100 metres Relay, Women",NA
1500213,Carolle Zahi,F,26,NA,NA,,,2020 Summer,2020,Summer,Tokyo,Athletics,"Athletics 4 × 100 metres Relay, Women",NA
1500214,Orlann Ombissa-Dzangue,F,29,NA,NA,,,2020 Summer,2020,Summer,Tokyo,Athletics,"Athletics 4 × 100 metres Relay, Women",NA
1500215,Gémima Joseph,F,18,164.0,54.0,,,2020 Summer,2020,Summer,Tokyo,Athletics,"Athletics 4 × 100 metres Relay, Women",NA
1500216,Cynthia Leduc,F,23,NA,NA,,,2020 Summer,2020,Summer,Tokyo,Athletics,"Athletics 4 × 100 metres Relay, Women",NA
1500217,Eva Berger,F,24,NA,NA,,,2020 Summer,2020,Summer,Tokyo,Athletics,"Athletics 4 × 100 metres Relay, Women",NA
1500218,Maroussia Paré,F,23,NA,NA,,,2020 Summer,2020,Summer,Tokyo,Athletics,"Athletics 4 × 100 metres Relay, Women",NA
1500219,Nadine Visser,F,25,175.0,60.0,,,2020 Summer,2020,Summer,Tokyo,Athletics,"Athletics 4 × 100 metres Relay, Women",NA
1500220,Dafne Schippers,F,28,179.0,70.0,,,2020 Summer,2020,Summer,Tokyo,Athletics,"Athletics 4 × 100 metres Relay, Women",NA
1500221,Marije van Hunenstijn,F,25,NA,NA,,,2020 Summer,2020,Summer,Tokyo,Athletics,"Athletics 4 × 100 metres Relay, Women",NA
1500222,Naomi Sedney,F,25,170.0,65.0,,,2020 Summer,2020,Summer,Tokyo,Athletics,"Athletics 4 × 100 metres Relay, Women",NA
1500223,Jamile Samuel,F,28,168.0,59.0,,,2020 Summer,2020,Summer,Tokyo,Athletics,"Athletics 4 × 100 metres Relay, Women",NA
1500224,Leonie van Vliet,F,27,NA,NA,,,2020 Summer,2020,Summer,Tokyo,Athletics,"Athletics 4 × 100 metres Relay, Women",NA
1500225,Marika Popowicz-Drapała,F,32,164.0,55.0,,,2020 Summer,2020,Summer,Tokyo,Athletics,"Athletics 4 × 100 metres Relay, Women",NA
1500226,Klaudia Adamek,F,21,NA,NA,,,2020 Summer,2020,Summer,Tokyo,Athletics,"Athletics 4 × 100 metres Relay, Women",NA
1500227,Paulina Paluch,F,21,NA,NA,,,2020 Summer,2020,Summer,Tokyo,Athletics,"Athletics 4 × 100 metres Relay, Women",NA
1500228,Pia Skrzyszowska,F,19,NA,NA,,,2020 Summer,2020,Summer,Tokyo,Athletics,"Athletics 4 × 100 metres Relay, Women",NA
1500229,Marlena Gola,F,22,NA,NA,,,2020 Summer,2020,Summer,Tokyo,Athletics,"Athletics 4 × 100 metres Relay, Women",NA
1500230,Paulina Guzowska,F,20,NA,NA,,,2020 Summer,2020,Summer,Tokyo,Athletics,"Athletics 4 × 100 metres Relay, Women",NA
1500231,Bruna Farias,F,28,156.0,51.0,,,2020 Summer,2020,Summer,Tokyo,Athletics,"Athletics 4 × 100 metres Relay, Women",NA
1500232,Ana Claudia Lemos,F,31,158.0,55.0,,,2020 Summer,2020,Summer,Tokyo,Athletics,"Athletics 4 × 100 metres Relay, Women",NA
1500233,Vitória Rosa,F,24,170.0,60.0,,,2020 Summer,2020,Summer,Tokyo,Athletics,"Athletics 4 × 100 metres Relay, Women",NA
1500234,Rosângela Santos,F,29,166.0,64.0,,,2020 Summer,2020,Summer,Tokyo,Athletics,"Athletics 4 × 100 metres Relay, Women",NA
1500235,Ana Carolina Azevedo,F,22,157.0,56.0,,,2020 Summer,2020,Summer,Tokyo,Athletics,"Athletics 4 × 100 metres Relay, Women",NA
1500236,Irene Siragusa,F,27,NA,NA,,,2020 Summer,2020,Summer,Tokyo,Athletics,"Athletics 4 × 100 metres Relay, Women",NA
1500237,Gloria Hooper,F,28,174.0,63.0,,,2020 Summer,2020,Summer,Tokyo,Athletics,"Athletics 4 × 100 metres Relay, Women",NA
1500238,Anna Bongiorni,F,26,NA,NA,,,2020 Summer,2020,Summer,Tokyo,Athletics,"Athletics 4 × 100 metres Relay, Women",NA
1500239,Vittoria Fontana,F,19,NA,NA,,,2020 Summer,2020,Summer,Tokyo,Athletics,"Athletics 4 × 100 metres Relay, Women",NA
1500240,Zaynab Dosso,F,20,NA,NA,,,2020 Summer,2020,Summer,Tokyo,Athletics,"Athletics 4 × 100 metres Relay, Women",NA
1500241,Johanelis Herrera,F,24,NA,NA,,,2020 Summer,2020,Summer,Tokyo,Athletics,"Athletics 4 × 100 metres Relay, Women",NA
1500242,Tobi Amusan,F,23,NA,55.0,,,2020 Summer,2020,Summer,Tokyo,Athletics,"Athletics 4 × 100 metres Relay, Women",NA
1500243,Nzubechi Grace Nwokocha,F,19,NA,NA,,,2020 Summer,2020,Summer,Tokyo,Athletics,"Athletics 4 × 100 metres Relay, Women",NA
1500244,Patience Okon George,F,28,169.0,63.0,,,2020 Summer,2020,Summer,Tokyo,Athletics,"Athletics 4 × 100 metres Relay, Women",NA
1500245,Ese Brume,F,24,167.0,58.0,,,2020 Summer,2020,Summer,Tokyo,Athletics,"Athletics 4 × 100 metres Relay, Women",NA
1500246,Rosemary Chukwuma,F,18,NA,NA,,,2020 Summer,2020,Summer,Tokyo,Athletics,"Athletics 4 × 100 metres Relay, Women",NA
1500247,Favour Ofili,F,17,NA,NA,,,2020 Summer,2020,Summer,Tokyo,Athletics,"Athletics 4 × 100 metres Relay, Women",NA
1500248,Blessing Okagbare,F,31,181.0,71.0,,,2020 Summer,2020,Summer,Tokyo,Athletics,"Athletics 4 × 100 metres Relay, Women",NA
1500249,Knowledge Omovoh,F,19,NA,NA,,,2020 Summer,2020,Summer,Tokyo,Athletics,"Athletics 4 × 100 metres Relay, Women",NA
1500250,Hanae Aoyama,F,17,NA,NA,,,2020 Summer,2020,Summer,Tokyo,Athletics,"Athletics 4 × 100 metres Relay, Women",NA
1500251,Mei Kodama,F,21,NA,NA,,,2020 Summer,2020,Summer,Tokyo,Athletics,"Athletics 4 × 100 metres Relay, Women",NA
1500252,Ami Saito,F,20,NA,NA,,,2020 Summer,2020,Summer,Tokyo,Athletics,"Athletics 4 × 100 metres Relay, Women",NA
1500253,Remi Tsuruta,F,23,NA,NA,,,2020 Summer,2020,Summer,Tokyo,Athletics,"Athletics 4 × 100 metres Relay, Women",NA
1500254,Yu Ishikawa,F,17,NA,NA,,,2020 Summer,2020,Summer,Tokyo,Athletics,"Athletics 4 × 100 metres Relay, Women",NA
1500255,Mathilde Kramer,F,27,NA,NA,,,2020 Summer,2020,Summer,Tokyo,Athletics,"Athletics 4 × 100 metres Relay, Women",NA
1500256,Astrid Glenner-Frandsen,F,27,NA,NA,,,2020 Summer,2020,Summer,Tokyo,Athletics,"Athletics 4 × 100 metres Relay, Women",NA
1500257,Emma Beiter Bomme,F,22,NA,NA,,,2020 Summer,2020,Summer,Tokyo,Athletics,"Athletics 4 × 100 metres Relay, Women",NA
1500258,Ida Karstoft,F,24,NA,NA,,,2020 Summer,2020,Summer,Tokyo,Athletics,"Athletics 4 × 100 metres Relay, Women",NA
1500259,Mette Graversgaard,F,24,NA,NA,,,2020 Summer,2020,Summer,Tokyo,Athletics,"Athletics 4 × 100 metres Relay, Women",NA
1500260,Marizol Landázuri,F,29,165.0,52.0,,,2020 Summer,2020,Summer,Tokyo,Athletics,"Athletics 4 × 100 metres Relay, Women",NA
1500261,Anahí Suárez,F,19,NA,NA,,,2020 Summer,2020,Summer,Tokyo,Athletics,"Athletics 4 × 100 metres Relay, Women",NA
1500262,Yuliana Ángulo,F,26,NA,NA,,,2020 Summer,2020,Summer,Tokyo,Athletics,"Athletics 4 × 100 metres Relay, Women",NA
1500263,Ángela Tenorio,F,24,166.0,55.0,,,2020 Summer,2020,Summer,Tokyo,Athletics,"Athletics 4 × 100 metres Relay, Women",NA
1500264,Virginia Villalba,F,24,NA,NA,,,2020 Summer,2020,Summer,Tokyo,Athletics,"Athletics 4 × 100 metres Relay, Women",NA
1500265,Khalifa St. Fort,F,22,165.0,50.0,,,2020 Summer,2020,Summer,Tokyo,Athletics,"Athletics 4 × 100 metres Relay, Women",NA
1500266,Michelle-Lee Ahye,F,28,160.0,64.0,,,2020 Summer,2020,Summer,Tokyo,Athletics,"Athletics 4 × 100 metres Relay, Women",NA
1500267,Kai Selvon,F,28,165.0,59.0,,,2020 Summer,2020,Summer,Tokyo,Athletics,"Athletics 4 × 100 metres Relay, Women",NA
1500268,Kelly-Ann Baptiste,F,33,167.0,54.0,,,2020 Summer,2020,Summer,Tokyo,Athletics,"Athletics 4 × 100 metres Relay, Women",NA
1500269,Semoy Hackett,F,31,173.0,61.0,,,2020 Summer,2020,Summer,Tokyo,Athletics,"Athletics 4 × 100 metres Relay, Women",NA
1500270,Ayla Stanisclaus,F,20,NA,NA,,,2020 Summer,2020,Summer,Tokyo,Athletics,"Athletics 4 × 100 metres Relay, Women",NA
1500271,Sydney McLaughlin,F,20,175.0,60.0,,,2020 Summer,2020,Summer,Tokyo,Athletics,"Athletics 4 × 400 metres Relay, Women",NA
1500272,Allyson Felix,F,34,168.0,56.0,,,2020 Summer,2020,Summer,Tokyo,Athletics,"Athletics 4 × 400 metres Relay, Women",NA
1500273,Dalilah Muhammad,F,30,173.0,55.0,,,2020 Summer,2020,Summer,Tokyo,Athletics,"Athletics 4 × 400 metres Relay, Women",NA
1500274,Athing Mu,F,18,178.0,56.0,,,2020 Summer,2020,Summer,Tokyo,Athletics,"Athletics 4 × 400 metres Relay, Women",NA
1500275,Kaylin Whitney,F,22,175.0,64.0,,,2020 Summer,2020,Summer,Tokyo,Athletics,"Athletics 4 × 400 metres Relay, Women",NA
1500276,Wadeline Jonathas,F,22,178.0,NA,,,2020 Summer,2020,Summer,Tokyo,Athletics,"Athletics 4 × 400 metres Relay, Women",NA
1500277,Kendall Ellis,F,24,NA,NA,,,2020 Summer,2020,Summer,Tokyo,Athletics,"Athletics 4 × 400 metres Relay, Women",NA
1500278,Lynna Irby,F,21,165.0,NA,,,2020 Summer,2020,Summer,Tokyo,Athletics,"Athletics 4 × 400 metres Relay, Women",NA
1500279,Quanera Hayes,F,28,NA,NA,,,2020 Summer,2020,Summer,Tokyo,Athletics,"Athletics 4 × 400 metres Relay, Women",NA
1500280,Natalia Kaczmarek,F,22,NA,NA,,,2020 Summer,2020,Summer,Tokyo,Athletics,"Athletics 4 × 400 metres Relay, Women",NA
1500281,Iga Baumgart-Witan,F,31,178.0,58.0,,,2020 Summer,2020,Summer,Tokyo,Athletics,"Athletics 4 × 400 metres Relay, Women",NA
1500282,Małgorzata Hołub-Kowalik,F,27,168.0,57.0,,,2020 Summer,2020,Summer,Tokyo,Athletics,"Athletics 4 × 400 metres Relay, Women",NA
1500283,Justyna Święty-Ersetic,F,27,165.0,57.0,,,2020 Summer,2020,Summer,Tokyo,Athletics,"Athletics 4 × 400 metres Relay, Women",NA
1500284,Anna Kiełbasińska,F,30,170.0,59.0,,,2020 Summer,2020,Summer,Tokyo,Athletics,"Athletics 4 × 400 metres Relay, Women",NA
1500285,Roneisha McGregor,F,22,NA,NA,,,2020 Summer,2020,Summer,Tokyo,Athletics,"Athletics 4 × 400 metres Relay, Women",NA
1500286,Janieve Russell,F,26,175.0,64.0,,,2020 Summer,2020,Summer,Tokyo,Athletics,"Athletics 4 × 400 metres Relay, Women",NA
1500287,Shericka Jackson,F,25,173.0,61.0,,,2020 Summer,2020,Summer,Tokyo,Athletics,"Athletics 4 × 400 metres Relay, Women",NA
1500288,Candice McLeod,F,23,NA,NA,,,2020 Summer,2020,Summer,Tokyo,Athletics,"Athletics 4 × 400 metres Relay, Women",NA
1500289,Junelle Bromfield,F,22,NA,NA,,,2020 Summer,2020,Summer,Tokyo,Athletics,"Athletics 4 × 400 metres Relay, Women",NA
1500290,Stacey-Ann Williams,F,21,NA,NA,,,2020 Summer,2020,Summer,Tokyo,Athletics,"Athletics 4 × 400 metres Relay, Women",NA
1500291,Tovea Jenkins,F,27,NA,NA,,,2020 Summer,2020,Summer,Tokyo,Athletics,"Athletics 4 × 400 metres Relay, Women",NA
1500292,Stephenie McPherson,F,31,173.0,57.0,,,2020 Summer,2020,Summer,Tokyo,Athletics,"Athletics 4 × 400 metres Relay, Women",NA
1500293,Alicia Brown,F,30,165.0,57.0,,,2020 Summer,2020,Summer,Tokyo,Athletics,"Athletics 4 × 400 metres Relay, Women",NA
1500294,Maddy Price,F,24,NA,NA,,,2020 Summer,2020,Summer,Tokyo,Athletics,"Athletics 4 × 400 metres Relay, Women",NA
1500295,Kyra Constantine,F,21,175.0,63.0,,,2020 Summer,2020,Summer,Tokyo,Athletics,"Athletics 4 × 400 metres Relay, Women",NA
1500296,Sage Watson,F,26,180.0,57.0,,,2020 Summer,2020,Summer,Tokyo,Athletics,"Athletics 4 × 400 metres Relay, Women",NA
1500297,Lauren Gale,F,20,NA,NA,,,2020 Summer,2020,Summer,Tokyo,Athletics,"Athletics 4 × 400 metres Relay, Women",NA
1500298,Natassha McDonald,F,23,NA,NA,,,2020 Summer,2020,Summer,Tokyo,Athletics,"Athletics 4 × 400 metres Relay, Women",NA
1500299,Ama Pipi,F,24,NA,NA,,,2020 Summer,2020,Summer,Tokyo,Athletics,"Athletics 4 × 400 metres Relay, Women",NA
1500300,Jodie Williams,F,26,174.0,60.0,,,2020 Summer,2020,Summer,Tokyo,Athletics,"Athletics 4 × 400 metres Relay, Women",NA
1500301,Emily Diamond,F,29,173.0,58.0,,,2020 Summer,2020,Summer,Tokyo,Athletics,"Athletics 4 × 400 metres Relay, Women",NA
1500302,Nicole Yeargin,F,22,NA,NA,,,2020 Summer,2020,Summer,Tokyo,Athletics,"Athletics 4 × 400 metres Relay, Women",NA
1500303,Zoey Clark,F,25,165.0,NA,,,2020 Summer,2020,Summer,Tokyo,Athletics,"Athletics 4 × 400 metres Relay, Women",NA
1500304,Laviai Nielsen,F,24,NA,NA,,,2020 Summer,2020,Summer,Tokyo,Athletics,"Athletics 4 × 400 metres Relay, Women",NA
1500305,Hannah Williams,F,22,NA,NA,,,2020 Summer,2020,Summer,Tokyo,Athletics,"Athletics 4 × 400 metres Relay, Women",NA
1500306,Lieke Klaver,F,21,NA,NA,,,2020 Summer,2020,Summer,Tokyo,Athletics,"Athletics 4 × 400 metres Relay, Women",NA
1500307,Lisanne de Witte,F,27,175.0,60.0,,,2020 Summer,2020,Summer,Tokyo,Athletics,"Athletics 4 × 400 metres Relay, Women",NA
1500308,Laura de Witte,F,24,173.0,61.0,,,2020 Summer,2020,Summer,Tokyo,Athletics,"Athletics 4 × 400 metres Relay, Women",NA
1500309,Femke Bol,F,20,NA,NA,,,2020 Summer,2020,Summer,Tokyo,Athletics,"Athletics 4 × 400 metres Relay, Women",NA
1500310,Andrea Bouma,F,20,NA,NA,,,2020 Summer,2020,Summer,Tokyo,Athletics,"Athletics 4 × 400 metres Relay, Women",NA
1500311,Hanneke Oosterwegel,F,23,NA,NA,,,2020 Summer,2020,Summer,Tokyo,Athletics,"Athletics 4 × 400 metres Relay, Women",NA
1500312,Anne van de Wiel,F,23,NA,NA,,,2020 Summer,2020,Summer,Tokyo,Athletics,"Athletics 4 × 400 metres Relay, Women",NA
1500313,Naomi van den Broeck,F,24,NA,NA,,,2020 Summer,2020,Summer,Tokyo,Athletics,"Athletics 4 × 400 metres Relay, Women",NA
1500314,Imke Vervaet,F,27,NA,NA,,,2020 Summer,2020,Summer,Tokyo,Athletics,"Athletics 4 × 400 metres Relay, Women",NA
1500315,Paulien Couckuyt,F,23,NA,NA,,,2020 Summer,2020,Summer,Tokyo,Athletics,"Athletics 4 × 400 metres Relay, Women",NA
1500316,Camille Laus,F,27,NA,NA,,,2020 Summer,2020,Summer,Tokyo,Athletics,"Athletics 4 × 400 metres Relay, Women",NA
1500317,Cynthia Bolingo,F,27,165.0,53.0,,,2020 Summer,2020,Summer,Tokyo,Athletics,"Athletics 4 × 400 metres Relay, Women",NA
1500318,Zurian Hechavarría,F,24,164.0,58.0,,,2020 Summer,2020,Summer,Tokyo,Athletics,"Athletics 4 × 400 metres Relay, Women",NA
1500319,Rose Almanza,F,28,165.0,53.0,,,2020 Summer,2020,Summer,Tokyo,Athletics,"Athletics 4 × 400 metres Relay, Women",NA
1500320,Sahily Diago,F,24,169.0,49.0,,,2020 Summer,2020,Summer,Tokyo,Athletics,"Athletics 4 × 400 metres Relay, Women",NA
1500321,Lisneidy Veitía,F,26,168.0,58.0,,,2020 Summer,2020,Summer,Tokyo,Athletics,"Athletics 4 × 400 metres Relay, Women",NA
1500322,Roxana Gómez,F,21,169.0,49.0,,,2020 Summer,2020,Summer,Tokyo,Athletics,"Athletics 4 × 400 metres Relay, Women",NA
1500323,Corinna Schwab,F,21,NA,NA,,,2020 Summer,2020,Summer,Tokyo,Athletics,"Athletics 4 × 400 metres Relay, Women",NA
1500324,Carolina Krafzik,F,25,165.0,52.0,,,2020 Summer,2020,Summer,Tokyo,Athletics,"Athletics 4 × 400 metres Relay, Women",NA
1500325,Laura Müller,F,24,172.0,58.0,,,2020 Summer,2020,Summer,Tokyo,Athletics,"Athletics 4 × 400 metres Relay, Women",NA
1500326,Ruth Spelmeyer-Preuß,F,29,173.0,59.0,,,2020 Summer,2020,Summer,Tokyo,Athletics,"Athletics 4 × 400 metres Relay, Women",NA
1500327,Nadine Gonska,F,30,168.0,58.0,,,2020 Summer,2020,Summer,Tokyo,Athletics,"Athletics 4 × 400 metres Relay, Women",NA
1500328,Sokhna Lacoste,F,19,NA,NA,,,2020 Summer,2020,Summer,Tokyo,Athletics,"Athletics 4 × 400 metres Relay, Women",NA
1500329,Amandine Brossier,F,24,NA,NA,,,2020 Summer,2020,Summer,Tokyo,Athletics,"Athletics 4 × 400 metres Relay, Women",NA
1500330,Brigitte Ntiamoah,F,26,172.0,66.0,,,2020 Summer,2020,Summer,Tokyo,Athletics,"Athletics 4 × 400 metres Relay, Women",NA
1500331,Floria Gueï,F,30,166.0,53.0,,,2020 Summer,2020,Summer,Tokyo,Athletics,"Athletics 4 × 400 metres Relay, Women",NA
1500332,Diana Iscaye,F,22,NA,NA,,,2020 Summer,2020,Summer,Tokyo,Athletics,"Athletics 4 × 400 metres Relay, Women",NA
1500333,Lea Sprunger,F,30,183.0,69.0,,,2020 Summer,2020,Summer,Tokyo,Athletics,"Athletics 4 × 400 metres Relay, Women",NA
1500334,Silke Lemmens,F,20,NA,NA,,,2020 Summer,2020,Summer,Tokyo,Athletics,"Athletics 4 × 400 metres Relay, Women",NA
1500335,Rachel Pellaud,F,25,NA,NA,,,2020 Summer,2020,Summer,Tokyo,Athletics,"Athletics 4 × 400 metres Relay, Women",NA
1500336,Yasmin Giger,F,20,NA,NA,,,2020 Summer,2020,Summer,Tokyo,Athletics,"Athletics 4 × 400 metres Relay, Women",NA
1500337,Annina Fahr,F,27,NA,NA,,,2020 Summer,2020,Summer,Tokyo,Athletics,"Athletics 4 × 400 metres Relay, Women",NA
1500338,Sarah King,F,24,NA,NA,,,2020 Summer,2020,Summer,Tokyo,Athletics,"Athletics 4 × 400 metres Relay, Women",NA
1500339,Kateryna Klymiuk,F,25,NA,NA,,,2020 Summer,2020,Summer,Tokyo,Athletics,"Athletics 4 × 400 metres Relay, Women",NA
1500340,Alina Lohvynenko,F,29,180.0,67.0,,,2020 Summer,2020,Summer,Tokyo,Athletics,"Athletics 4 × 400 metres Relay, Women",NA
1500341,Viktoriya Tkachuk,F,25,178.0,67.0,,,2020 Summer,2020,Summer,Tokyo,Athletics,"Athletics 4 × 400 metres Relay, Women",NA
1500342,Hanna Ryzhkova,F,30,176.0,57.0,,,2020 Summer,2020,Summer,Tokyo,Athletics,"Athletics 4 × 400 metres Relay, Women",NA
1500343,Anastasiya Bryzhina,F,22,NA,NA,,,2020 Summer,2020,Summer,Tokyo,Athletics,"Athletics 4 × 400 metres Relay, Women",NA
1500344,Yana Kachur,F,23,173.0,NA,,,2020 Summer,2020,Summer,Tokyo,Athletics,"Athletics 4 × 400 metres Relay, Women",NA
1500345,Tetiana Melnyk,F,25,185.0,63.0,,,2020 Summer,2020,Summer,Tokyo,Athletics,"Athletics 4 × 400 metres Relay, Women",NA
1500346,Nataliya Pyrozhenko-Chornomaz,F,23,172.0,NA,,,2020 Summer,2020,Summer,Tokyo,Athletics,"Athletics 4 × 400 metres Relay, Women",NA
1500347,Bendere Oboya,F,20,NA,NA,,,2020 Summer,2020,Summer,Tokyo,Athletics,"Athletics 4 × 400 metres Relay, Women",NA
1500348,Kendra Hubbard,F,30,NA,NA,,,2020 Summer,2020,Summer,Tokyo,Athletics,"Athletics 4 × 400 metres Relay, Women",NA
1500349,Ellie Beer,F,17,NA,NA,,,2020 Summer,2020,Summer,Tokyo,Athletics,"Athletics 4 × 400 metres Relay, Women",NA
1500350,Annie Rubie-Renshaw,F,28,171.0,58.0,,,2020 Summer,2020,Summer,Tokyo,Athletics,"Athletics 4 × 400 metres Relay, Women",NA
1500351,Angeline Blackburn,F,30,NA,NA,,,2020 Summer,2020,Summer,Tokyo,Athletics,"Athletics 4 × 400 metres Relay, Women",NA
1500352,Maria Benedicta Chigbolu,F,30,172.0,55.0,,,2020 Summer,2020,Summer,Tokyo,Athletics,"Athletics 4 × 400 metres Relay, Women",NA
1500353,Alice Mangione,F,23,NA,NA,,,2020 Summer,2020,Summer,Tokyo,Athletics,"Athletics 4 × 400 metres Relay, Women",NA
1500354,Petra Nardelli,F,24,179.0,NA,,,2020 Summer,2020,Summer,Tokyo,Athletics,"Athletics 4 × 400 metres Relay, Women",NA
1500355,Rebecca Borga,F,22,NA,NA,,,2020 Summer,2020,Summer,Tokyo,Athletics,"Athletics 4 × 400 metres Relay, Women",NA
1500356,Ayomide Folorunso,F,23,170.0,55.0,,,2020 Summer,2020,Summer,Tokyo,Athletics,"Athletics 4 × 400 metres Relay, Women",NA
1500357,Raphaela Lukudo,F,25,NA,NA,,,2020 Summer,2020,Summer,Tokyo,Athletics,"Athletics 4 × 400 metres Relay, Women",NA
1500358,Anna Polinari,F,21,NA,NA,,,2020 Summer,2020,Summer,Tokyo,Athletics,"Athletics 4 × 400 metres Relay, Women",NA
1500359,Aliaksandra Khilmanovich,F,23,169.0,58.0,,,2020 Summer,2020,Summer,Tokyo,Athletics,"Athletics 4 × 400 metres Relay, Women",NA
1500360,Yuliya Bliznets,F,25,177.0,67.0,,,2020 Summer,2020,Summer,Tokyo,Athletics,"Athletics 4 × 400 metres Relay, Women",NA
1500361,Elvira Herman,F,23,NA,NA,,,2020 Summer,2020,Summer,Tokyo,Athletics,"Athletics 4 × 400 metres Relay, Women",NA
1500362,Asteria Limai,F,18,173.0,57.0,,,2020 Summer,2020,Summer,Tokyo,Athletics,"Athletics 4 × 400 metres Relay, Women",NA
1500363,Hanna Mikhailava,F,22,166.0,55.0,,,2020 Summer,2020,Summer,Tokyo,Athletics,"Athletics 4 × 400 metres Relay, Women",NA
1500364,Krystsina Muliarchyk,F,22,178.0,68.0,,,2020 Summer,2020,Summer,Tokyo,Athletics,"Athletics 4 × 400 metres Relay, Women",NA
1500365,Doneisha Anderson,F,19,NA,NA,,,2020 Summer,2020,Summer,Tokyo,Athletics,"Athletics 4 × 400 metres Relay, Women",NA
1500366,Megan Moss,F,18,NA,NA,,,2020 Summer,2020,Summer,Tokyo,Athletics,"Athletics 4 × 400 metres Relay, Women",NA
1500367,Brianne Bethel,F,22,NA,NA,,,2020 Summer,2020,Summer,Tokyo,Athletics,"Athletics 4 × 400 metres Relay, Women",NA
1500368,Anthonique Strachan,F,26,168.0,57.0,,,2020 Summer,2020,Summer,Tokyo,Athletics,"Athletics 4 × 400 metres Relay, Women",NA
1500369,Lacarthea Cooper,F,16,NA,NA,,,2020 Summer,2020,Summer,Tokyo,Athletics,"Athletics 4 × 400 metres Relay, Women",NA
1500370,Karol Zalewski,M,26,189.0,96.0,,,2020 Summer,2020,Summer,Tokyo,Athletics,"Athletics 4 × 400 metres Relay, Mixed",NA
1500371,Natalia Kaczmarek,F,22,NA,NA,,,2020 Summer,2020,Summer,Tokyo,Athletics,"Athletics 4 × 400 metres Relay, Mixed",NA
1500372,Justyna Święty-Ersetic,F,27,165.0,57.0,,,2020 Summer,2020,Summer,Tokyo,Athletics,"Athletics 4 × 400 metres Relay, Mixed",NA
1500373,Kajetan Duszyński,M,25,NA,NA,,,2020 Summer,2020,Summer,Tokyo,Athletics,"Athletics 4 × 400 metres Relay, Mixed",NA
1500374,Dariusz Kowaluk,M,24,NA,NA,,,2020 Summer,2020,Summer,Tokyo,Athletics,"Athletics 4 × 400 metres Relay, Mixed",NA
1500375,Iga Baumgart-Witan,F,31,178.0,58.0,,,2020 Summer,2020,Summer,Tokyo,Athletics,"Athletics 4 × 400 metres Relay, Mixed",NA
1500376,Małgorzata Hołub-Kowalik,F,27,168.0,57.0,,,2020 Summer,2020,Summer,Tokyo,Athletics,"Athletics 4 × 400 metres Relay, Mixed",NA
1500377,Dominika Baćmaga,F,24,NA,NA,,,2020 Summer,2020,Summer,Tokyo,Athletics,"Athletics 4 × 400 metres Relay, Mixed",NA
1500378,Kornelia Lesiewicz,F,16,NA,NA,,,2020 Summer,2020,Summer,Tokyo,Athletics,"Athletics 4 × 400 metres Relay, Mixed",NA
1500379,Patryk Grzegorzewicz,M,18,NA,NA,,,2020 Summer,2020,Summer,Tokyo,Athletics,"Athletics 4 × 400 metres Relay, Mixed",NA
1500380,Jakub Krzewina,M,30,182.0,79.0,,,2020 Summer,2020,Summer,Tokyo,Athletics,"Athletics 4 × 400 metres Relay, Mixed",NA
1500381,Lidio Féliz,M,23,NA,NA,,,2020 Summer,2020,Summer,Tokyo,Athletics,"Athletics 4 × 400 metres Relay, Mixed",NA
1500382,Marileidy Paulino,F,23,NA,NA,,,2020 Summer,2020,Summer,Tokyo,Athletics,"Athletics 4 × 400 metres Relay, Mixed",NA
1500383,Anabel Medina,F,23,NA,NA,,,2020 Summer,2020,Summer,Tokyo,Athletics,"Athletics 4 × 400 metres Relay, Mixed",NA
1500384,Alexander Ogando,M,20,NA,NA,,,2020 Summer,2020,Summer,Tokyo,Athletics,"Athletics 4 × 400 metres Relay, Mixed",NA
1500385,Luguelín Santos,M,27,173.0,58.0,,,2020 Summer,2020,Summer,Tokyo,Athletics,"Athletics 4 × 400 metres Relay, Mixed",NA
1500386,Trevor Stewart,M,23,NA,NA,,,2020 Summer,2020,Summer,Tokyo,Athletics,"Athletics 4 × 400 metres Relay, Mixed",NA
1500387,Kendall Ellis,F,24,NA,NA,,,2020 Summer,2020,Summer,Tokyo,Athletics,"Athletics 4 × 400 metres Relay, Mixed",NA
1500388,Kaylin Whitney,F,22,175.0,64.0,,,2020 Summer,2020,Summer,Tokyo,Athletics,"Athletics 4 × 400 metres Relay, Mixed",NA
1500389,Vernon Norwood,M,28,188.0,73.0,,,2020 Summer,2020,Summer,Tokyo,Athletics,"Athletics 4 × 400 metres Relay, Mixed",NA
1500390,Elija Godwin,M,21,NA,NA,,,2020 Summer,2020,Summer,Tokyo,Athletics,"Athletics 4 × 400 metres Relay, Mixed",NA
1500391,Lynna Irby,F,21,165.0,NA,,,2020 Summer,2020,Summer,Tokyo,Athletics,"Athletics 4 × 400 metres Relay, Mixed",NA
1500392,Taylor Manson,F,20,NA,NA,,,2020 Summer,2020,Summer,Tokyo,Athletics,"Athletics 4 × 400 metres Relay, Mixed",NA
1500393,Bryce Deadmon,M,23,NA,NA,,,2020 Summer,2020,Summer,Tokyo,Athletics,"Athletics 4 × 400 metres Relay, Mixed",NA
1500394,Liemarvin Bonevacia,M,31,185.0,74.0,,,2020 Summer,2020,Summer,Tokyo,Athletics,"Athletics 4 × 400 metres Relay, Mixed",NA
1500395,Lieke Klaver,F,21,NA,NA,,,2020 Summer,2020,Summer,Tokyo,Athletics,"Athletics 4 × 400 metres Relay, Mixed",NA
1500396,Femke Bol,F,20,NA,NA,,,2020 Summer,2020,Summer,Tokyo,Athletics,"Athletics 4 × 400 metres Relay, Mixed",NA
1500397,Ramsey Angela,M,20,NA,NA,,,2020 Summer,2020,Summer,Tokyo,Athletics,"Athletics 4 × 400 metres Relay, Mixed",NA
1500398,Jochem Dobber,M,23,NA,NA,,,2020 Summer,2020,Summer,Tokyo,Athletics,"Athletics 4 × 400 metres Relay, Mixed",NA
1500399,Lisanne de Witte,F,27,175.0,60.0,,,2020 Summer,2020,Summer,Tokyo,Athletics,"Athletics 4 × 400 metres Relay, Mixed",NA
1500400,Laura de Witte,F,24,173.0,61.0,,,2020 Summer,2020,Summer,Tokyo,Athletics,"Athletics 4 × 400 metres Relay, Mixed",NA
1500401,Hanneke Oosterwegel,F,23,NA,NA,,,2020 Summer,2020,Summer,Tokyo,Athletics,"Athletics 4 × 400 metres Relay, Mixed",NA
1500402,Nout Wardenburg,M,23,NA,NA,,,2020 Summer,2020,Summer,Tokyo,Athletics,"Athletics 4 × 400 metres Relay, Mixed",NA
1500403,Dylan Borlée,M,27,190.0,78.0,,,2020 Summer,2020,Summer,Tokyo,Athletics,"Athletics 4 × 400 metres Relay, Mixed",NA
1500404,Imke Vervaet,F,27,NA,NA,,,2020 Summer,2020,Summer,Tokyo,Athletics,"Athletics 4 × 400 metres Relay, Mixed",NA
1500405,Camille Laus,F,27,NA,NA,,,2020 Summer,2020,Summer,Tokyo,Athletics,"Athletics 4 × 400 metres Relay, Mixed",NA
1500406,Kévin Borlée,M,32,180.0,67.0,,,2020 Summer,2020,Summer,Tokyo,Athletics,"Athletics 4 × 400 metres Relay, Mixed",NA
1500407,Alexander Doom,M,23,NA,NA,,,2020 Summer,2020,Summer,Tokyo,Athletics,"Athletics 4 × 400 metres Relay, Mixed",NA
1500408,Jonathan Borlée,M,32,180.0,69.0,,,2020 Summer,2020,Summer,Tokyo,Athletics,"Athletics 4 × 400 metres Relay, Mixed",NA
1500409,Niclas Baker,M,25,NA,NA,,,2020 Summer,2020,Summer,Tokyo,Athletics,"Athletics 4 × 400 metres Relay, Mixed",NA
1500410,Nicole Yeargin,F,22,NA,NA,,,2020 Summer,2020,Summer,Tokyo,Athletics,"Athletics 4 × 400 metres Relay, Mixed",NA
1500411,Emily Diamond,F,29,173.0,58.0,,,2020 Summer,2020,Summer,Tokyo,Athletics,"Athletics 4 × 400 metres Relay, Mixed",NA
1500412,Cameron Chalmers,M,23,188.0,NA,,,2020 Summer,2020,Summer,Tokyo,Athletics,"Athletics 4 × 400 metres Relay, Mixed",NA
1500413,Zoey Clark,F,25,165.0,NA,,,2020 Summer,2020,Summer,Tokyo,Athletics,"Athletics 4 × 400 metres Relay, Mixed",NA
1500414,Lee Thompson,M,23,193.0,NA,,,2020 Summer,2020,Summer,Tokyo,Athletics,"Athletics 4 × 400 metres Relay, Mixed",NA
1500415,Joe Brier,M,21,NA,NA,,,2020 Summer,2020,Summer,Tokyo,Athletics,"Athletics 4 × 400 metres Relay, Mixed",NA
1500416,Sean Bailey,M,23,NA,NA,,,2020 Summer,2020,Summer,Tokyo,Athletics,"Athletics 4 × 400 metres Relay, Mixed",NA
1500417,Stacey-Ann Williams,F,21,NA,NA,,,2020 Summer,2020,Summer,Tokyo,Athletics,"Athletics 4 × 400 metres Relay, Mixed",NA
1500418,Tovea Jenkins,F,27,NA,NA,,,2020 Summer,2020,Summer,Tokyo,Athletics,"Athletics 4 × 400 metres Relay, Mixed",NA
1500419,Karayme Bartley,M,24,NA,NA,,,2020 Summer,2020,Summer,Tokyo,Athletics,"Athletics 4 × 400 metres Relay, Mixed",NA
1500420,Junelle Bromfield,F,22,NA,NA,,,2020 Summer,2020,Summer,Tokyo,Athletics,"Athletics 4 × 400 metres Relay, Mixed",NA
1500421,Tiffany James,F,23,NA,NA,,,2020 Summer,2020,Summer,Tokyo,Athletics,"Athletics 4 × 400 metres Relay, Mixed",NA
1500422,Javeir Brown,M,18,NA,NA,,,2020 Summer,2020,Summer,Tokyo,Athletics,"Athletics 4 × 400 metres Relay, Mixed",NA
1500423,Rusheen McDonald,M,27,175.0,81.0,,,2020 Summer,2020,Summer,Tokyo,Athletics,"Athletics 4 × 400 metres Relay, Mixed",NA
1500424,Cillin Greene,M,22,NA,NA,,,2020 Summer,2020,Summer,Tokyo,Athletics,"Athletics 4 × 400 metres Relay, Mixed",NA
1500425,Phil Healy,F,25,NA,NA,,,2020 Summer,2020,Summer,Tokyo,Athletics,"Athletics 4 × 400 metres Relay, Mixed",NA
1500426,Sophie Becker,F,23,NA,NA,,,2020 Summer,2020,Summer,Tokyo,Athletics,"Athletics 4 × 400 metres Relay, Mixed",NA
1500427,Chris O'Donnell,M,22,NA,NA,,,2020 Summer,2020,Summer,Tokyo,Athletics,"Athletics 4 × 400 metres Relay, Mixed",NA
1500428,Marvin Schlegel,M,22,NA,NA,,,2020 Summer,2020,Summer,Tokyo,Athletics,"Athletics 4 × 400 metres Relay, Mixed",NA
1500429,Corinna Schwab,F,21,NA,NA,,,2020 Summer,2020,Summer,Tokyo,Athletics,"Athletics 4 × 400 metres Relay, Mixed",NA
1500430,Nadine Gonska,F,30,168.0,58.0,,,2020 Summer,2020,Summer,Tokyo,Athletics,"Athletics 4 × 400 metres Relay, Mixed",NA
1500431,Manuel Sanders,M,22,NA,NA,,,2020 Summer,2020,Summer,Tokyo,Athletics,"Athletics 4 × 400 metres Relay, Mixed",NA
1500432,Ruth Spelmeyer-Preuß,F,29,173.0,59.0,,,2020 Summer,2020,Summer,Tokyo,Athletics,"Athletics 4 × 400 metres Relay, Mixed",NA
1500433,Hannah Mergenthaler,F,23,NA,NA,,,2020 Summer,2020,Summer,Tokyo,Athletics,"Athletics 4 × 400 metres Relay, Mixed",NA
1500434,Alica Schmidt,F,21,NA,NA,,,2020 Summer,2020,Summer,Tokyo,Athletics,"Athletics 4 × 400 metres Relay, Mixed",NA
1500435,Marc Koch,M,26,NA,NA,,,2020 Summer,2020,Summer,Tokyo,Athletics,"Athletics 4 × 400 metres Relay, Mixed",NA
1500436,Samuel García,M,28,196.0,90.0,,,2020 Summer,2020,Summer,Tokyo,Athletics,"Athletics 4 × 400 metres Relay, Mixed",NA
1500437,Laura Bueno,F,27,172.0,62.0,,,2020 Summer,2020,Summer,Tokyo,Athletics,"Athletics 4 × 400 metres Relay, Mixed",NA
1500438,Aauri Bokesa,F,31,180.0,62.0,,,2020 Summer,2020,Summer,Tokyo,Athletics,"Athletics 4 × 400 metres Relay, Mixed",NA
1500439,Bernat Erta,M,19,183.0,65.0,,,2020 Summer,2020,Summer,Tokyo,Athletics,"Athletics 4 × 400 metres Relay, Mixed",NA
1500440,Sara Gallego,F,19,164.0,52.0,,,2020 Summer,2020,Summer,Tokyo,Athletics,"Athletics 4 × 400 metres Relay, Mixed",NA
1500441,Edoardo Scotti,M,20,NA,NA,,,2020 Summer,2020,Summer,Tokyo,Athletics,"Athletics 4 × 400 metres Relay, Mixed",NA
1500442,Alice Mangione,F,23,NA,NA,,,2020 Summer,2020,Summer,Tokyo,Athletics,"Athletics 4 × 400 metres Relay, Mixed",NA
1500443,Rebecca Borga,F,22,NA,NA,,,2020 Summer,2020,Summer,Tokyo,Athletics,"Athletics 4 × 400 metres Relay, Mixed",NA
1500444,Vladimir Aceti,M,21,NA,NA,,,2020 Summer,2020,Summer,Tokyo,Athletics,"Athletics 4 × 400 metres Relay, Mixed",NA
1500445,Giancarla Trevisan,F,27,NA,NA,,,2020 Summer,2020,Summer,Tokyo,Athletics,"Athletics 4 × 400 metres Relay, Mixed",NA
1500446,Brayan Lopez,M,23,NA,NA,,,2020 Summer,2020,Summer,Tokyo,Athletics,"Athletics 4 × 400 metres Relay, Mixed",NA
1500447,Emmanuel Ojeli,M,21,NA,NA,,,2020 Summer,2020,Summer,Tokyo,Athletics,"Athletics 4 × 400 metres Relay, Mixed",NA
1500448,Imaobong Nse Uko,F,16,NA,NA,,,2020 Summer,2020,Summer,Tokyo,Athletics,"Athletics 4 × 400 metres Relay, Mixed",NA
1500449,Samson Nathaniel,M,22,NA,NA,,,2020 Summer,2020,Summer,Tokyo,Athletics,"Athletics 4 × 400 metres Relay, Mixed",NA
1500450,Patience Okon George,F,28,169.0,63.0,,,2020 Summer,2020,Summer,Tokyo,Athletics,"Athletics 4 × 400 metres Relay, Mixed",NA
1500451,Glory Patrick,F,19,NA,NA,,,2020 Summer,2020,Summer,Tokyo,Athletics,"Athletics 4 × 400 metres Relay, Mixed",NA
1500452,Chidi Okezie,M,26,NA,NA,,,2020 Summer,2020,Summer,Tokyo,Athletics,"Athletics 4 × 400 metres Relay, Mixed",NA
1500453,Mykyta Barabanov,M,19,NA,NA,,,2020 Summer,2020,Summer,Tokyo,Athletics,"Athletics 4 × 400 metres Relay, Mixed",NA
1500454,Kateryna Klymiuk,F,25,NA,NA,,,2020 Summer,2020,Summer,Tokyo,Athletics,"Athletics 4 × 400 metres Relay, Mixed",NA
1500455,Alina Lohvynenko,F,29,180.0,67.0,,,2020 Summer,2020,Summer,Tokyo,Athletics,"Athletics 4 × 400 metres Relay, Mixed",NA
1500456,Oleksandr Pohorilko,M,20,NA,NA,,,2020 Summer,2020,Summer,Tokyo,Athletics,"Athletics 4 × 400 metres Relay, Mixed",NA
1500457,Pedro Burmann,M,28,180.0,83.0,,,2020 Summer,2020,Summer,Tokyo,Athletics,"Athletics 4 × 400 metres Relay, Mixed",NA
1500458,Tiffani Marinho,F,21,167.0,59.0,,,2020 Summer,2020,Summer,Tokyo,Athletics,"Athletics 4 × 400 metres Relay, Mixed",NA
1500459,Tábata Vitorino,F,24,172.0,61.0,,,2020 Summer,2020,Summer,Tokyo,Athletics,"Athletics 4 × 400 metres Relay, Mixed",NA
1500460,Anderson Henriques,M,28,180.0,81.0,,,2020 Summer,2020,Summer,Tokyo,Athletics,"Athletics 4 × 400 metres Relay, Mixed",NA
1500461,Mohammad Anas Yahiya,M,25,177.0,69.0,,,2020 Summer,2020,Summer,Tokyo,Athletics,"Athletics 4 × 400 metres Relay, Mixed",NA
1500462,Revathi Veeramani,F,22,NA,NA,,,2020 Summer,2020,Summer,Tokyo,Athletics,"Athletics 4 × 400 metres Relay, Mixed",NA
1500463,Subha Venkatesan,F,20,170.0,NA,,,2020 Summer,2020,Summer,Tokyo,Athletics,"Athletics 4 × 400 metres Relay, Mixed",NA
1500464,Arokia Rajiv,M,29,175.0,65.0,,,2020 Summer,2020,Summer,Tokyo,Athletics,"Athletics 4 × 400 metres Relay, Mixed",NA
1500465,Alex Antony,M,25,NA,NA,,,2020 Summer,2020,Summer,Tokyo,Athletics,"Athletics 4 × 400 metres Relay, Mixed",NA
1500466,Sarthak Bhambri,M,21,NA,NA,,,2020 Summer,2020,Summer,Tokyo,Athletics,"Athletics 4 × 400 metres Relay, Mixed",NA
1500467,Aaron Brown,M,32,198.0,79.0,,,2024 Summer,2024,Summer,Paris,Athletics,"Athletics 4 × 100 metres Relay, Men",NA
1500468,Jerome Blake,M,28,NA,NA,,,2024 Summer,2024,Summer,Paris,Athletics,"Athletics 4 × 100 metres Relay, Men",NA
1500469,Brendon Rodney,M,32,195.0,80.0,,,2024 Summer,2024,Summer,Paris,Athletics,"Athletics 4 × 100 metres Relay, Men",NA
1500470,Andre De Grasse,M,29,176.0,70.0,,,2024 Summer,2024,Summer,Paris,Athletics,"Athletics 4 × 100 metres Relay, Men",NA
1500471,Bayanda Walaza,M,18,NA,NA,,,2024 Summer,2024,Summer,Paris,Athletics,"Athletics 4 × 100 metres Relay, Men",NA
1500472,Shaun Maswanganyi,M,23,NA,NA,,,2024 Summer,2024,Summer,Paris,Athletics,"Athletics 4 × 100 metres Relay, Men",NA
1500473,Bradley Nkoana,M,19,NA,NA,,,2024 Summer,2024,Summer,Paris,Athletics,"Athletics 4 × 100 metres Relay, Men",NA
1500474,Akani Simbine,M,30,176.0,74.0,,,2024 Summer,2024,Summer,Paris,Athletics,"Athletics 4 × 100 metres Relay, Men",NA
1500475,Jeremiah Azu,M,23,NA,NA,,,2024 Summer,2024,Summer,Paris,Athletics,"Athletics 4 × 100 metres Relay, Men",NA
1500476,Louie Hinchliffe,M,21,NA,NA,,,2024 Summer,2024,Summer,Paris,Athletics,"Athletics 4 × 100 metres Relay, Men",NA
1500477,Nethaneel Mitchell-Blake,M,30,187.0,86.0,,,2024 Summer,2024,Summer,Paris,Athletics,"Athletics 4 × 100 metres Relay, Men",NA
1500478,Zharnel Hughes,M,29,NA,NA,,,2024 Summer,2024,Summer,Paris,Athletics,"Athletics 4 × 100 metres Relay, Men",NA
1500479,Richard Kilty,M,34,184.0,79.0,,,2024 Summer,2024,Summer,Paris,Athletics,"Athletics 4 × 100 metres Relay, Men",NA
1500480,Matteo Melluzzo,M,21,NA,NA,,,2024 Summer,2024,Summer,Paris,Athletics,"Athletics 4 × 100 metres Relay, Men",NA
1500481,Lamont Marcell Jacobs,M,29,NA,NA,,,2024 Summer,2024,Summer,Paris,Athletics,"Athletics 4 × 100 metres Relay, Men",NA
1500482,Lorenzo Patta,M,24,NA,NA,,,2024 Summer,2024,Summer,Paris,Athletics,"Athletics 4 × 100 metres Relay, Men",NA
1500483,Filippo Tortu,M,26,NA,NA,,,2024 Summer,2024,Summer,Paris,Athletics,"Athletics 4 × 100 metres Relay, Men",NA
1500484,Eseosa Desalu,M,30,180.0,67.0,,,2024 Summer,2024,Summer,Paris,Athletics,"Athletics 4 × 100 metres Relay, Men",NA
1500485,Ryuichiro Sakai,M,26,NA,NA,,,2024 Summer,2024,Summer,Paris,Athletics,"Athletics 4 × 100 metres Relay, Men",NA
1500486,Abdul Hakim Sani Brown,M,25,NA,NA,,,2024 Summer,2024,Summer,Paris,Athletics,"Athletics 4 × 100 metres Relay, Men",NA
1500487,Yoshihide Kiryu,M,28,175.0,68.0,,,2024 Summer,2024,Summer,Paris,Athletics,"Athletics 4 × 100 metres Relay, Men",NA
1500488,Koki Ueyama,M,25,NA,NA,,,2024 Summer,2024,Summer,Paris,Athletics,"Athletics 4 × 100 metres Relay, Men",NA
1500489,Hiroki Yanagita,M,20,NA,NA,,,2024 Summer,2024,Summer,Paris,Athletics,"Athletics 4 × 100 metres Relay, Men",NA
1500490,Mickaël-Méba Zézé,M,30,175.0,66.0,,,2024 Summer,2024,Summer,Paris,Athletics,"Athletics 4 × 100 metres Relay, Men",NA
1500491,Jeff Erius,M,20,NA,NA,,,2024 Summer,2024,Summer,Paris,Athletics,"Athletics 4 × 100 metres Relay, Men",NA
1500492,Ryan Zézé,M,26,NA,NA,,,2024 Summer,2024,Summer,Paris,Athletics,"Athletics 4 × 100 metres Relay, Men",NA
1500493,Pablo Matéo,M,23,NA,NA,,,2024 Summer,2024,Summer,Paris,Athletics,"Athletics 4 × 100 metres Relay, Men",NA
1500494,Deng Zhijian,M,22,NA,NA,,,2024 Summer,2024,Summer,Paris,Athletics,"Athletics 4 × 100 metres Relay, Men",NA
1500495,Xie Zhenye,M,30,184.0,78.0,,,2024 Summer,2024,Summer,Paris,Athletics,"Athletics 4 × 100 metres Relay, Men",NA
1500496,Yan Haibin,M,21,NA,NA,,,2024 Summer,2024,Summer,Paris,Athletics,"Athletics 4 × 100 metres Relay, Men",NA
1500497,Chen Jiapeng,M,22,NA,NA,,,2024 Summer,2024,Summer,Paris,Athletics,"Athletics 4 × 100 metres Relay, Men",NA
1500498,Christian Coleman,M,28,175.0,72.0,,,2024 Summer,2024,Summer,Paris,Athletics,"Athletics 4 × 100 metres Relay, Men",NA
1500499,Kenny Bednarek,M,25,NA,NA,,,2024 Summer,2024,Summer,Paris,Athletics,"Athletics 4 × 100 metres Relay, Men",NA
1500500,Kyree King,M,30,NA,NA,,,2024 Summer,2024,Summer,Paris,Athletics,"Athletics 4 × 100 metres Relay, Men",NA
1500501,Fred Kerley,M,29,NA,NA,,,2024 Summer,2024,Summer,Paris,Athletics,"Athletics 4 × 100 metres Relay, Men",NA
1500502,Courtney Lindsey,M,25,NA,NA,,,2024 Summer,2024,Summer,Paris,Athletics,"Athletics 4 × 100 metres Relay, Men",NA
1500503,Ackeem Blake,M,22,NA,NA,,,2024 Summer,2024,Summer,Paris,Athletics,"Athletics 4 × 100 metres Relay, Men",NA
1500504,Jelani Walker,M,26,NA,NA,,,2024 Summer,2024,Summer,Paris,Athletics,"Athletics 4 × 100 metres Relay, Men",NA
1500505,Jehlani Gordon,M,20,NA,NA,,,2024 Summer,2024,Summer,Paris,Athletics,"Athletics 4 × 100 metres Relay, Men",NA
1500506,Kishane Thompson,M,22,NA,NA,,,2024 Summer,2024,Summer,Paris,Athletics,"Athletics 4 × 100 metres Relay, Men",NA
1500507,Kevin Kranz,M,26,NA,NA,,,2024 Summer,2024,Summer,Paris,Athletics,"Athletics 4 × 100 metres Relay, Men",NA
1500508,Owen Ansah,M,23,191.0,82.0,,,2024 Summer,2024,Summer,Paris,Athletics,"Athletics 4 × 100 metres Relay, Men",NA
1500509,Yannick Wolf,M,24,NA,NA,,,2024 Summer,2024,Summer,Paris,Athletics,"Athletics 4 × 100 metres Relay, Men",NA
1500510,Lucas Ansah-Peprah,M,24,182.0,75.0,,,2024 Summer,2024,Summer,Paris,Athletics,"Athletics 4 × 100 metres Relay, Men",NA
1500511,Lachlan Kennedy,M,20,NA,NA,,,2024 Summer,2024,Summer,Paris,Athletics,"Athletics 4 × 100 metres Relay, Men",NA
1500512,Jacob Despard,M,27,NA,NA,,,2024 Summer,2024,Summer,Paris,Athletics,"Athletics 4 × 100 metres Relay, Men",NA
1500513,Calab Law,M,20,NA,NA,,,2024 Summer,2024,Summer,Paris,Athletics,"Athletics 4 × 100 metres Relay, Men",NA
1500514,Joshua Azzopardi,M,24,NA,NA,,,2024 Summer,2024,Summer,Paris,Athletics,"Athletics 4 × 100 metres Relay, Men",NA
1500515,Gabriel Garcia,M,26,181.0,NA,,,2024 Summer,2024,Summer,Paris,Athletics,"Athletics 4 × 100 metres Relay, Men",NA
1500516,Felipe Bardi,M,25,189.0,80.0,,,2024 Summer,2024,Summer,Paris,Athletics,"Athletics 4 × 100 metres Relay, Men",NA
1500517,Erik Cardoso,M,24,175.0,NA,,,2024 Summer,2024,Summer,Paris,Athletics,"Athletics 4 × 100 metres Relay, Men",NA
1500518,Renan Correa,M,20,187.0,NA,,,2024 Summer,2024,Summer,Paris,Athletics,"Athletics 4 × 100 metres Relay, Men",NA
1500519,Favour Ashe,M,22,NA,NA,,,2024 Summer,2024,Summer,Paris,Athletics,"Athletics 4 × 100 metres Relay, Men",NA
1500520,Kayinsola Ajayi,M,19,NA,NA,,,2024 Summer,2024,Summer,Paris,Athletics,"Athletics 4 × 100 metres Relay, Men",NA
1500521,Alaba Akintola,M,22,173.0,67.0,,,2024 Summer,2024,Summer,Paris,Athletics,"Athletics 4 × 100 metres Relay, Men",NA
1500522,Usheoritse Itsekiri,M,26,NA,NA,,,2024 Summer,2024,Summer,Paris,Athletics,"Athletics 4 × 100 metres Relay, Men",NA
1500523,Jabez Reeves,M,21,NA,NA,,,2024 Summer,2024,Summer,Paris,Athletics,"Athletics 4 × 100 metres Relay, Men",NA
1500524,Emmanuel Matadi,M,33,NA,NA,,,2024 Summer,2024,Summer,Paris,Athletics,"Athletics 4 × 100 metres Relay, Men",NA
1500525,John Sherman,M,19,NA,NA,,,2024 Summer,2024,Summer,Paris,Athletics,"Athletics 4 × 100 metres Relay, Men",NA
1500526,Joseph Fahnbulleh,M,22,NA,NA,,,2024 Summer,2024,Summer,Paris,Athletics,"Athletics 4 × 100 metres Relay, Men",NA
1500527,Onyema Adigida,M,24,NA,NA,,,2024 Summer,2024,Summer,Paris,Athletics,"Athletics 4 × 100 metres Relay, Men",NA
1500528,Taymir Burnet,M,31,NA,NA,,,2024 Summer,2024,Summer,Paris,Athletics,"Athletics 4 × 100 metres Relay, Men",NA
1500529,Nsikak Ekpo,M,21,NA,NA,,,2024 Summer,2024,Summer,Paris,Athletics,"Athletics 4 × 100 metres Relay, Men",NA
1500530,Elvis Afrifa,M,26,NA,NA,,,2024 Summer,2024,Summer,Paris,Athletics,"Athletics 4 × 100 metres Relay, Men",NA
1500531,Abdul-Rasheed Saminu,M,26,NA,NA,,,2024 Summer,2024,Summer,Paris,Athletics,"Athletics 4 × 100 metres Relay, Men",NA
1500532,Benjamin Azamati-Kwaku,M,26,NA,NA,,,2024 Summer,2024,Summer,Paris,Athletics,"Athletics 4 × 100 metres Relay, Men",NA
1500533,Ibrahim Fuseini,M,21,NA,NA,,,2024 Summer,2024,Summer,Paris,Athletics,"Athletics 4 × 100 metres Relay, Men",NA
1500534,Joseph Amoah,M,27,NA,NA,,,2024 Summer,2024,Summer,Paris,Athletics,"Athletics 4 × 100 metres Relay, Men",NA
1500535,Christopher Bailey,M,24,NA,NA,,,2024 Summer,2024,Summer,Paris,Athletics,"Athletics 4 × 400 metres Relay, Men",NA
1500536,Vernon Norwood,M,32,188.0,73.0,,,2024 Summer,2024,Summer,Paris,Athletics,"Athletics 4 × 400 metres Relay, Men",NA
1500537,Bryce Deadmon,M,27,NA,NA,,,2024 Summer,2024,Summer,Paris,Athletics,"Athletics 4 × 400 metres Relay, Men",NA
1500538,Rai Benjamin,M,26,191.0,77.0,,,2024 Summer,2024,Summer,Paris,Athletics,"Athletics 4 × 400 metres Relay, Men",NA
1500539,Quincy Wilson,M,16,NA,NA,,,2024 Summer,2024,Summer,Paris,Athletics,"Athletics 4 × 400 metres Relay, Men",NA
1500540,Bayapo Ndori,M,25,NA,NA,,,2024 Summer,2024,Summer,Paris,Athletics,"Athletics 4 × 400 metres Relay, Men",NA
1500541,Collen Kebinatshipi,M,20,NA,NA,,,2024 Summer,2024,Summer,Paris,Athletics,"Athletics 4 × 400 metres Relay, Men",NA
1500542,Anthony Pesela,M,22,NA,NA,,,2024 Summer,2024,Summer,Paris,Athletics,"Athletics 4 × 400 metres Relay, Men",NA
1500543,Letsile Tebogo,M,21,NA,NA,,,2024 Summer,2024,Summer,Paris,Athletics,"Athletics 4 × 400 metres Relay, Men",NA
1500544,Alex Haydock-Wilson,M,24,NA,NA,,,2024 Summer,2024,Summer,Paris,Athletics,"Athletics 4 × 400 metres Relay, Men",NA
1500545,Matt Hudson-Smith,M,29,194.0,78.0,,,2024 Summer,2024,Summer,Paris,Athletics,"Athletics 4 × 400 metres Relay, Men",NA
1500546,Lewis Davey,M,23,NA,NA,,,2024 Summer,2024,Summer,Paris,Athletics,"Athletics 4 × 400 metres Relay, Men",NA
1500547,Charlie Dobson,M,24,NA,NA,,,2024 Summer,2024,Summer,Paris,Athletics,"Athletics 4 × 400 metres Relay, Men",NA
1500548,Sam Reardon,M,20,NA,NA,,,2024 Summer,2024,Summer,Paris,Athletics,"Athletics 4 × 400 metres Relay, Men",NA
1500549,Toby Harries,M,25,NA,NA,,,2024 Summer,2024,Summer,Paris,Athletics,"Athletics 4 × 400 metres Relay, Men",NA
1500550,Jonathan Sacoor,M,24,NA,NA,,,2024 Summer,2024,Summer,Paris,Athletics,"Athletics 4 × 400 metres Relay, Men",NA
1500551,Dylan Borlée,M,31,190.0,78.0,,,2024 Summer,2024,Summer,Paris,Athletics,"Athletics 4 × 400 metres Relay, Men",NA
1500552,Kévin Borlée,M,36,180.0,67.0,,,2024 Summer,2024,Summer,Paris,Athletics,"Athletics 4 × 400 metres Relay, Men",NA
1500553,Florent Mabille,M,27,NA,NA,,,2024 Summer,2024,Summer,Paris,Athletics,"Athletics 4 × 400 metres Relay, Men",NA
1500554,Gardeo Isaacs,M,25,NA,NA,,,2024 Summer,2024,Summer,Paris,Athletics,"Athletics 4 × 400 metres Relay, Men",NA
1500555,Zakithi Nene,M,26,NA,NA,,,2024 Summer,2024,Summer,Paris,Athletics,"Athletics 4 × 400 metres Relay, Men",NA
1500556,Lythe Pillay,M,21,NA,NA,,,2024 Summer,2024,Summer,Paris,Athletics,"Athletics 4 × 400 metres Relay, Men",NA
1500557,Antonie Nortje,M,22,NA,NA,,,2024 Summer,2024,Summer,Paris,Athletics,"Athletics 4 × 400 metres Relay, Men",NA
1500558,Yuki Joseph Nakajima,M,22,NA,NA,,,2024 Summer,2024,Summer,Paris,Athletics,"Athletics 4 × 400 metres Relay, Men",NA
1500559,Kaito Kawabata,M,25,NA,NA,,,2024 Summer,2024,Summer,Paris,Athletics,"Athletics 4 × 400 metres Relay, Men",NA
1500560,Fuga Sato,M,28,NA,NA,,,2024 Summer,2024,Summer,Paris,Athletics,"Athletics 4 × 400 metres Relay, Men",NA
1500561,Kentaro Sato,M,29,NA,NA,,,2024 Summer,2024,Summer,Paris,Athletics,"Athletics 4 × 400 metres Relay, Men",NA
1500562,Luca Sito,M,21,NA,NA,,,2024 Summer,2024,Summer,Paris,Athletics,"Athletics 4 × 400 metres Relay, Men",NA
1500563,Vladimir Aceti,M,25,NA,NA,,,2024 Summer,2024,Summer,Paris,Athletics,"Athletics 4 × 400 metres Relay, Men",NA
1500564,Edoardo Scotti,M,24,NA,NA,,,2024 Summer,2024,Summer,Paris,Athletics,"Athletics 4 × 400 metres Relay, Men",NA
1500565,Alessandro Sibilio,M,25,NA,NA,,,2024 Summer,2024,Summer,Paris,Athletics,"Athletics 4 × 400 metres Relay, Men",NA
1500566,Patrick Nyambe,M,21,NA,NA,,,2024 Summer,2024,Summer,Paris,Athletics,"Athletics 4 × 400 metres Relay, Men",NA
1500567,Kennedy Luchembe,M,23,178.0,NA,,,2024 Summer,2024,Summer,Paris,Athletics,"Athletics 4 × 400 metres Relay, Men",NA
1500568,Chanda Mulenga,M,21,NA,NA,,,2024 Summer,2024,Summer,Paris,Athletics,"Athletics 4 × 400 metres Relay, Men",NA
1500569,Muzala Samukonga,M,21,NA,NA,,,2024 Summer,2024,Summer,Paris,Athletics,"Athletics 4 × 400 metres Relay, Men",NA
1500570,Muhammad Abdallah Kounta,M,29,NA,NA,,,2024 Summer,2024,Summer,Paris,Athletics,"Athletics 4 × 400 metres Relay, Men",NA
1500571,Gilles Biron,M,29,NA,NA,,,2024 Summer,2024,Summer,Paris,Athletics,"Athletics 4 × 400 metres Relay, Men",NA
1500572,Téo Andant,M,24,NA,NA,,,2024 Summer,2024,Summer,Paris,Athletics,"Athletics 4 × 400 metres Relay, Men",NA
1500573,Fabrisio Saïdy,M,25,NA,NA,,,2024 Summer,2024,Summer,Paris,Athletics,"Athletics 4 × 400 metres Relay, Men",NA
1500574,Mohammad Anas Yahiya,M,29,177.0,69.0,,,2024 Summer,2024,Summer,Paris,Athletics,"Athletics 4 × 400 metres Relay, Men",NA
1500575,Muhammed Ajmal Variyathodi,M,26,NA,NA,,,2024 Summer,2024,Summer,Paris,Athletics,"Athletics 4 × 400 metres Relay, Men",NA
1500576,Amoj Jacob,M,26,NA,NA,,,2024 Summer,2024,Summer,Paris,Athletics,"Athletics 4 × 400 metres Relay, Men",NA
1500577,Rajesh Ramesh,M,25,NA,NA,,,2024 Summer,2024,Summer,Paris,Athletics,"Athletics 4 × 400 metres Relay, Men",NA
1500578,Lucas Carvalho,M,30,183.0,66.0,,,2024 Summer,2024,Summer,Paris,Athletics,"Athletics 4 × 400 metres Relay, Men",NA
1500579,Lucas Vilar,M,23,182.0,75.0,,,2024 Summer,2024,Summer,Paris,Athletics,"Athletics 4 × 400 metres Relay, Men",NA
1500580,Douglas Mendes,M,22,168.0,68.0,,,2024 Summer,2024,Summer,Paris,Athletics,"Athletics 4 × 400 metres Relay, Men",NA
1500581,Matheus Lima,M,21,187.0,71.0,,,2024 Summer,2024,Summer,Paris,Athletics,"Athletics 4 × 400 metres Relay, Men",NA
1500582,Jean Paul Bredau,M,25,190.0,82.0,,,2024 Summer,2024,Summer,Paris,Athletics,"Athletics 4 × 400 metres Relay, Men",NA
1500583,Marc Koch,M,30,NA,NA,,,2024 Summer,2024,Summer,Paris,Athletics,"Athletics 4 × 400 metres Relay, Men",NA
1500584,Manuel Sanders,M,26,NA,NA,,,2024 Summer,2024,Summer,Paris,Athletics,"Athletics 4 × 400 metres Relay, Men",NA
1500585,Emil Agyekum,M,25,NA,NA,,,2024 Summer,2024,Summer,Paris,Athletics,"Athletics 4 × 400 metres Relay, Men",NA
1500586,Iñaki Cañal,M,26,NA,NA,,,2024 Summer,2024,Summer,Paris,Athletics,"Athletics 4 × 400 metres Relay, Men",NA
1500587,Óscar Husillos,M,30,180.0,72.0,,,2024 Summer,2024,Summer,Paris,Athletics,"Athletics 4 × 400 metres Relay, Men",NA
1500588,David García,M,19,NA,NA,,,2024 Summer,2024,Summer,Paris,Athletics,"Athletics 4 × 400 metres Relay, Men",NA
1500589,Julio Arenas Robles,M,31,NA,NA,,,2024 Summer,2024,Summer,Paris,Athletics,"Athletics 4 × 400 metres Relay, Men",NA
1500590,Maksymilian Szwed,M,19,NA,NA,,,2024 Summer,2024,Summer,Paris,Athletics,"Athletics 4 × 400 metres Relay, Men",NA
1500591,Karol Zalewski,M,30,189.0,96.0,,,2024 Summer,2024,Summer,Paris,Athletics,"Athletics 4 × 400 metres Relay, Men",NA
1500592,Daniel Sołtysiak,M,22,NA,NA,,,2024 Summer,2024,Summer,Paris,Athletics,"Athletics 4 × 400 metres Relay, Men",NA
1500593,Kajetan Duszyński,M,29,NA,NA,,,2024 Summer,2024,Summer,Paris,Athletics,"Athletics 4 × 400 metres Relay, Men",NA
1500594,Renny Quow,M,36,170.0,66.0,,,2024 Summer,2024,Summer,Paris,Athletics,"Athletics 4 × 400 metres Relay, Men",NA
1500595,Jereem Richards,M,30,NA,NA,,,2024 Summer,2024,Summer,Paris,Athletics,"Athletics 4 × 400 metres Relay, Men",NA
1500596,Jaden Marchan,M,17,NA,NA,,,2024 Summer,2024,Summer,Paris,Athletics,"Athletics 4 × 400 metres Relay, Men",NA
1500597,Shakeem McKay,M,21,NA,NA,,,2024 Summer,2024,Summer,Paris,Athletics,"Athletics 4 × 400 metres Relay, Men",NA
1500598,Emmanuel Ojeli,M,25,NA,NA,,,2024 Summer,2024,Summer,Paris,Athletics,"Athletics 4 × 400 metres Relay, Men",NA
1500599,Ezekiel Nathaniel,M,21,NA,NA,,,2024 Summer,2024,Summer,Paris,Athletics,"Athletics 4 × 400 metres Relay, Men",NA
1500600,Dubem Amene,M,21,NA,NA,,,2024 Summer,2024,Summer,Paris,Athletics,"Athletics 4 × 400 metres Relay, Men",NA
1500601,Chidi Okezie,M,30,NA,NA,,,2024 Summer,2024,Summer,Paris,Athletics,"Athletics 4 × 400 metres Relay, Men",NA
1500602,Melissa Jefferson,F,23,NA,NA,,,2024 Summer,2024,Summer,Paris,Athletics,"Athletics 4 × 100 metres Relay, Women",NA
1500603,Twanisha Terry,F,25,NA,NA,,,2024 Summer,2024,Summer,Paris,Athletics,"Athletics 4 × 100 metres Relay, Women",NA
1500604,Gabby Thomas,F,27,NA,NA,,,2024 Summer,2024,Summer,Paris,Athletics,"Athletics 4 × 100 metres Relay, Women",NA
1500605,Sha'Carri Richardson,F,24,NA,NA,,,2024 Summer,2024,Summer,Paris,Athletics,"Athletics 4 × 100 metres Relay, Women",NA
1500606,Dina Asher-Smith,F,28,164.0,55.0,,,2024 Summer,2024,Summer,Paris,Athletics,"Athletics 4 × 100 metres Relay, Women",NA
1500607,Imani Lansiquot,F,26,NA,NA,,,2024 Summer,2024,Summer,Paris,Athletics,"Athletics 4 × 100 metres Relay, Women",NA
1500608,Amy Hunt,F,22,NA,NA,,,2024 Summer,2024,Summer,Paris,Athletics,"Athletics 4 × 100 metres Relay, Women",NA
1500609,Daryll Neita,F,27,172.0,61.0,,,2024 Summer,2024,Summer,Paris,Athletics,"Athletics 4 × 100 metres Relay, Women",NA
1500610,Bianca Williams,F,30,NA,NA,,,2024 Summer,2024,Summer,Paris,Athletics,"Athletics 4 × 100 metres Relay, Women",NA
1500611,Desirèe Henry,F,28,171.0,64.0,,,2024 Summer,2024,Summer,Paris,Athletics,"Athletics 4 × 100 metres Relay, Women",NA
1500612,Alexandra Burghardt,F,30,NA,NA,,,2024 Summer,2024,Summer,Paris,Athletics,"Athletics 4 × 100 metres Relay, Women",NA
1500613,Lisa Mayer,F,28,171.0,57.0,,,2024 Summer,2024,Summer,Paris,Athletics,"Athletics 4 × 100 metres Relay, Women",NA
1500614,Gina Lückenkemper,F,27,170.0,56.0,,,2024 Summer,2024,Summer,Paris,Athletics,"Athletics 4 × 100 metres Relay, Women",NA
1500615,Rebekka Haase,F,31,170.0,58.0,,,2024 Summer,2024,Summer,Paris,Athletics,"Athletics 4 × 100 metres Relay, Women",NA
1500616,Sophia Junk,F,25,NA,NA,,,2024 Summer,2024,Summer,Paris,Athletics,"Athletics 4 × 100 metres Relay, Women",NA
1500617,Orlann Oliere,F,33,NA,NA,,,2024 Summer,2024,Summer,Paris,Athletics,"Athletics 4 × 100 metres Relay, Women",NA
1500618,Gémima Joseph,F,22,164.0,54.0,,,2024 Summer,2024,Summer,Paris,Athletics,"Athletics 4 × 100 metres Relay, Women",NA
1500619,Hélène Parisot,F,31,NA,NA,,,2024 Summer,2024,Summer,Paris,Athletics,"Athletics 4 × 100 metres Relay, Women",NA
1500620,Chloé Galet,F,22,NA,NA,,,2024 Summer,2024,Summer,Paris,Athletics,"Athletics 4 × 100 metres Relay, Women",NA
1500621,Alana Reid,F,19,NA,NA,,,2024 Summer,2024,Summer,Paris,Athletics,"Athletics 4 × 100 metres Relay, Women",NA
1500622,Kemba Nelson,F,24,NA,NA,,,2024 Summer,2024,Summer,Paris,Athletics,"Athletics 4 × 100 metres Relay, Women",NA
1500623,Shashalee Forbes,F,28,160.0,55.0,,,2024 Summer,2024,Summer,Paris,Athletics,"Athletics 4 × 100 metres Relay, Women",NA
1500624,Tia Clayton,F,19,NA,NA,,,2024 Summer,2024,Summer,Paris,Athletics,"Athletics 4 × 100 metres Relay, Women",NA
1500625,Sade McCreath,F,28,NA,NA,,,2024 Summer,2024,Summer,Paris,Athletics,"Athletics 4 × 100 metres Relay, Women",NA
1500626,Jacqueline Madogo,F,24,NA,NA,,,2024 Summer,2024,Summer,Paris,Athletics,"Athletics 4 × 100 metres Relay, Women",NA
1500627,Marie-Éloïse Leclair,F,21,NA,NA,,,2024 Summer,2024,Summer,Paris,Athletics,"Athletics 4 × 100 metres Relay, Women",NA
1500628,Audrey Leduc,F,25,NA,NA,,,2024 Summer,2024,Summer,Paris,Athletics,"Athletics 4 × 100 metres Relay, Women",NA
1500629,Isabel van den Berg,F,19,NA,NA,,,2024 Summer,2024,Summer,Paris,Athletics,"Athletics 4 × 100 metres Relay, Women",NA
1500630,Marije van Hunenstijn,F,29,NA,NA,,,2024 Summer,2024,Summer,Paris,Athletics,"Athletics 4 × 100 metres Relay, Women",NA
1500631,Minke Bisschops,F,21,NA,NA,,,2024 Summer,2024,Summer,Paris,Athletics,"Athletics 4 × 100 metres Relay, Women",NA
1500632,Tasa Jiya,F,26,NA,NA,,,2024 Summer,2024,Summer,Paris,Athletics,"Athletics 4 × 100 metres Relay, Women",NA
1500633,Salomé Kora,F,30,173.0,66.0,,,2024 Summer,2024,Summer,Paris,Athletics,"Athletics 4 × 100 metres Relay, Women",NA
1500634,Sarah Atcho-Jaquier,F,29,180.0,63.0,,,2024 Summer,2024,Summer,Paris,Athletics,"Athletics 4 × 100 metres Relay, Women",NA
1500635,Léonie Pointet,F,23,NA,NA,,,2024 Summer,2024,Summer,Paris,Athletics,"Athletics 4 × 100 metres Relay, Women",NA
1500636,Mujinga Kambundji,F,32,168.0,65.0,,,2024 Summer,2024,Summer,Paris,Athletics,"Athletics 4 × 100 metres Relay, Women",NA
1500637,Ella Connolly,F,24,NA,NA,,,2024 Summer,2024,Summer,Paris,Athletics,"Athletics 4 × 100 metres Relay, Women",NA
1500638,Bree Masters,F,29,NA,NA,,,2024 Summer,2024,Summer,Paris,Athletics,"Athletics 4 × 100 metres Relay, Women",NA
1500639,Kristie Edwards,F,24,NA,NA,,,2024 Summer,2024,Summer,Paris,Athletics,"Athletics 4 × 100 metres Relay, Women",NA
1500640,Torrie Lewis,F,19,NA,NA,,,2024 Summer,2024,Summer,Paris,Athletics,"Athletics 4 × 100 metres Relay, Women",NA
1500641,Magdalena Niemczyk,F,21,NA,NA,,,2024 Summer,2024,Summer,Paris,Athletics,"Athletics 4 × 100 metres Relay, Women",NA
1500642,Krystsina Tsimanouskaya,F,27,168.0,62.0,,,2024 Summer,2024,Summer,Paris,Athletics,"Athletics 4 × 100 metres Relay, Women",NA
1500643,Magdalena Stefanowicz,F,23,NA,NA,,,2024 Summer,2024,Summer,Paris,Athletics,"Athletics 4 × 100 metres Relay, Women",NA
1500644,Ewa Swoboda,F,26,167.0,60.0,,,2024 Summer,2024,Summer,Paris,Athletics,"Athletics 4 × 100 metres Relay, Women",NA
1500645,Zaynab Dosso,F,24,NA,NA,,,2024 Summer,2024,Summer,Paris,Athletics,"Athletics 4 × 100 metres Relay, Women",NA
1500646,Dalia Kaddari,F,23,NA,NA,,,2024 Summer,2024,Summer,Paris,Athletics,"Athletics 4 × 100 metres Relay, Women",NA
1500647,Irene Siragusa,F,31,NA,NA,,,2024 Summer,2024,Summer,Paris,Athletics,"Athletics 4 × 100 metres Relay, Women",NA
1500648,Arianna De Masi,F,25,NA,NA,,,2024 Summer,2024,Summer,Paris,Athletics,"Athletics 4 × 100 metres Relay, Women",NA
1500649,Justina Eyakpobeyan,F,17,NA,NA,,,2024 Summer,2024,Summer,Paris,Athletics,"Athletics 4 × 100 metres Relay, Women",NA
1500650,Favour Ofili,F,21,NA,NA,,,2024 Summer,2024,Summer,Paris,Athletics,"Athletics 4 × 100 metres Relay, Women",NA
1500651,Rosemary Chukwuma,F,22,NA,NA,,,2024 Summer,2024,Summer,Paris,Athletics,"Athletics 4 × 100 metres Relay, Women",NA
1500652,Tima Godbless,F,20,NA,NA,,,2024 Summer,2024,Summer,Paris,Athletics,"Athletics 4 × 100 metres Relay, Women",NA
1500653,Sonia Molina-Prados,F,31,NA,NA,,,2024 Summer,2024,Summer,Paris,Athletics,"Athletics 4 × 100 metres Relay, Women",NA
1500654,Jaël Bestué,F,23,162.0,57.0,,,2024 Summer,2024,Summer,Paris,Athletics,"Athletics 4 × 100 metres Relay, Women",NA
1500655,Paula Sevilla,F,27,NA,NA,,,2024 Summer,2024,Summer,Paris,Athletics,"Athletics 4 × 100 metres Relay, Women",NA
1500656,María Isabel Pérez,F,31,158.0,56.0,,,2024 Summer,2024,Summer,Paris,Athletics,"Athletics 4 × 100 metres Relay, Women",NA
1500657,Akilah Lewis,F,23,NA,NA,,,2024 Summer,2024,Summer,Paris,Athletics,"Athletics 4 × 100 metres Relay, Women",NA
1500658,Solè Frederick,F,18,NA,NA,,,2024 Summer,2024,Summer,Paris,Athletics,"Athletics 4 × 100 metres Relay, Women",NA
1500659,Sanaa Frederick,F,18,NA,NA,,,2024 Summer,2024,Summer,Paris,Athletics,"Athletics 4 × 100 metres Relay, Women",NA
1500660,Leah Bertrand,F,21,NA,NA,,,2024 Summer,2024,Summer,Paris,Athletics,"Athletics 4 × 100 metres Relay, Women",NA
1500661,Rani Vincke,F,24,NA,NA,,,2024 Summer,2024,Summer,Paris,Athletics,"Athletics 4 × 100 metres Relay, Women",NA
1500662,Rani Rosius,F,24,NA,NA,,,2024 Summer,2024,Summer,Paris,Athletics,"Athletics 4 × 100 metres Relay, Women",NA
1500663,Elise Mehuys,F,28,NA,NA,,,2024 Summer,2024,Summer,Paris,Athletics,"Athletics 4 × 100 metres Relay, Women",NA
1500664,Delphine Nkansa,F,22,NA,NA,,,2024 Summer,2024,Summer,Paris,Athletics,"Athletics 4 × 100 metres Relay, Women",NA
1500665,Murielle Ahouré-Demps,F,36,165.0,58.0,,,2024 Summer,2024,Summer,Paris,Athletics,"Athletics 4 × 100 metres Relay, Women",NA
1500666,Jessika Gbai,F,25,NA,NA,,,2024 Summer,2024,Summer,Paris,Athletics,"Athletics 4 × 100 metres Relay, Women",NA
1500667,Maboundou Koné,F,27,NA,NA,,,2024 Summer,2024,Summer,Paris,Athletics,"Athletics 4 × 100 metres Relay, Women",NA
1500668,Marie-Josée Ta Lou-Smith,F,35,159.0,50.0,,,2024 Summer,2024,Summer,Paris,Athletics,"Athletics 4 × 100 metres Relay, Women",NA
1500669,Shamier Little,F,29,NA,NA,,,2024 Summer,2024,Summer,Paris,Athletics,"Athletics 4 × 400 metres Relay, Women",NA
1500670,Sydney McLaughlin-Levrone,F,24,175.0,60.0,,,2024 Summer,2024,Summer,Paris,Athletics,"Athletics 4 × 400 metres Relay, Women",NA
1500671,Gabby Thomas,F,27,NA,NA,,,2024 Summer,2024,Summer,Paris,Athletics,"Athletics 4 × 400 metres Relay, Women",NA
1500672,Alexis Holmes,F,24,NA,NA,,,2024 Summer,2024,Summer,Paris,Athletics,"Athletics 4 × 400 metres Relay, Women",NA
1500673,Quanera Hayes,F,32,NA,NA,,,2024 Summer,2024,Summer,Paris,Athletics,"Athletics 4 × 400 metres Relay, Women",NA
1500674,Aaliyah Butler,F,20,NA,NA,,,2024 Summer,2024,Summer,Paris,Athletics,"Athletics 4 × 400 metres Relay, Women",NA
1500675,Kaylyn Brown,F,19,NA,NA,,,2024 Summer,2024,Summer,Paris,Athletics,"Athletics 4 × 400 metres Relay, Women",NA
1500676,Lieke Klaver,F,25,NA,NA,,,2024 Summer,2024,Summer,Paris,Athletics,"Athletics 4 × 400 metres Relay, Women",NA
1500677,Cathelijn Peeters,F,27,NA,NA,,,2024 Summer,2024,Summer,Paris,Athletics,"Athletics 4 × 400 metres Relay, Women",NA
1500678,Lisanne de Witte,F,31,175.0,60.0,,,2024 Summer,2024,Summer,Paris,Athletics,"Athletics 4 × 400 metres Relay, Women",NA
1500679,Femke Bol,F,24,NA,NA,,,2024 Summer,2024,Summer,Paris,Athletics,"Athletics 4 × 400 metres Relay, Women",NA
1500680,Eveline Saalberg,F,25,NA,NA,,,2024 Summer,2024,Summer,Paris,Athletics,"Athletics 4 × 400 metres Relay, Women",NA
1500681,Myrte van der Schoot,F,20,NA,NA,,,2024 Summer,2024,Summer,Paris,Athletics,"Athletics 4 × 400 metres Relay, Women",NA
1500682,Victoria Ohuruogu,F,31,NA,NA,,,2024 Summer,2024,Summer,Paris,Athletics,"Athletics 4 × 400 metres Relay, Women",NA
1500683,Laviai Nielsen,F,28,NA,NA,,,2024 Summer,2024,Summer,Paris,Athletics,"Athletics 4 × 400 metres Relay, Women",NA
1500684,Nicole Yeargin,F,26,NA,NA,,,2024 Summer,2024,Summer,Paris,Athletics,"Athletics 4 × 400 metres Relay, Women",NA
1500685,Amber Anning,F,23,NA,NA,,,2024 Summer,2024,Summer,Paris,Athletics,"Athletics 4 × 400 metres Relay, Women",NA
1500686,Yemi Mary John,F,21,NA,NA,,,2024 Summer,2024,Summer,Paris,Athletics,"Athletics 4 × 400 metres Relay, Women",NA
1500687,Hannah Kelly,F,23,NA,NA,,,2024 Summer,2024,Summer,Paris,Athletics,"Athletics 4 × 400 metres Relay, Women",NA
1500688,Jodie Williams,F,30,174.0,60.0,,,2024 Summer,2024,Summer,Paris,Athletics,"Athletics 4 × 400 metres Relay, Women",NA
1500689,Lina Nielsen,F,28,NA,NA,,,2024 Summer,2024,Summer,Paris,Athletics,"Athletics 4 × 400 metres Relay, Women",NA
1500690,Sophie Becker,F,27,NA,NA,,,2024 Summer,2024,Summer,Paris,Athletics,"Athletics 4 × 400 metres Relay, Women",NA
1500691,Rhasidat Adeleke,F,21,NA,NA,,,2024 Summer,2024,Summer,Paris,Athletics,"Athletics 4 × 400 metres Relay, Women",NA
1500692,Phil Healy,F,29,NA,NA,,,2024 Summer,2024,Summer,Paris,Athletics,"Athletics 4 × 400 metres Relay, Women",NA
1500693,Sharlene Mawdsley,F,25,NA,NA,,,2024 Summer,2024,Summer,Paris,Athletics,"Athletics 4 × 400 metres Relay, Women",NA
1500694,Kelly McGrory,F,27,NA,NA,,,2024 Summer,2024,Summer,Paris,Athletics,"Athletics 4 × 400 metres Relay, Women",NA
1500695,Sounkamba Sylla,F,26,NA,NA,,,2024 Summer,2024,Summer,Paris,Athletics,"Athletics 4 × 400 metres Relay, Women",NA
1500696,Shana Grebo,F,23,NA,NA,,,2024 Summer,2024,Summer,Paris,Athletics,"Athletics 4 × 400 metres Relay, Women",NA
1500697,Amandine Brossier,F,28,NA,NA,,,2024 Summer,2024,Summer,Paris,Athletics,"Athletics 4 × 400 metres Relay, Women",NA
1500698,Louise Maraval,F,22,NA,NA,,,2024 Summer,2024,Summer,Paris,Athletics,"Athletics 4 × 400 metres Relay, Women",NA
1500699,Alexe Deau,F,19,NA,NA,,,2024 Summer,2024,Summer,Paris,Athletics,"Athletics 4 × 400 metres Relay, Women",NA
1500700,Zoe Sherar,F,24,NA,NA,,,2024 Summer,2024,Summer,Paris,Athletics,"Athletics 4 × 400 metres Relay, Women",NA
1500701,Savannah Sutherland,F,20,NA,NA,,,2024 Summer,2024,Summer,Paris,Athletics,"Athletics 4 × 400 metres Relay, Women",NA
1500702,Kyra Constantine,F,25,175.0,63.0,,,2024 Summer,2024,Summer,Paris,Athletics,"Athletics 4 × 400 metres Relay, Women",NA
1500703,Lauren Gale,F,24,NA,NA,,,2024 Summer,2024,Summer,Paris,Athletics,"Athletics 4 × 400 metres Relay, Women",NA
1500704,Aiyanna Stiverne,F,29,NA,NA,,,2024 Summer,2024,Summer,Paris,Athletics,"Athletics 4 × 400 metres Relay, Women",NA
1500705,Naomi van den Broeck,F,28,NA,NA,,,2024 Summer,2024,Summer,Paris,Athletics,"Athletics 4 × 400 metres Relay, Women",NA
1500706,Imke Vervaet,F,31,NA,NA,,,2024 Summer,2024,Summer,Paris,Athletics,"Athletics 4 × 400 metres Relay, Women",NA
1500707,Hanne Claes,F,32,NA,NA,,,2024 Summer,2024,Summer,Paris,Athletics,"Athletics 4 × 400 metres Relay, Women",NA
1500708,Helena Ponette,F,24,NA,NA,,,2024 Summer,2024,Summer,Paris,Athletics,"Athletics 4 × 400 metres Relay, Women",NA
1500709,Camille Laus,F,31,NA,NA,,,2024 Summer,2024,Summer,Paris,Athletics,"Athletics 4 × 400 metres Relay, Women",NA
1500710,Stacey-Ann Williams,F,25,NA,NA,,,2024 Summer,2024,Summer,Paris,Athletics,"Athletics 4 × 400 metres Relay, Women",NA
1500711,Andrenette Knight,F,27,NA,NA,,,2024 Summer,2024,Summer,Paris,Athletics,"Athletics 4 × 400 metres Relay, Women",NA
1500712,Shiann Salmon,F,25,NA,NA,,,2024 Summer,2024,Summer,Paris,Athletics,"Athletics 4 × 400 metres Relay, Women",NA
1500713,Stephenie McPherson,F,35,173.0,57.0,,,2024 Summer,2024,Summer,Paris,Athletics,"Athletics 4 × 400 metres Relay, Women",NA
1500714,Ashley Williams,F,27,NA,NA,,,2024 Summer,2024,Summer,Paris,Athletics,"Athletics 4 × 400 metres Relay, Women",NA
1500715,Charokee Young,F,23,NA,NA,,,2024 Summer,2024,Summer,Paris,Athletics,"Athletics 4 × 400 metres Relay, Women",NA
1500716,Blanca Hervás,F,21,NA,NA,,,2024 Summer,2024,Summer,Paris,Athletics,"Athletics 4 × 400 metres Relay, Women",NA
1500717,Berta Segura,F,21,NA,NA,,,2024 Summer,2024,Summer,Paris,Athletics,"Athletics 4 × 400 metres Relay, Women",NA
1500718,Eva Santidrián,F,24,NA,NA,,,2024 Summer,2024,Summer,Paris,Athletics,"Athletics 4 × 400 metres Relay, Women",NA
1500719,Carmen Avilés,F,22,NA,NA,,,2024 Summer,2024,Summer,Paris,Athletics,"Athletics 4 × 400 metres Relay, Women",NA
1500720,Ilaria Accame,F,22,NA,NA,,,2024 Summer,2024,Summer,Paris,Athletics,"Athletics 4 × 400 metres Relay, Women",NA
1500721,Anna Polinari,F,25,NA,NA,,,2024 Summer,2024,Summer,Paris,Athletics,"Athletics 4 × 400 metres Relay, Women",NA
1500722,Giancarla Trevisan,F,31,NA,NA,,,2024 Summer,2024,Summer,Paris,Athletics,"Athletics 4 × 400 metres Relay, Women",NA
1500723,Alice Mangione,F,27,NA,NA,,,2024 Summer,2024,Summer,Paris,Athletics,"Athletics 4 × 400 metres Relay, Women",NA
1500724,Josefine Tomine Eriksen,F,23,NA,NA,,,2024 Summer,2024,Summer,Paris,Athletics,"Athletics 4 × 400 metres Relay, Women",NA
1500725,Astri Ertzgaard,F,22,NA,NA,,,2024 Summer,2024,Summer,Paris,Athletics,"Athletics 4 × 400 metres Relay, Women",NA
1500726,Elisabeth Slettum,F,37,183.0,NA,,,2024 Summer,2024,Summer,Paris,Athletics,"Athletics 4 × 400 metres Relay, Women",NA
1500727,Amalie Iuel,F,30,178.0,61.0,,,2024 Summer,2024,Summer,Paris,Athletics,"Athletics 4 × 400 metres Relay, Women",NA
1500728,Anastazja Kuś,F,17,NA,NA,,,2024 Summer,2024,Summer,Paris,Athletics,"Athletics 4 × 400 metres Relay, Women",NA
1500729,Justyna Święty-Ersetic,F,31,165.0,57.0,,,2024 Summer,2024,Summer,Paris,Athletics,"Athletics 4 × 400 metres Relay, Women",NA
1500730,Aleksandra Formella,F,22,NA,NA,,,2024 Summer,2024,Summer,Paris,Athletics,"Athletics 4 × 400 metres Relay, Women",NA
1500731,Alicja Wrona-Kutrzepa,F,28,NA,NA,,,2024 Summer,2024,Summer,Paris,Athletics,"Athletics 4 × 400 metres Relay, Women",NA
1500732,Giulia Senn,F,22,NA,NA,,,2024 Summer,2024,Summer,Paris,Athletics,"Athletics 4 × 400 metres Relay, Women",NA
1500733,Julia Niederberger,F,24,NA,NA,,,2024 Summer,2024,Summer,Paris,Athletics,"Athletics 4 × 400 metres Relay, Women",NA
1500734,Annina Fahr,F,31,NA,NA,,,2024 Summer,2024,Summer,Paris,Athletics,"Athletics 4 × 400 metres Relay, Women",NA
1500735,Yasmin Giger,F,24,NA,NA,,,2024 Summer,2024,Summer,Paris,Athletics,"Athletics 4 × 400 metres Relay, Women",NA
1500736,Skadi Schier,F,24,NA,NA,,,2024 Summer,2024,Summer,Paris,Athletics,"Athletics 4 × 400 metres Relay, Women",NA
1500737,Alica Schmidt,F,25,NA,NA,,,2024 Summer,2024,Summer,Paris,Athletics,"Athletics 4 × 400 metres Relay, Women",NA
1500738,Mona Mayer,F,22,NA,NA,,,2024 Summer,2024,Summer,Paris,Athletics,"Athletics 4 × 400 metres Relay, Women",NA
1500739,Eileen Demes,F,26,NA,NA,,,2024 Summer,2024,Summer,Paris,Athletics,"Athletics 4 × 400 metres Relay, Women",NA
1500740,Melissa Padrón,F,20,NA,NA,,,2024 Summer,2024,Summer,Paris,Athletics,"Athletics 4 × 400 metres Relay, Women",NA
1500741,Daily Cooper,F,22,NA,NA,,,2024 Summer,2024,Summer,Paris,Athletics,"Athletics 4 × 400 metres Relay, Women",NA
1500742,Sahily Diago,F,28,169.0,49.0,,,2024 Summer,2024,Summer,Paris,Athletics,"Athletics 4 × 400 metres Relay, Women",NA
1500743,Roxana Gómez,F,25,169.0,49.0,,,2024 Summer,2024,Summer,Paris,Athletics,"Athletics 4 × 400 metres Relay, Women",NA
1500744,Vithya Ramraj,F,25,NA,NA,,,2024 Summer,2024,Summer,Paris,Athletics,"Athletics 4 × 400 metres Relay, Women",NA
1500745,Jyothika Sri Dandi,F,23,NA,NA,,,2024 Summer,2024,Summer,Paris,Athletics,"Athletics 4 × 400 metres Relay, Women",NA
1500746,M. R. Povamma,F,34,175.0,59.0,,,2024 Summer,2024,Summer,Paris,Athletics,"Athletics 4 × 400 metres Relay, Women",NA
1500747,Subha Venkatesan,F,24,170.0,NA,,,2024 Summer,2024,Summer,Paris,Athletics,"Athletics 4 × 400 metres Relay, Women",NA
1500748,Eugene Omalla,M,23,NA,NA,,,2024 Summer,2024,Summer,Paris,Athletics,"Athletics 4 × 400 metres Relay, Mixed",NA
1500749,Lieke Klaver,F,25,NA,NA,,,2024 Summer,2024,Summer,Paris,Athletics,"Athletics 4 × 400 metres Relay, Mixed",NA
1500750,Isaya Klein Ikkink,M,21,NA,NA,,,2024 Summer,2024,Summer,Paris,Athletics,"Athletics 4 × 400 metres Relay, Mixed",NA
1500751,Femke Bol,F,24,NA,NA,,,2024 Summer,2024,Summer,Paris,Athletics,"Athletics 4 × 400 metres Relay, Mixed",NA
1500752,Cathelijn Peeters,F,27,NA,NA,,,2024 Summer,2024,Summer,Paris,Athletics,"Athletics 4 × 400 metres Relay, Mixed",NA
1500753,Vernon Norwood,M,32,188.0,73.0,,,2024 Summer,2024,Summer,Paris,Athletics,"Athletics 4 × 400 metres Relay, Mixed",NA
1500754,Shamier Little,F,29,NA,NA,,,2024 Summer,2024,Summer,Paris,Athletics,"Athletics 4 × 400 metres Relay, Mixed",NA
1500755,Bryce Deadmon,M,27,NA,NA,,,2024 Summer,2024,Summer,Paris,Athletics,"Athletics 4 × 400 metres Relay, Mixed",NA
1500756,Kaylyn Brown,F,19,NA,NA,,,2024 Summer,2024,Summer,Paris,Athletics,"Athletics 4 × 400 metres Relay, Mixed",NA
1500757,Sam Reardon,M,20,NA,NA,,,2024 Summer,2024,Summer,Paris,Athletics,"Athletics 4 × 400 metres Relay, Mixed",NA
1500758,Laviai Nielsen,F,28,NA,NA,,,2024 Summer,2024,Summer,Paris,Athletics,"Athletics 4 × 400 metres Relay, Mixed",NA
1500759,Alex Haydock-Wilson,M,24,NA,NA,,,2024 Summer,2024,Summer,Paris,Athletics,"Athletics 4 × 400 metres Relay, Mixed",NA
1500760,Amber Anning,F,23,NA,NA,,,2024 Summer,2024,Summer,Paris,Athletics,"Athletics 4 × 400 metres Relay, Mixed",NA
1500761,Nicole Yeargin,F,26,NA,NA,,,2024 Summer,2024,Summer,Paris,Athletics,"Athletics 4 × 400 metres Relay, Mixed",NA
1500762,Alexander Doom,M,27,NA,NA,,,2024 Summer,2024,Summer,Paris,Athletics,"Athletics 4 × 400 metres Relay, Mixed",NA
1500763,Helena Ponette,F,24,NA,NA,,,2024 Summer,2024,Summer,Paris,Athletics,"Athletics 4 × 400 metres Relay, Mixed",NA
1500764,Jonathan Sacoor,M,24,NA,NA,,,2024 Summer,2024,Summer,Paris,Athletics,"Athletics 4 × 400 metres Relay, Mixed",NA
1500765,Naomi van den Broeck,F,28,NA,NA,,,2024 Summer,2024,Summer,Paris,Athletics,"Athletics 4 × 400 metres Relay, Mixed",NA
1500766,Kévin Borlée,M,36,180.0,67.0,,,2024 Summer,2024,Summer,Paris,Athletics,"Athletics 4 × 400 metres Relay, Mixed",NA
1500767,Reheem Hayles,M,23,NA,NA,,,2024 Summer,2024,Summer,Paris,Athletics,"Athletics 4 × 400 metres Relay, Mixed",NA
1500768,Junelle Bromfield,F,26,NA,NA,,,2024 Summer,2024,Summer,Paris,Athletics,"Athletics 4 × 400 metres Relay, Mixed",NA
1500769,Zandrion Barnes,M,22,NA,NA,,,2024 Summer,2024,Summer,Paris,Athletics,"Athletics 4 × 400 metres Relay, Mixed",NA
1500770,Stephenie McPherson,F,35,173.0,57.0,,,2024 Summer,2024,Summer,Paris,Athletics,"Athletics 4 × 400 metres Relay, Mixed",NA
1500771,Luca Sito,M,21,NA,NA,,,2024 Summer,2024,Summer,Paris,Athletics,"Athletics 4 × 400 metres Relay, Mixed",NA
1500772,Giancarla Trevisan,F,31,NA,NA,,,2024 Summer,2024,Summer,Paris,Athletics,"Athletics 4 × 400 metres Relay, Mixed",NA
1500773,Edoardo Scotti,M,24,NA,NA,,,2024 Summer,2024,Summer,Paris,Athletics,"Athletics 4 × 400 metres Relay, Mixed",NA
1500774,Alice Mangione,F,27,NA,NA,,,2024 Summer,2024,Summer,Paris,Athletics,"Athletics 4 × 400 metres Relay, Mixed",NA
1500775,Anna Polinari,F,25,NA,NA,,,2024 Summer,2024,Summer,Paris,Athletics,"Athletics 4 × 400 metres Relay, Mixed",NA
1500776,Maksymilian Szwed,M,19,NA,NA,,,2024 Summer,2024,Summer,Paris,Athletics,"Athletics 4 × 400 metres Relay, Mixed",NA
1500777,Justyna Święty-Ersetic,F,31,165.0,57.0,,,2024 Summer,2024,Summer,Paris,Athletics,"Athletics 4 × 400 metres Relay, Mixed",NA
1500778,Karol Zalewski,M,30,189.0,96.0,,,2024 Summer,2024,Summer,Paris,Athletics,"Athletics 4 × 400 metres Relay, Mixed",NA
1500779,Alicja Wrona-Kutrzepa,F,28,NA,NA,,,2024 Summer,2024,Summer,Paris,Athletics,"Athletics 4 × 400 metres Relay, Mixed",NA
1500780,Marika Popowicz-Drapała,F,36,164.0,55.0,,,2024 Summer,2024,Summer,Paris,Athletics,"Athletics 4 × 400 metres Relay, Mixed",NA
1500781,Muhammad Abdallah Kounta,M,29,NA,NA,,,2024 Summer,2024,Summer,Paris,Athletics,"Athletics 4 × 400 metres Relay, Mixed",NA
1500782,Louise Maraval,F,22,NA,NA,,,2024 Summer,2024,Summer,Paris,Athletics,"Athletics 4 × 400 metres Relay, Mixed",NA
1500783,Fabrisio Saïdy,M,25,NA,NA,,,2024 Summer,2024,Summer,Paris,Athletics,"Athletics 4 × 400 metres Relay, Mixed",NA
1500784,Amandine Brossier,F,28,NA,NA,,,2024 Summer,2024,Summer,Paris,Athletics,"Athletics 4 × 400 metres Relay, Mixed",NA
1500785,Téo Andant,M,24,NA,NA,,,2024 Summer,2024,Summer,Paris,Athletics,"Athletics 4 × 400 metres Relay, Mixed",NA
1500786,Samuel Ogazi,M,18,NA,NA,,,2024 Summer,2024,Summer,Paris,Athletics,"Athletics 4 × 400 metres Relay, Mixed",NA
1500787,Ella Onojuvwevwo,F,19,NA,NA,,,2024 Summer,2024,Summer,Paris,Athletics,"Athletics 4 × 400 metres Relay, Mixed",NA
1500788,Emmanuel Ojeli,M,25,NA,NA,,,2024 Summer,2024,Summer,Paris,Athletics,"Athletics 4 × 400 metres Relay, Mixed",NA
1500789,Patience Okon George,F,32,169.0,63.0,,,2024 Summer,2024,Summer,Paris,Athletics,"Athletics 4 × 400 metres Relay, Mixed",NA
1500790,Chris O'Donnell,M,26,NA,NA,,,2024 Summer,2024,Summer,Paris,Athletics,"Athletics 4 × 400 metres Relay, Mixed",NA
1500791,Sophie Becker,F,27,NA,NA,,,2024 Summer,2024,Summer,Paris,Athletics,"Athletics 4 × 400 metres Relay, Mixed",NA
1500792,Thomas Barr,M,31,183.0,73.0,,,2024 Summer,2024,Summer,Paris,Athletics,"Athletics 4 × 400 metres Relay, Mixed",NA
1500793,Sharlene Mawdsley,F,25,NA,NA,,,2024 Summer,2024,Summer,Paris,Athletics,"Athletics 4 × 400 metres Relay, Mixed",NA
1500794,Charles Devantay,M,26,NA,NA,,,2024 Summer,2024,Summer,Paris,Athletics,"Athletics 4 × 400 metres Relay, Mixed",NA
1500795,Giulia Senn,F,22,NA,NA,,,2024 Summer,2024,Summer,Paris,Athletics,"Athletics 4 × 400 metres Relay, Mixed",NA
1500796,Lionel Spitz,M,23,NA,NA,,,2024 Summer,2024,Summer,Paris,Athletics,"Athletics 4 × 400 metres Relay, Mixed",NA
1500797,Yasmin Giger,F,24,NA,NA,,,2024 Summer,2024,Summer,Paris,Athletics,"Athletics 4 × 400 metres Relay, Mixed",NA
1500798,Oleksandr Pohorilko,M,24,NA,NA,,,2024 Summer,2024,Summer,Paris,Athletics,"Athletics 4 × 400 metres Relay, Mixed",NA
1500799,Tetiana Melnyk,F,29,185.0,63.0,,,2024 Summer,2024,Summer,Paris,Athletics,"Athletics 4 × 400 metres Relay, Mixed",NA
1500800,Danylo Danylenko,M,29,NA,NA,,,2024 Summer,2024,Summer,Paris,Athletics,"Athletics 4 × 400 metres Relay, Mixed",NA
1500801,Mariana Shostak,F,23,NA,NA,,,2024 Summer,2024,Summer,Paris,Athletics,"Athletics 4 × 400 metres Relay, Mixed",NA
1500802,David Sanayek Kapirante,M,24,NA,NA,,,2024 Summer,2024,Summer,Paris,Athletics,"Athletics 4 × 400 metres Relay, Mixed",NA
1500803,Veronica Mutua,F,32,NA,NA,,,2024 Summer,2024,Summer,Paris,Athletics,"Athletics 4 × 400 metres Relay, Mixed",NA
1500804,Bonface Mweresa,M,30,170.0,70.0,,,2024 Summer,2024,Summer,Paris,Athletics,"Athletics 4 × 400 metres Relay, Mixed",NA
1500805,Mercy Chebet,F,22,NA,NA,,,2024 Summer,2024,Summer,Paris,Athletics,"Athletics 4 × 400 metres Relay, Mixed",NA
1500806,Jean Paul Bredau,M,25,190.0,82.0,,,2024 Summer,2024,Summer,Paris,Athletics,"Athletics 4 × 400 metres Relay, Mixed",NA
1500807,Alica Schmidt,F,25,NA,NA,,,2024 Summer,2024,Summer,Paris,Athletics,"Athletics 4 × 400 metres Relay, Mixed",NA
1500808,Manuel Sanders,M,26,NA,NA,,,2024 Summer,2024,Summer,Paris,Athletics,"Athletics 4 × 400 metres Relay, Mixed",NA
1500809,Eileen Demes,F,26,NA,NA,,,2024 Summer,2024,Summer,Paris,Athletics,"Athletics 4 × 400 metres Relay, Mixed",NA
1500810,Wendell Miller,M,21,NA,NA,,,2024 Summer,2024,Summer,Paris,Athletics,"Athletics 4 × 400 metres Relay, Mixed",NA
1500811,Javonya Valcourt,F,19,NA,NA,,,2024 Summer,2024,Summer,Paris,Athletics,"Athletics 4 × 400 metres Relay, Mixed",NA
1500812,Alonzo Russell,M,32,174.0,68.0,,,2024 Summer,2024,Summer,Paris,Athletics,"Athletics 4 × 400 metres Relay, Mixed",NA
1500813,Quincy Penn,F,18,NA,NA,,,2024 Summer,2024,Summer,Paris,Athletics,"Athletics 4 × 400 metres Relay, Mixed",NA
1500814,Erick Sánchez,M,26,NA,NA,,,2024 Summer,2024,Summer,Paris,Athletics,"Athletics 4 × 400 metres Relay, Mixed",NA
1500815,Milagros Durán,F,23,NA,NA,,,2024 Summer,2024,Summer,Paris,Athletics,"Athletics 4 × 400 metres Relay, Mixed",NA
1500816,Robert King,M,28,NA,NA,,,2024 Summer,2024,Summer,Paris,Athletics,"Athletics 4 × 400 metres Relay, Mixed",NA
1500817,Anabel Medina,F,27,NA,NA,,,2024 Summer,2024,Summer,Paris,Athletics,"Athletics 4 × 400 metres Relay, Mixed",NA
1500818,Álvaro Martín,M,30,179.0,63.0,,,2024 Summer,2024,Summer,Paris,Athletics,"Athletics Marathon Race Walk Relay, Mixed",NA
1500819,María Pérez,F,28,158.0,46.0,,,2024 Summer,2024,Summer,Paris,Athletics,"Athletics Marathon Race Walk Relay, Mixed",NA
1500820,Brian Pintado,M,28,168.0,57.0,,,2024 Summer,2024,Summer,Paris,Athletics,"Athletics Marathon Race Walk Relay, Mixed",NA
1500821,Glenda Morejón,F,24,NA,NA,,,2024 Summer,2024,Summer,Paris,Athletics,"Athletics Marathon Race Walk Relay, Mixed",NA
1500822,Rhydian Cowley,M,33,181.0,65.0,,,2024 Summer,2024,Summer,Paris,Athletics,"Athletics Marathon Race Walk Relay, Mixed",NA
1500823,Jemima Montag,F,26,NA,NA,,,2024 Summer,2024,Summer,Paris,Athletics,"Athletics Marathon Race Walk Relay, Mixed",NA
1500824,César Augusto Rodríguez,M,27,NA,NA,,,2024 Summer,2024,Summer,Paris,Athletics,"Athletics Marathon Race Walk Relay, Mixed",NA
1500825,Kimberly García,F,30,164.0,51.0,,,2024 Summer,2024,Summer,Paris,Athletics,"Athletics Marathon Race Walk Relay, Mixed",NA
1500826,Ever Palma,M,32,166.0,62.0,,,2024 Summer,2024,Summer,Paris,Athletics,"Athletics Marathon Race Walk Relay, Mixed",NA
1500827,Alegna González,F,25,NA,NA,,,2024 Summer,2024,Summer,Paris,Athletics,"Athletics Marathon Race Walk Relay, Mixed",NA
1500828,Massimo Stano,M,32,NA,NA,,,2024 Summer,2024,Summer,Paris,Athletics,"Athletics Marathon Race Walk Relay, Mixed",NA
1500829,Antonella Palmisano,F,32,165.0,45.0,,,2024 Summer,2024,Summer,Paris,Athletics,"Athletics Marathon Race Walk Relay, Mixed",NA
1500830,Caio Bonfim,M,33,174.0,60.0,,,2024 Summer,2024,Summer,Paris,Athletics,"Athletics Marathon Race Walk Relay, Mixed",NA
1500831,Viviane Lyra,F,30,158.0,NA,,,2024 Summer,2024,Summer,Paris,Athletics,"Athletics Marathon Race Walk Relay, Mixed",NA
1500832,Masatora Kawano,M,25,NA,NA,,,2024 Summer,2024,Summer,Paris,Athletics,"Athletics Marathon Race Walk Relay, Mixed",NA
1500833,Kumiko Okada,F,32,158.0,47.0,,,2024 Summer,2024,Summer,Paris,Athletics,"Athletics Marathon Race Walk Relay, Mixed",NA
1500834,Miguel Ángel López,M,36,181.0,70.0,,,2024 Summer,2024,Summer,Paris,Athletics,"Athletics Marathon Race Walk Relay, Mixed",NA
1500835,Cristina Montesinos,F,30,NA,NA,,,2024 Summer,2024,Summer,Paris,Athletics,"Athletics Marathon Race Walk Relay, Mixed",NA
1500836,Christopher Linke,M,35,191.0,66.0,,,2024 Summer,2024,Summer,Paris,Athletics,"Athletics Marathon Race Walk Relay, Mixed",NA
1500837,Saskia Feige,F,26,162.0,52.0,,,2024 Summer,2024,Summer,Paris,Athletics,"Athletics Marathon Race Walk Relay, Mixed",NA
1500838,Aurélien Quinion,M,31,NA,NA,,,2024 Summer,2024,Summer,Paris,Athletics,"Athletics Marathon Race Walk Relay, Mixed",NA
1500839,Clémence Beretta,F,26,NA,NA,,,2024 Summer,2024,Summer,Paris,Athletics,"Athletics Marathon Race Walk Relay, Mixed",NA
1500840,Mateo Romero,M,21,NA,NA,,,2024 Summer,2024,Summer,Paris,Athletics,"Athletics Marathon Race Walk Relay, Mixed",NA
1500841,Lorena Arenas,F,30,160.0,50.0,,,2024 Summer,2024,Summer,Paris,Athletics,"Athletics Marathon Race Walk Relay, Mixed",NA
1500842,Kazuki Takahashi,M,28,NA,NA,,,2024 Summer,2024,Summer,Paris,Athletics,"Athletics Marathon Race Walk Relay, Mixed",NA
1500843,Ayane Yanai,F,20,NA,NA,,,2024 Summer,2024,Summer,Paris,Athletics,"Athletics Marathon Race Walk Relay, Mixed",NA
1500844,He Xianghong,M,26,NA,NA,,,2024 Summer,2024,Summer,Paris,Athletics,"Athletics Marathon Race Walk Relay, Mixed",NA
1500845,Qieyang Shijie,F,33,160.0,45.0,,,2024 Summer,2024,Summer,Paris,Athletics,"Athletics Marathon Race Walk Relay, Mixed",NA
1500846,Zhang Jun,M,25,NA,NA,,,2024 Summer,2024,Summer,Paris,Athletics,"Athletics Marathon Race Walk Relay, Mixed",NA
1500847,Yang Jiayu,F,28,NA,NA,,,2024 Summer,2024,Summer,Paris,Athletics,"Athletics Marathon Race Walk Relay, Mixed",NA
1500848,Maher Ben Halima,M,34,NA,NA,,,2024 Summer,2024,Summer,Paris,Athletics,"Athletics Marathon Race Walk Relay, Mixed",NA
1500849,Olga Chojecka,F,27,NA,NA,,,2024 Summer,2024,Summer,Paris,Athletics,"Athletics Marathon Race Walk Relay, Mixed",NA
1500850,Ivan Banzeruk,M,34,180.0,70.0,,,2024 Summer,2024,Summer,Paris,Athletics,"Athletics Marathon Race Walk Relay, Mixed",NA
1500851,Liudmyla Olyanovska,F,31,NA,NA,,,2024 Summer,2024,Summer,Paris,Athletics,"Athletics Marathon Race Walk Relay, Mixed",NA
1500852,Dominik Černý,M,26,NA,NA,,,2024 Summer,2024,Summer,Paris,Athletics,"Athletics Marathon Race Walk Relay, Mixed",NA
1500853,Hana Burzalová,F,23,NA,NA,,,2024 Summer,2024,Summer,Paris,Athletics,"Athletics Marathon Race Walk Relay, Mixed",NA
1500854,César Herrera,M,25,NA,NA,,,2024 Summer,2024,Summer,Paris,Athletics,"Athletics Marathon Race Walk Relay, Mixed",NA
1500855,Laura Chalarca,F,24,NA,NA,,,2024 Summer,2024,Summer,Paris,Athletics,"Athletics Marathon Race Walk Relay, Mixed",NA
1500856,Evan Dunfee,M,33,182.0,70.0,,,2024 Summer,2024,Summer,Paris,Athletics,"Athletics Marathon Race Walk Relay, Mixed",NA
1500857,Olivia Lundman,F,21,NA,NA,,,2024 Summer,2024,Summer,Paris,Athletics,"Athletics Marathon Race Walk Relay, Mixed",NA
1500858,Bence Venyercsán,M,28,173.0,56.0,,,2024 Summer,2024,Summer,Paris,Athletics,"Athletics Marathon Race Walk Relay, Mixed",NA
1500859,Rita Récsei,F,28,168.0,54.0,,,2024 Summer,2024,Summer,Paris,Athletics,"Athletics Marathon Race Walk Relay, Mixed",NA
1500860,Declan Tingay,M,25,NA,NA,,,2024 Summer,2024,Summer,Paris,Athletics,"Athletics Marathon Race Walk Relay, Mixed",NA
1500861,Rebecca Henderson,F,23,NA,NA,,,2024 Summer,2024,Summer,Paris,Athletics,"Athletics Marathon Race Walk Relay, Mixed",NA
1500862,Mazlum Demir,M,20,NA,NA,,,2024 Summer,2024,Summer,Paris,Athletics,"Athletics Marathon Race Walk Relay, Mixed",NA
1500863,Ayşe Tekdal,F,24,NA,NA,,,2024 Summer,2024,Summer,Paris,Athletics,"Athletics Marathon Race Walk Relay, Mixed",NA
1500864,Vít Hlaváč,M,27,NA,NA,,,2024 Summer,2024,Summer,Paris,Athletics,"Athletics Marathon Race Walk Relay, Mixed",NA
1500865,Eliška Martínková,F,22,NA,NA,,,2024 Summer,2024,Summer,Paris,Athletics,"Athletics Marathon Race Walk Relay, Mixed",NA
1500866,Suraj Panwar,M,23,172.0,61.0,,,2024 Summer,2024,Summer,Paris,Athletics,"Athletics Marathon Race Walk Relay, Mixed",NA
1500867,Priyanka,F,28,NA,NA,,,2024 Summer,2024,Summer,Paris,Athletics,"Athletics Marathon Race Walk Relay, Mixed",NA
1500868,Stefanos Ntouskos,M,23,186.0,73.0,GRE,GRE,2020 Summer,2020,Summer,Tokyo,Rowing,"Rowing Single Sculls, Men",Gold
1500869,Kjetil Borch,M,30,193.0,84.0,NOR,NOR,2020 Summer,2020,Summer,Tokyo,Rowing,"Rowing Single Sculls, Men",Silver
1500870,Damir Martin,M,32,189.0,97.0,CRO,CRO,2020 Summer,2020,Summer,Tokyo,Rowing,"Rowing Single Sculls, Men",Bronze
1500871,Sverri Nielsen,M,26,NA,NA,DEN,DEN,2020 Summer,2020,Summer,Tokyo,Rowing,"Rowing Single Sculls, Men",NA
1500872,Aleksandr Vyazovkin,M,23,NA,NA,ROC,ROC,2020 Summer,2020,Summer,Tokyo,Rowing,"Rowing Single Sculls, Men",NA
1500873,Mindaugas Griškonis,M,34,190.0,92.0,LTU,LTU,2020 Summer,2020,Summer,Tokyo,Rowing,"Rowing Single Sculls, Men",NA
1500874,Oliver Zeidler,M,23,NA,NA,GER,GER,2020 Summer,2020,Summer,Tokyo,Rowing,"Rowing Single Sculls, Men",NA
1500875,Gennaro Di Mauro,M,18,210.0,NA,ITA,ITA,2020 Summer,2020,Summer,Tokyo,Rowing,"Rowing Single Sculls, Men",NA
1500876,Trevor Jones,M,22,NA,NA,CAN,CAN,2020 Summer,2020,Summer,Tokyo,Rowing,"Rowing Single Sculls, Men",NA
1500877,Bendegúz Pétervári-Molnár,M,27,190.0,95.0,HUN,HUN,2020 Summer,2020,Summer,Tokyo,Rowing,"Rowing Single Sculls, Men",NA
1500878,Ryuta Arakawa,M,25,NA,NA,JPN,JPN,2020 Summer,2020,Summer,Tokyo,Rowing,"Rowing Single Sculls, Men",NA
1500879,Lucas Verthein,M,22,190.0,85.0,BRA,BRA,2020 Summer,2020,Summer,Tokyo,Rowing,"Rowing Single Sculls, Men",NA
1500880,Jordan Parry,M,24,189.0,NA,NZL,NZL,2020 Summer,2020,Summer,Tokyo,Rowing,"Rowing Single Sculls, Men",NA
1500881,Abdelkhalek El-Banna,M,32,193.0,95.0,EGY,EGY,2020 Summer,2020,Summer,Tokyo,Rowing,"Rowing Single Sculls, Men",NA
1500882,Quentin Antognelli,M,25,NA,NA,MON,MON,2020 Summer,2020,Summer,Tokyo,Rowing,"Rowing Single Sculls, Men",NA
1500883,Jan Fleissner,M,22,NA,NA,CZE,CZE,2020 Summer,2020,Summer,Tokyo,Rowing,"Rowing Single Sculls, Men",NA
1500884,Álvaro Torres,M,27,180.0,NA,PER,PER,2020 Summer,2020,Summer,Tokyo,Rowing,"Rowing Single Sculls, Men",NA
1500885,Dara Alizadeh,M,26,NA,NA,BER,BER,2020 Summer,2020,Summer,Tokyo,Rowing,"Rowing Single Sculls, Men",NA
1500886,Vladislav Yakovlev,M,27,188.0,85.0,KAZ,KAZ,2020 Summer,2020,Summer,Tokyo,Rowing,"Rowing Single Sculls, Men",NA
1500887,Peter Purcell-Gilpin,M,26,189.0,84.0,ZIM,ZIM,2020 Summer,2020,Summer,Tokyo,Rowing,"Rowing Single Sculls, Men",NA
1500888,Onat Kazaklı,M,27,NA,NA,TUR,TUR,2020 Summer,2020,Summer,Tokyo,Rowing,"Rowing Single Sculls, Men",NA
1500889,Mohammed Riyadh,M,26,181.0,75.0,IRQ,IRQ,2020 Summer,2020,Summer,Tokyo,Rowing,"Rowing Single Sculls, Men",NA
1500890,Cris Nievarez,M,20,181.0,NA,PHI,PHI,2020 Summer,2020,Summer,Tokyo,Rowing,"Rowing Single Sculls, Men",NA
1500891,Husein Ali Reza,M,26,190.0,92.0,KSA,KSA,2020 Summer,2020,Summer,Tokyo,Rowing,"Rowing Single Sculls, Men",NA
1500892,Ignacio Vásquez,M,21,NA,NA,DOM,DOM,2020 Summer,2020,Summer,Tokyo,Rowing,"Rowing Single Sculls, Men",NA
1500893,Félix Potoy,M,25,NA,NA,NCA,NCA,2020 Summer,2020,Summer,Tokyo,Rowing,"Rowing Single Sculls, Men",NA
1500894,Privel Hinkati,M,31,181.0,NA,BEN,BEN,2020 Summer,2020,Summer,Tokyo,Rowing,"Rowing Single Sculls, Men",NA
1500895,Franck N'dri,M,23,178.0,74.0,CIV,CIV,2020 Summer,2020,Summer,Tokyo,Rowing,"Rowing Single Sculls, Men",NA
1500896,Al-Hussein Gambour,M,30,175.0,68.0,LBA,LBA,2020 Summer,2020,Summer,Tokyo,Rowing,"Rowing Single Sculls, Men",NA
1500897,Riilio Rii,M,26,NA,NA,VAN,VAN,2020 Summer,2020,Summer,Tokyo,Rowing,"Rowing Single Sculls, Men",NA
1500898,Abdul Rahman Al-Fadhel,M,26,NA,NA,KUW,KUW,2020 Summer,2020,Summer,Tokyo,Rowing,"Rowing Single Sculls, Men",NA
1500899,Finn Florijn,M,20,NA,NA,NED,NED,2020 Summer,2020,Summer,Tokyo,Rowing,"Rowing Single Sculls, Men",NA
1500900,Hugo Boucheron,M,27,195.0,90.0,,,2020 Summer,2020,Summer,Tokyo,Rowing,"Rowing Double Sculls, Men",NA
1500901,Matthieu Androdias,M,30,194.0,94.0,,,2020 Summer,2020,Summer,Tokyo,Rowing,"Rowing Double Sculls, Men",NA
1500902,Melvin Twellaar,M,23,NA,NA,,,2020 Summer,2020,Summer,Tokyo,Rowing,"Rowing Double Sculls, Men",NA
1500903,Stef Broenink,M,29,195.0,NA,,,2020 Summer,2020,Summer,Tokyo,Rowing,"Rowing Double Sculls, Men",NA
1500904,Liu Zhiyu,M,27,NA,NA,,,2020 Summer,2020,Summer,Tokyo,Rowing,"Rowing Double Sculls, Men",NA
1500905,Zhang Liang,M,33,196.0,96.0,,,2020 Summer,2020,Summer,Tokyo,Rowing,"Rowing Double Sculls, Men",NA
1500906,Graeme Thomas,M,31,194.0,NA,,,2020 Summer,2020,Summer,Tokyo,Rowing,"Rowing Double Sculls, Men",NA
1500907,John Collins,M,31,192.0,95.0,,,2020 Summer,2020,Summer,Tokyo,Rowing,"Rowing Double Sculls, Men",NA
1500908,Barnabé Delarze,M,26,193.0,100.0,,,2020 Summer,2020,Summer,Tokyo,Rowing,"Rowing Double Sculls, Men",NA
1500909,Roman Röösli,M,26,191.0,87.0,,,2020 Summer,2020,Summer,Tokyo,Rowing,"Rowing Double Sculls, Men",NA
1500910,Mirosław Ziętarski,M,27,190.0,90.0,,,2020 Summer,2020,Summer,Tokyo,Rowing,"Rowing Double Sculls, Men",NA
1500911,Mateusz Biskup,M,26,190.0,91.0,,,2020 Summer,2020,Summer,Tokyo,Rowing,"Rowing Double Sculls, Men",NA
1500912,Ilya Kondratyev,M,30,NA,NA,,,2020 Summer,2020,Summer,Tokyo,Rowing,"Rowing Double Sculls, Men",NA
1500913,Andrey Potapkin,M,24,NA,NA,,,2020 Summer,2020,Summer,Tokyo,Rowing,"Rowing Double Sculls, Men",NA
1500914,Jack Lopas,M,21,NA,NA,,,2020 Summer,2020,Summer,Tokyo,Rowing,"Rowing Double Sculls, Men",NA
1500915,Chris Harris,M,34,187.0,89.0,,,2020 Summer,2020,Summer,Tokyo,Rowing,"Rowing Double Sculls, Men",NA
1500916,Ioan Prundeanu,M,27,188.0,NA,,,2020 Summer,2020,Summer,Tokyo,Rowing,"Rowing Double Sculls, Men",NA
1500917,Marian Enache,M,24,200.0,NA,,,2020 Summer,2020,Summer,Tokyo,Rowing,"Rowing Double Sculls, Men",NA
1500918,Ronan Byrne,M,22,NA,NA,,,2020 Summer,2020,Summer,Tokyo,Rowing,"Rowing Double Sculls, Men",NA
1500919,Philip Doyle,M,27,197.0,NA,,,2020 Summer,2020,Summer,Tokyo,Rowing,"Rowing Double Sculls, Men",NA
1500920,Stephan Krüger,M,31,187.0,86.0,,,2020 Summer,2020,Summer,Tokyo,Rowing,"Rowing Double Sculls, Men",NA
1500921,Marc Weber,M,22,191.0,NA,,,2020 Summer,2020,Summer,Tokyo,Rowing,"Rowing Double Sculls, Men",NA
1500922,Saulius Ritter,M,31,202.0,110.0,,,2020 Summer,2020,Summer,Tokyo,Rowing,"Rowing Double Sculls, Men",NA
1500923,Aurimas Adomavičius,M,26,204.0,100.0,,,2020 Summer,2020,Summer,Tokyo,Rowing,"Rowing Double Sculls, Men",NA
1500924,Jakub Podrazil,M,28,199.0,100.0,,,2020 Summer,2020,Summer,Tokyo,Rowing,"Rowing Double Sculls, Men",NA
1500925,Jan Cincibuch,M,22,NA,NA,,,2020 Summer,2020,Summer,Tokyo,Rowing,"Rowing Double Sculls, Men",NA
1500926,Dirk Uittenbogaard,M,30,199.0,93.0,,,2020 Summer,2020,Summer,Tokyo,Rowing,"Rowing Quadruple Sculls, Men",NA
1500927,Abe Wiersma,M,25,NA,NA,,,2020 Summer,2020,Summer,Tokyo,Rowing,"Rowing Quadruple Sculls, Men",NA
1500928,Tone Wieten,M,26,201.0,102.0,,,2020 Summer,2020,Summer,Tokyo,Rowing,"Rowing Quadruple Sculls, Men",NA
1500929,Koen Metsemakers,M,28,NA,NA,,,2020 Summer,2020,Summer,Tokyo,Rowing,"Rowing Quadruple Sculls, Men",NA
1500930,Harry Leask,M,24,195.0,NA,,,2020 Summer,2020,Summer,Tokyo,Rowing,"Rowing Quadruple Sculls, Men",NA
1500931,Angus Groom,M,28,195.0,94.0,,,2020 Summer,2020,Summer,Tokyo,Rowing,"Rowing Quadruple Sculls, Men",NA
1500932,Tom Barras,M,26,193.0,NA,,,2020 Summer,2020,Summer,Tokyo,Rowing,"Rowing Quadruple Sculls, Men",NA
1500933,Jack Beaumont,M,26,188.0,88.0,,,2020 Summer,2020,Summer,Tokyo,Rowing,"Rowing Quadruple Sculls, Men",NA
1500934,Jack Cleary,M,24,187.0,90.0,,,2020 Summer,2020,Summer,Tokyo,Rowing,"Rowing Quadruple Sculls, Men",NA
1500935,Caleb Antill,M,24,188.0,92.0,,,2020 Summer,2020,Summer,Tokyo,Rowing,"Rowing Quadruple Sculls, Men",NA
1500936,Cam Girdlestone,M,32,190.0,92.0,,,2020 Summer,2020,Summer,Tokyo,Rowing,"Rowing Quadruple Sculls, Men",NA
1500937,Luke Letcher,M,26,205.0,NA,,,2020 Summer,2020,Summer,Tokyo,Rowing,"Rowing Quadruple Sculls, Men",NA
1500938,Dominik Czaja,M,24,NA,NA,,,2020 Summer,2020,Summer,Tokyo,Rowing,"Rowing Quadruple Sculls, Men",NA
1500939,Wiktor Chabel,M,34,192.0,98.0,,,2020 Summer,2020,Summer,Tokyo,Rowing,"Rowing Quadruple Sculls, Men",NA
1500940,Szymon Pośnik,M,27,NA,NA,,,2020 Summer,2020,Summer,Tokyo,Rowing,"Rowing Quadruple Sculls, Men",NA
1500941,Fabian Barański,M,21,NA,NA,,,2020 Summer,2020,Summer,Tokyo,Rowing,"Rowing Quadruple Sculls, Men",NA
1500942,Simone Venier,M,35,196.0,94.0,,,2020 Summer,2020,Summer,Tokyo,Rowing,"Rowing Quadruple Sculls, Men",NA
1500943,Andrea Panizza,M,22,190.0,NA,,,2020 Summer,2020,Summer,Tokyo,Rowing,"Rowing Quadruple Sculls, Men",NA
1500944,Luca Rambaldi,M,25,191.0,NA,,,2020 Summer,2020,Summer,Tokyo,Rowing,"Rowing Quadruple Sculls, Men",NA
1500945,Giacomo Gentili,M,23,198.0,NA,,,2020 Summer,2020,Summer,Tokyo,Rowing,"Rowing Quadruple Sculls, Men",NA
1500946,Jüri-Mikk Udam,M,26,192.0,88.0,,,2020 Summer,2020,Summer,Tokyo,Rowing,"Rowing Quadruple Sculls, Men",NA
1500947,Allar Raja,M,37,190.0,95.0,,,2020 Summer,2020,Summer,Tokyo,Rowing,"Rowing Quadruple Sculls, Men",NA
1500948,Tõnu Endrekson,M,41,198.0,104.0,,,2020 Summer,2020,Summer,Tokyo,Rowing,"Rowing Quadruple Sculls, Men",NA
1500949,Kaspar Taimsoo,M,33,194.0,95.0,,,2020 Summer,2020,Summer,Tokyo,Rowing,"Rowing Quadruple Sculls, Men",NA
1500950,Yi Xudi,M,26,NA,NA,,,2020 Summer,2020,Summer,Tokyo,Rowing,"Rowing Quadruple Sculls, Men",NA
1500951,Zang Ha,M,24,NA,NA,,,2020 Summer,2020,Summer,Tokyo,Rowing,"Rowing Quadruple Sculls, Men",NA
1500952,Liu Dang,M,30,NA,NA,,,2020 Summer,2020,Summer,Tokyo,Rowing,"Rowing Quadruple Sculls, Men",NA
1500953,Zhang Quan,M,29,NA,NA,,,2020 Summer,2020,Summer,Tokyo,Rowing,"Rowing Quadruple Sculls, Men",NA
1500954,Tim Naske,M,24,184.0,84.0,,,2020 Summer,2020,Summer,Tokyo,Rowing,"Rowing Quadruple Sculls, Men",NA
1500955,Karl Schulze,M,32,190.0,100.0,,,2020 Summer,2020,Summer,Tokyo,Rowing,"Rowing Quadruple Sculls, Men",NA
1500956,Hans Gruhne,M,31,193.0,92.0,,,2020 Summer,2020,Summer,Tokyo,Rowing,"Rowing Quadruple Sculls, Men",NA
1500957,Max Appel,M,24,194.0,NA,,,2020 Summer,2020,Summer,Tokyo,Rowing,"Rowing Quadruple Sculls, Men",NA
1500958,Martin Helseth,M,26,192.0,NA,,,2020 Summer,2020,Summer,Tokyo,Rowing,"Rowing Quadruple Sculls, Men",NA
1500959,Olaf Tufte,M,44,193.0,94.0,,,2020 Summer,2020,Summer,Tokyo,Rowing,"Rowing Quadruple Sculls, Men",NA
1500960,Oscar Helvig,M,24,200.0,NA,,,2020 Summer,2020,Summer,Tokyo,Rowing,"Rowing Quadruple Sculls, Men",NA
1500961,Erik Solbakken,M,25,196.0,NA,,,2020 Summer,2020,Summer,Tokyo,Rowing,"Rowing Quadruple Sculls, Men",NA
1500962,Armandas Kelmelis,M,22,193.0,86.0,,,2020 Summer,2020,Summer,Tokyo,Rowing,"Rowing Quadruple Sculls, Men",NA
1500963,Martynas Džiaugys,M,33,189.0,95.0,,,2020 Summer,2020,Summer,Tokyo,Rowing,"Rowing Quadruple Sculls, Men",NA
1500964,Dovydas Nemeravičius,M,23,193.0,98.0,,,2020 Summer,2020,Summer,Tokyo,Rowing,"Rowing Quadruple Sculls, Men",NA
1500965,Dominykas Jančionis,M,27,192.0,95.0,,,2020 Summer,2020,Summer,Tokyo,Rowing,"Rowing Quadruple Sculls, Men",NA
1500966,Martin Sinković,M,30,188.0,95.0,,,2020 Summer,2020,Summer,Tokyo,Rowing,"Rowing Coxless Pairs, Men",NA
1500967,Valent Sinković,M,31,187.0,93.0,,,2020 Summer,2020,Summer,Tokyo,Rowing,"Rowing Coxless Pairs, Men",NA
1500968,Marius Cozmiuc,M,27,197.0,94.0,,,2020 Summer,2020,Summer,Tokyo,Rowing,"Rowing Coxless Pairs, Men",NA
1500969,Ciprian Tudosă,M,23,195.0,82.0,,,2020 Summer,2020,Summer,Tokyo,Rowing,"Rowing Coxless Pairs, Men",NA
1500970,Frederic Vystavel,M,26,NA,NA,,,2020 Summer,2020,Summer,Tokyo,Rowing,"Rowing Coxless Pairs, Men",NA
1500971,Joachim Sutton,M,25,NA,NA,,,2020 Summer,2020,Summer,Tokyo,Rowing,"Rowing Coxless Pairs, Men",NA
1500972,Kai Langerfeld,M,33,197.0,100.0,,,2020 Summer,2020,Summer,Tokyo,Rowing,"Rowing Coxless Pairs, Men",NA
1500973,Conlin McCabe,M,29,205.0,100.0,,,2020 Summer,2020,Summer,Tokyo,Rowing,"Rowing Coxless Pairs, Men",NA
1500974,Martin Mačković,M,24,NA,NA,,,2020 Summer,2020,Summer,Tokyo,Rowing,"Rowing Coxless Pairs, Men",NA
1500975,Miloš Vasić,M,29,196.0,94.0,,,2020 Summer,2020,Summer,Tokyo,Rowing,"Rowing Coxless Pairs, Men",NA
1500976,Jaime Canalejo,M,28,195.0,88.0,,,2020 Summer,2020,Summer,Tokyo,Rowing,"Rowing Coxless Pairs, Men",NA
1500977,Javier García,M,28,185.0,81.0,,,2020 Summer,2020,Summer,Tokyo,Rowing,"Rowing Coxless Pairs, Men",NA
1500978,Niki van Sprang,M,27,NA,NA,,,2020 Summer,2020,Summer,Tokyo,Rowing,"Rowing Coxless Pairs, Men",NA
1500979,Guillaume Krommenhoek,M,28,202.0,NA,,,2020 Summer,2020,Summer,Tokyo,Rowing,"Rowing Coxless Pairs, Men",NA
1500980,Dzmitry Furman,M,30,193.0,94.0,,,2020 Summer,2020,Summer,Tokyo,Rowing,"Rowing Coxless Pairs, Men",NA
1500981,Siarhei Valadzko,M,27,NA,NA,,,2020 Summer,2020,Summer,Tokyo,Rowing,"Rowing Coxless Pairs, Men",NA
1500982,Thibaud Turlan,M,23,NA,NA,,,2020 Summer,2020,Summer,Tokyo,Rowing,"Rowing Coxless Pairs, Men",NA
1500983,Guillaume Turlan,M,23,NA,NA,,,2020 Summer,2020,Summer,Tokyo,Rowing,"Rowing Coxless Pairs, Men",NA
1500984,Sam Hardy,M,24,198.0,92.0,,,2020 Summer,2020,Summer,Tokyo,Rowing,"Rowing Coxless Pairs, Men",NA
1500985,Joshua Hicks,M,29,191.0,NA,,,2020 Summer,2020,Summer,Tokyo,Rowing,"Rowing Coxless Pairs, Men",NA
1500986,Giovanni Abagnale,M,25,198.0,90.0,,,2020 Summer,2020,Summer,Tokyo,Rowing,"Rowing Coxless Pairs, Men",NA
1500987,Vincenzo Abbagnale,M,27,187.0,NA,,,2020 Summer,2020,Summer,Tokyo,Rowing,"Rowing Coxless Pairs, Men",NA
1500988,Marco Di Costanzo,M,28,184.0,87.0,,,2020 Summer,2020,Summer,Tokyo,Rowing,"Rowing Coxless Pairs, Men",NA
1500989,Brook Robertson,M,26,194.0,95.0,,,2020 Summer,2020,Summer,Tokyo,Rowing,"Rowing Coxless Pairs, Men",NA
1500990,Stephen Jones,M,27,192.0,95.0,,,2020 Summer,2020,Summer,Tokyo,Rowing,"Rowing Coxless Pairs, Men",NA
1500991,Luc Daffarn,M,22,NA,NA,,,2020 Summer,2020,Summer,Tokyo,Rowing,"Rowing Coxless Pairs, Men",NA
1500992,Jake Green,M,26,192.0,90.0,,,2020 Summer,2020,Summer,Tokyo,Rowing,"Rowing Coxless Pairs, Men",NA
1500993,Alex Purnell,M,25,195.0,NA,,,2020 Summer,2020,Summer,Tokyo,Rowing,"Rowing Coxless Fours, Men",NA
1500994,Spencer Turrin,M,28,190.0,92.0,,,2020 Summer,2020,Summer,Tokyo,Rowing,"Rowing Coxless Fours, Men",NA
1500995,Jack Hargreaves,M,26,196.0,NA,,,2020 Summer,2020,Summer,Tokyo,Rowing,"Rowing Coxless Fours, Men",NA
1500996,Alex Hill,M,27,194.0,92.0,,,2020 Summer,2020,Summer,Tokyo,Rowing,"Rowing Coxless Fours, Men",NA
1500997,Mihăi Țigănescu,M,22,190.0,NA,,,2020 Summer,2020,Summer,Tokyo,Rowing,"Rowing Coxless Fours, Men",NA
1500998,Mugurel Semciuc,M,22,190.0,NA,,,2020 Summer,2020,Summer,Tokyo,Rowing,"Rowing Coxless Fours, Men",NA
1500999,Sergiu Bejan,M,23,192.0,NA,,,2020 Summer,2020,Summer,Tokyo,Rowing,"Rowing Coxless Fours, Men",NA
1501000,Cosmin Pascari,M,22,193.0,NA,,,2020 Summer,2020,Summer,Tokyo,Rowing,"Rowing Coxless Fours, Men",NA
1501001,Matteo Castaldo,M,34,188.0,86.0,,,2020 Summer,2020,Summer,Tokyo,Rowing,"Rowing Coxless Fours, Men",NA
1501002,Marco Di Costanzo,M,28,184.0,87.0,,,2020 Summer,2020,Summer,Tokyo,Rowing,"Rowing Coxless Fours, Men",NA
1501003,Matteo Lodo,M,25,196.0,90.0,,,2020 Summer,2020,Summer,Tokyo,Rowing,"Rowing Coxless Fours, Men",NA
1501004,Giuseppe Vicino,M,27,195.0,95.0,,,2020 Summer,2020,Summer,Tokyo,Rowing,"Rowing Coxless Fours, Men",NA
1501005,Bruno Rosetti,M,32,NA,NA,,,2020 Summer,2020,Summer,Tokyo,Rowing,"Rowing Coxless Fours, Men",NA
1501006,Ollie Cook,M,30,193.0,NA,,,2020 Summer,2020,Summer,Tokyo,Rowing,"Rowing Coxless Fours, Men",NA
1501007,Matt Rossiter,M,30,189.0,NA,,,2020 Summer,2020,Summer,Tokyo,Rowing,"Rowing Coxless Fours, Men",NA
1501008,Rory Gibbs,M,26,193.0,NA,,,2020 Summer,2020,Summer,Tokyo,Rowing,"Rowing Coxless Fours, Men",NA
1501009,Sholto Carnegie,M,25,196.0,NA,,,2020 Summer,2020,Summer,Tokyo,Rowing,"Rowing Coxless Fours, Men",NA
1501010,Andrew Reed,M,28,191.0,89.0,,,2020 Summer,2020,Summer,Tokyo,Rowing,"Rowing Coxless Fours, Men",NA
1501011,Anders Weiss,M,27,196.0,93.0,,,2020 Summer,2020,Summer,Tokyo,Rowing,"Rowing Coxless Fours, Men",NA
1501012,Michael Grady,M,23,196.0,91.0,,,2020 Summer,2020,Summer,Tokyo,Rowing,"Rowing Coxless Fours, Men",NA
1501013,Clark Dean,M,20,196.0,NA,,,2020 Summer,2020,Summer,Tokyo,Rowing,"Rowing Coxless Fours, Men",NA
1501014,Jan van der Bij,M,28,NA,NA,,,2020 Summer,2020,Summer,Tokyo,Rowing,"Rowing Coxless Fours, Men",NA
1501015,Boudewijn Röell,M,31,195.0,100.0,,,2020 Summer,2020,Summer,Tokyo,Rowing,"Rowing Coxless Fours, Men",NA
1501016,Sander de Graaf,M,25,NA,NA,,,2020 Summer,2020,Summer,Tokyo,Rowing,"Rowing Coxless Fours, Men",NA
1501017,Nelson Ritsema,M,25,NA,NA,,,2020 Summer,2020,Summer,Tokyo,Rowing,"Rowing Coxless Fours, Men",NA
1501018,Mateusz Wilangowski,M,28,195.0,89.0,,,2020 Summer,2020,Summer,Tokyo,Rowing,"Rowing Coxless Fours, Men",NA
1501019,Mikołaj Burda,M,38,192.0,98.0,,,2020 Summer,2020,Summer,Tokyo,Rowing,"Rowing Coxless Fours, Men",NA
1501020,Marcin Brzeziński,M,36,194.0,98.0,,,2020 Summer,2020,Summer,Tokyo,Rowing,"Rowing Coxless Fours, Men",NA
1501021,Michał Szpakowski,M,31,195.0,103.0,,,2020 Summer,2020,Summer,Tokyo,Rowing,"Rowing Coxless Fours, Men",NA
1501022,Jakub Buczek,M,26,NA,NA,,,2020 Summer,2020,Summer,Tokyo,Rowing,"Rowing Coxless Fours, Men",NA
1501023,Luke Gadsdon,M,23,NA,NA,,,2020 Summer,2020,Summer,Tokyo,Rowing,"Rowing Coxless Fours, Men",NA
1501024,Gavin Stone,M,23,NA,NA,,,2020 Summer,2020,Summer,Tokyo,Rowing,"Rowing Coxless Fours, Men",NA
1501025,Will Crothers,M,33,195.0,95.0,,,2020 Summer,2020,Summer,Tokyo,Rowing,"Rowing Coxless Fours, Men",NA
1501026,Paul Jacquot,M,24,NA,NA,,,2020 Summer,2020,Summer,Tokyo,Rowing,"Rowing Coxless Fours, Men",NA
1501027,Markus Kessler,M,28,NA,NA,,,2020 Summer,2020,Summer,Tokyo,Rowing,"Rowing Coxless Fours, Men",NA
1501028,Joel Schürch,M,25,NA,NA,,,2020 Summer,2020,Summer,Tokyo,Rowing,"Rowing Coxless Fours, Men",NA
1501029,Andrin Gulich,M,21,NA,NA,,,2020 Summer,2020,Summer,Tokyo,Rowing,"Rowing Coxless Fours, Men",NA
1501030,Lawrence Brittain,M,29,187.0,94.0,,,2020 Summer,2020,Summer,Tokyo,Rowing,"Rowing Coxless Fours, Men",NA
1501031,Kyle Schoonbee,M,24,NA,NA,,,2020 Summer,2020,Summer,Tokyo,Rowing,"Rowing Coxless Fours, Men",NA
1501032,John Smith,M,30,192.0,72.0,,,2020 Summer,2020,Summer,Tokyo,Rowing,"Rowing Coxless Fours, Men",NA
1501033,Sandro Torrente,M,22,NA,NA,,,2020 Summer,2020,Summer,Tokyo,Rowing,"Rowing Coxless Fours, Men",NA
1501034,Tom MacKintosh,M,23,197.0,NA,,,2020 Summer,2020,Summer,Tokyo,Rowing,"Rowing Eights, Men",NA
1501035,Hamish Bond,M,34,189.0,89.0,,,2020 Summer,2020,Summer,Tokyo,Rowing,"Rowing Eights, Men",NA
1501036,Tom Murray,M,26,189.0,87.0,,,2020 Summer,2020,Summer,Tokyo,Rowing,"Rowing Eights, Men",NA
1501037,Michael Brake,M,25,187.0,91.0,,,2020 Summer,2020,Summer,Tokyo,Rowing,"Rowing Eights, Men",NA
1501038,Dan Williamson,M,20,NA,NA,,,2020 Summer,2020,Summer,Tokyo,Rowing,"Rowing Eights, Men",NA
1501039,Phillip Wilson,M,23,184.0,NA,,,2020 Summer,2020,Summer,Tokyo,Rowing,"Rowing Eights, Men",NA
1501040,Shaun Kirkham,M,27,191.0,96.0,,,2020 Summer,2020,Summer,Tokyo,Rowing,"Rowing Eights, Men",NA
1501041,Matt MacDonald,M,21,198.0,NA,,,2020 Summer,2020,Summer,Tokyo,Rowing,"Rowing Eights, Men",NA
1501042,Sam Bosworth,M,26,169.0,NA,,,2020 Summer,2020,Summer,Tokyo,Rowing,"Rowing Eights, Men",NA
1501043,Johannes Weißenfeld,M,25,199.0,NA,,,2020 Summer,2020,Summer,Tokyo,Rowing,"Rowing Eights, Men",NA
1501044,Laurits Follert,M,24,194.0,NA,,,2020 Summer,2020,Summer,Tokyo,Rowing,"Rowing Eights, Men",NA
1501045,Olaf Roggensack,M,23,194.0,NA,,,2020 Summer,2020,Summer,Tokyo,Rowing,"Rowing Eights, Men",NA
1501046,Torben Johannesen,M,25,188.0,NA,,,2020 Summer,2020,Summer,Tokyo,Rowing,"Rowing Eights, Men",NA
1501047,Jakob Schneider,M,26,198.0,NA,,,2020 Summer,2020,Summer,Tokyo,Rowing,"Rowing Eights, Men",NA
1501048,Malte Jakschik,M,26,194.0,93.0,,,2020 Summer,2020,Summer,Tokyo,Rowing,"Rowing Eights, Men",NA
1501049,Richard Schmidt,M,33,191.0,87.0,,,2020 Summer,2020,Summer,Tokyo,Rowing,"Rowing Eights, Men",NA
1501050,Hannes Ocik,M,29,191.0,93.0,,,2020 Summer,2020,Summer,Tokyo,Rowing,"Rowing Eights, Men",NA
1501051,Martin Sauer,M,37,169.0,55.0,,,2020 Summer,2020,Summer,Tokyo,Rowing,"Rowing Eights, Men",NA
1501052,Josh Bugajski,M,29,194.0,NA,,,2020 Summer,2020,Summer,Tokyo,Rowing,"Rowing Eights, Men",NA
1501053,Jacob Dawson,M,26,195.0,NA,,,2020 Summer,2020,Summer,Tokyo,Rowing,"Rowing Eights, Men",NA
1501054,Tom George,M,25,195.0,NA,,,2020 Summer,2020,Summer,Tokyo,Rowing,"Rowing Eights, Men",NA
1501055,Moe Sbihi,M,32,202.0,110.0,,,2020 Summer,2020,Summer,Tokyo,Rowing,"Rowing Eights, Men",NA
1501056,Charles Elwes,M,23,199.0,NA,,,2020 Summer,2020,Summer,Tokyo,Rowing,"Rowing Eights, Men",NA
1501057,Oliver Wynne-Griffith,M,26,198.0,NA,,,2020 Summer,2020,Summer,Tokyo,Rowing,"Rowing Eights, Men",NA
1501058,James Rudkin,M,26,198.0,NA,,,2020 Summer,2020,Summer,Tokyo,Rowing,"Rowing Eights, Men",NA
1501059,Tom Ford,M,27,190.0,NA,,,2020 Summer,2020,Summer,Tokyo,Rowing,"Rowing Eights, Men",NA
1501060,Henry Fieldman,M,31,162.0,NA,,,2020 Summer,2020,Summer,Tokyo,Rowing,"Rowing Eights, Men",NA
1501061,Ben Davison,M,23,193.0,87.0,,,2020 Summer,2020,Summer,Tokyo,Rowing,"Rowing Eights, Men",NA
1501062,Justin Best,M,22,193.0,NA,,,2020 Summer,2020,Summer,Tokyo,Rowing,"Rowing Eights, Men",NA
1501063,Daniel Miklasevich,M,22,203.0,NA,,,2020 Summer,2020,Summer,Tokyo,Rowing,"Rowing Eights, Men",NA
1501064,Austin Hack,M,28,203.0,100.0,,,2020 Summer,2020,Summer,Tokyo,Rowing,"Rowing Eights, Men",NA
1501065,Alexander Richards,M,24,198.0,NA,,,2020 Summer,2020,Summer,Tokyo,Rowing,"Rowing Eights, Men",NA
1501066,Nick Mead,M,25,198.0,97.0,,,2020 Summer,2020,Summer,Tokyo,Rowing,"Rowing Eights, Men",NA
1501067,Conor Harrity,M,25,193.0,94.0,,,2020 Summer,2020,Summer,Tokyo,Rowing,"Rowing Eights, Men",NA
1501068,Liam Corrigan,M,22,196.0,NA,,,2020 Summer,2020,Summer,Tokyo,Rowing,"Rowing Eights, Men",NA
1501069,Julian Venonsky,M,26,168.0,NA,,,2020 Summer,2020,Summer,Tokyo,Rowing,"Rowing Eights, Men",NA
1501070,Björn van den Ende,M,34,190.0,70.0,,,2020 Summer,2020,Summer,Tokyo,Rowing,"Rowing Eights, Men",NA
1501071,Ruben Knab,M,32,192.0,98.0,,,2020 Summer,2020,Summer,Tokyo,Rowing,"Rowing Eights, Men",NA
1501072,Jasper Tissen,M,27,NA,NA,,,2020 Summer,2020,Summer,Tokyo,Rowing,"Rowing Eights, Men",NA
1501073,Simon van Dorp,M,23,NA,NA,,,2020 Summer,2020,Summer,Tokyo,Rowing,"Rowing Eights, Men",NA
1501074,Maarten Hurkmans,M,22,NA,NA,,,2020 Summer,2020,Summer,Tokyo,Rowing,"Rowing Eights, Men",NA
1501075,Bram Schwarz,M,22,NA,NA,,,2020 Summer,2020,Summer,Tokyo,Rowing,"Rowing Eights, Men",NA
1501076,Mechiel Versluis,M,32,197.0,95.0,,,2020 Summer,2020,Summer,Tokyo,Rowing,"Rowing Eights, Men",NA
1501077,Robert Lücken,M,35,199.0,95.0,,,2020 Summer,2020,Summer,Tokyo,Rowing,"Rowing Eights, Men",NA
1501078,Eline Berger,F,23,NA,NA,,,2020 Summer,2020,Summer,Tokyo,Rowing,"Rowing Eights, Men",NA
1501079,Nicholas Lavery,M,22,190.0,NA,,,2020 Summer,2020,Summer,Tokyo,Rowing,"Rowing Eights, Men",NA
1501080,Jack O'Brien,M,22,194.0,NA,,,2020 Summer,2020,Summer,Tokyo,Rowing,"Rowing Eights, Men",NA
1501081,Josh Booth,M,29,190.0,93.0,,,2020 Summer,2020,Summer,Tokyo,Rowing,"Rowing Eights, Men",NA
1501082,Simon Keenan,M,27,201.0,NA,,,2020 Summer,2020,Summer,Tokyo,Rowing,"Rowing Eights, Men",NA
1501083,Nicholas Purnell,M,30,198.0,100.0,,,2020 Summer,2020,Summer,Tokyo,Rowing,"Rowing Eights, Men",NA
1501084,Tim Masters,M,28,195.0,NA,,,2020 Summer,2020,Summer,Tokyo,Rowing,"Rowing Eights, Men",NA
1501085,Angus Dawson,M,19,193.0,99.0,,,2020 Summer,2020,Summer,Tokyo,Rowing,"Rowing Eights, Men",NA
1501086,Angus Widdicombe,M,25,194.0,NA,,,2020 Summer,2020,Summer,Tokyo,Rowing,"Rowing Eights, Men",NA
1501087,Stuart Sim,M,27,174.0,NA,,,2020 Summer,2020,Summer,Tokyo,Rowing,"Rowing Eights, Men",NA
1501088,Alexandru Chioseaua,M,22,196.0,NA,,,2020 Summer,2020,Summer,Tokyo,Rowing,"Rowing Eights, Men",NA
1501089,Florin Lehaci,M,21,NA,NA,,,2020 Summer,2020,Summer,Tokyo,Rowing,"Rowing Eights, Men",NA
1501090,Constantin Radu,M,24,208.0,NA,,,2020 Summer,2020,Summer,Tokyo,Rowing,"Rowing Eights, Men",NA
1501091,Sergiu Bejan,M,23,192.0,NA,,,2020 Summer,2020,Summer,Tokyo,Rowing,"Rowing Eights, Men",NA
1501092,Vlad-Dragoș Aicoboae,M,26,197.0,91.0,,,2020 Summer,2020,Summer,Tokyo,Rowing,"Rowing Eights, Men",NA
1501093,Constantin Adam,M,24,202.0,105.0,,,2020 Summer,2020,Summer,Tokyo,Rowing,"Rowing Eights, Men",NA
1501094,Florin Arteni,M,19,207.0,NA,,,2020 Summer,2020,Summer,Tokyo,Rowing,"Rowing Eights, Men",NA
1501095,Ciprian Huc,M,21,188.0,NA,,,2020 Summer,2020,Summer,Tokyo,Rowing,"Rowing Eights, Men",NA
1501096,Adrian Munteanu,M,22,167.0,NA,,,2020 Summer,2020,Summer,Tokyo,Rowing,"Rowing Eights, Men",NA
1501097,Fintan McCarthy,M,23,177.0,NA,,,2020 Summer,2020,Summer,Tokyo,Rowing,"Rowing Lightweight Double Sculls, Men",NA
1501098,Paul O'Donovan,M,26,177.0,70.0,,,2020 Summer,2020,Summer,Tokyo,Rowing,"Rowing Lightweight Double Sculls, Men",NA
1501099,Jonathan Rommelmann,M,25,179.0,NA,,,2020 Summer,2020,Summer,Tokyo,Rowing,"Rowing Lightweight Double Sculls, Men",NA
1501100,Jason Osborne,M,26,178.0,72.0,,,2020 Summer,2020,Summer,Tokyo,Rowing,"Rowing Lightweight Double Sculls, Men",NA
1501101,Stefano Oppo,M,25,187.0,70.0,,,2020 Summer,2020,Summer,Tokyo,Rowing,"Rowing Lightweight Double Sculls, Men",NA
1501102,Pietro Ruta,M,32,185.0,70.0,,,2020 Summer,2020,Summer,Tokyo,Rowing,"Rowing Lightweight Double Sculls, Men",NA
1501103,Jiří Šimánek,M,24,NA,NA,,,2020 Summer,2020,Summer,Tokyo,Rowing,"Rowing Lightweight Double Sculls, Men",NA
1501104,Miroslav Vraštil,M,37,184.0,73.0,,,2020 Summer,2020,Summer,Tokyo,Rowing,"Rowing Lightweight Double Sculls, Men",NA
1501105,Niels Van Zandweghe,M,24,182.0,68.0,,,2020 Summer,2020,Summer,Tokyo,Rowing,"Rowing Lightweight Double Sculls, Men",NA
1501106,Tim Brys,M,27,NA,NA,,,2020 Summer,2020,Summer,Tokyo,Rowing,"Rowing Lightweight Double Sculls, Men",NA
1501107,Bruno Cetraro,M,22,NA,NA,,,2020 Summer,2020,Summer,Tokyo,Rowing,"Rowing Lightweight Double Sculls, Men",NA
1501108,Felipe Klüver,M,20,NA,NA,,,2020 Summer,2020,Summer,Tokyo,Rowing,"Rowing Lightweight Double Sculls, Men",NA
1501109,Caetano Horta,M,17,175.0,NA,,,2020 Summer,2020,Summer,Tokyo,Rowing,"Rowing Lightweight Double Sculls, Men",NA
1501110,Manel Balastegui,M,20,185.0,70.0,,,2020 Summer,2020,Summer,Tokyo,Rowing,"Rowing Lightweight Double Sculls, Men",NA
1501111,Jerzy Kowalski,M,32,NA,NA,,,2020 Summer,2020,Summer,Tokyo,Rowing,"Rowing Lightweight Double Sculls, Men",NA
1501112,Artur Mikołajczewski,M,30,180.0,73.0,,,2020 Summer,2020,Summer,Tokyo,Rowing,"Rowing Lightweight Double Sculls, Men",NA
1501113,Ihor Khmara,M,30,NA,NA,,,2020 Summer,2020,Summer,Tokyo,Rowing,"Rowing Lightweight Double Sculls, Men",NA
1501114,Stanislav Kovalov,M,28,NA,NA,,,2020 Summer,2020,Summer,Tokyo,Rowing,"Rowing Lightweight Double Sculls, Men",NA
1501115,Patrick Keane,M,22,NA,NA,,,2020 Summer,2020,Summer,Tokyo,Rowing,"Rowing Lightweight Double Sculls, Men",NA
1501116,Maxwell Lattimer,M,27,185.0,72.0,,,2020 Summer,2020,Summer,Tokyo,Rowing,"Rowing Lightweight Double Sculls, Men",NA
1501117,Arjun Lal Jat,M,23,180.0,NA,,,2020 Summer,2020,Summer,Tokyo,Rowing,"Rowing Lightweight Double Sculls, Men",NA
1501118,Arvind Singh,M,24,184.0,NA,,,2020 Summer,2020,Summer,Tokyo,Rowing,"Rowing Lightweight Double Sculls, Men",NA
1501119,Kristoffer Brun,M,32,175.0,70.0,,,2020 Summer,2020,Summer,Tokyo,Rowing,"Rowing Lightweight Double Sculls, Men",NA
1501120,Are Strandli,M,31,181.0,69.0,,,2020 Summer,2020,Summer,Tokyo,Rowing,"Rowing Lightweight Double Sculls, Men",NA
1501121,Pedro Fraga,M,37,174.0,72.0,,,2020 Summer,2020,Summer,Tokyo,Rowing,"Rowing Lightweight Double Sculls, Men",NA
1501122,Afonso Costa,M,24,181.0,73.0,,,2020 Summer,2020,Summer,Tokyo,Rowing,"Rowing Lightweight Double Sculls, Men",NA
1501123,César Abaroa,M,23,179.0,NA,,,2020 Summer,2020,Summer,Tokyo,Rowing,"Rowing Lightweight Double Sculls, Men",NA
1501124,Eber Sanhueza,M,22,171.0,NA,,,2020 Summer,2020,Summer,Tokyo,Rowing,"Rowing Lightweight Double Sculls, Men",NA
1501125,César Amaris,M,30,NA,NA,,,2020 Summer,2020,Summer,Tokyo,Rowing,"Rowing Lightweight Double Sculls, Men",NA
1501126,José Güipe,M,31,NA,NA,,,2020 Summer,2020,Summer,Tokyo,Rowing,"Rowing Lightweight Double Sculls, Men",NA
1501127,Shakhboz Kholmurzayev,M,24,188.0,78.0,,,2020 Summer,2020,Summer,Tokyo,Rowing,"Rowing Lightweight Double Sculls, Men",NA
1501128,Sobirjon Safaroliyev,M,18,NA,NA,,,2020 Summer,2020,Summer,Tokyo,Rowing,"Rowing Lightweight Double Sculls, Men",NA
1501129,Kamel Ait Daoud,M,35,180.0,70.0,,,2020 Summer,2020,Summer,Tokyo,Rowing,"Rowing Lightweight Double Sculls, Men",NA
1501130,Sid Boudina,M,30,178.0,73.0,,,2020 Summer,2020,Summer,Tokyo,Rowing,"Rowing Lightweight Double Sculls, Men",NA
1501131,Siwakorn Wongpin,M,20,NA,NA,,,2020 Summer,2020,Summer,Tokyo,Rowing,"Rowing Lightweight Double Sculls, Men",NA
1501132,Nawamin Deenoi,M,21,NA,NA,,,2020 Summer,2020,Summer,Tokyo,Rowing,"Rowing Lightweight Double Sculls, Men",NA
1501133,Emma Twigg,F,33,182.0,76.0,NZL,NZL,2020 Summer,2020,Summer,Tokyo,Rowing,"Rowing Single Sculls, Women",Gold
1501134,Anna Prakaten,F,27,NA,NA,ROC,ROC,2020 Summer,2020,Summer,Tokyo,Rowing,"Rowing Single Sculls, Women",Silver
1501135,Magdalena Lobnig,F,29,180.0,71.0,AUT,AUT,2020 Summer,2020,Summer,Tokyo,Rowing,"Rowing Single Sculls, Women",Bronze
1501136,Victoria Thornley,F,32,193.0,76.0,GBR,GBR,2020 Summer,2020,Summer,Tokyo,Rowing,"Rowing Single Sculls, Women",NA
1501137,Jeannine Gmelin,F,30,170.0,72.0,SUI,SUI,2020 Summer,2020,Summer,Tokyo,Rowing,"Rowing Single Sculls, Women",NA
1501138,Jiang Yan,F,31,178.0,70.0,CHN,CHN,2020 Summer,2020,Summer,Tokyo,Rowing,"Rowing Single Sculls, Women",NA
1501139,Sophie Souwer,F,33,185.0,77.0,NED,NED,2020 Summer,2020,Summer,Tokyo,Rowing,"Rowing Single Sculls, Women",NA
1501140,Carling Zeeman,F,29,187.0,85.0,CAN,CAN,2020 Summer,2020,Summer,Tokyo,Rowing,"Rowing Single Sculls, Women",NA
1501141,Kara Kohler,F,29,188.0,82.0,USA,USA,2020 Summer,2020,Summer,Tokyo,Rowing,"Rowing Single Sculls, Women",NA
1501142,Anneta Kyridou,F,21,180.0,68.0,GRE,GRE,2020 Summer,2020,Summer,Tokyo,Rowing,"Rowing Single Sculls, Women",NA
1501143,Nazanin Malaei,F,28,NA,NA,IRI,IRI,2020 Summer,2020,Summer,Tokyo,Rowing,"Rowing Single Sculls, Women",NA
1501144,Sanita Pušpure,F,38,180.0,72.0,IRL,IRL,2020 Summer,2020,Summer,Tokyo,Rowing,"Rowing Single Sculls, Women",NA
1501145,Tatsiana Klimovich,F,25,177.0,72.0,BLR,BLR,2020 Summer,2020,Summer,Tokyo,Rowing,"Rowing Single Sculls, Women",NA
1501146,Lovisa Claesson,F,25,NA,NA,SWE,SWE,2020 Summer,2020,Summer,Tokyo,Rowing,"Rowing Single Sculls, Women",NA
1501147,Jovana Arsić,F,27,NA,NA,SRB,SRB,2020 Summer,2020,Summer,Tokyo,Rowing,"Rowing Single Sculls, Women",NA
1501148,Kenia Lechuga,F,26,162.0,59.0,MEX,MEX,2020 Summer,2020,Summer,Tokyo,Rowing,"Rowing Single Sculls, Women",NA
1501149,Milena Venega,F,23,NA,NA,CUB,CUB,2020 Summer,2020,Summer,Tokyo,Rowing,"Rowing Single Sculls, Women",NA
1501150,Maike Diekmann,F,25,175.0,NA,NAM,NAM,2020 Summer,2020,Summer,Tokyo,Rowing,"Rowing Single Sculls, Women",NA
1501151,Felice Chow,F,43,175.0,70.0,TTO,TTO,2020 Summer,2020,Summer,Tokyo,Rowing,"Rowing Single Sculls, Women",NA
1501152,Huang Yi-Ting,F,30,170.0,65.0,TPE,TPE,2020 Summer,2020,Summer,Tokyo,Rowing,"Rowing Single Sculls, Women",NA
1501153,Alejandra Alonso,F,23,NA,NA,PAR,PAR,2020 Summer,2020,Summer,Tokyo,Rowing,"Rowing Single Sculls, Women",NA
1501154,Verónica Toro,F,25,178.0,NA,PUR,PUR,2020 Summer,2020,Summer,Tokyo,Rowing,"Rowing Single Sculls, Women",NA
1501155,Winne Hung,F,21,NA,NA,HKG,HKG,2020 Summer,2020,Summer,Tokyo,Rowing,"Rowing Single Sculls, Women",NA
1501156,Jeong Hye-Jeong,F,23,174.0,NA,KOR,KOR,2020 Summer,2020,Summer,Tokyo,Rowing,"Rowing Single Sculls, Women",NA
1501157,Tala Abujbara,F,27,178.0,NA,QAT,QAT,2020 Summer,2020,Summer,Tokyo,Rowing,"Rowing Single Sculls, Women",NA
1501158,Kathleen Noble,F,25,NA,NA,UGA,UGA,2020 Summer,2020,Summer,Tokyo,Rowing,"Rowing Single Sculls, Women",NA
1501159,Evidelia González,F,22,NA,NA,NCA,NCA,2020 Summer,2020,Summer,Tokyo,Rowing,"Rowing Single Sculls, Women",NA
1501160,Joan Poh,F,29,165.0,NA,SGP,SGP,2020 Summer,2020,Summer,Tokyo,Rowing,"Rowing Single Sculls, Women",NA
1501161,Sarah Fraincart,F,21,168.0,NA,MAR,MAR,2020 Summer,2020,Summer,Tokyo,Rowing,"Rowing Single Sculls, Women",NA
1501162,Esther Toko,F,20,NA,NA,NGR,NGR,2020 Summer,2020,Summer,Tokyo,Rowing,"Rowing Single Sculls, Women",NA
1501163,Claire Ayivon,F,23,NA,NA,TOG,TOG,2020 Summer,2020,Summer,Tokyo,Rowing,"Rowing Single Sculls, Women",NA
1501164,Esraa Khojaly,F,28,167.0,NA,SUD,SUD,2020 Summer,2020,Summer,Tokyo,Rowing,"Rowing Single Sculls, Women",NA
1501165,Ancuța Bodnar,F,21,179.0,NA,,,2020 Summer,2020,Summer,Tokyo,Rowing,"Rowing Double Sculls, Women",NA
1501166,Simona Radiș,F,21,184.0,NA,,,2020 Summer,2020,Summer,Tokyo,Rowing,"Rowing Double Sculls, Women",NA
1501167,Brooke Donoghue,F,25,179.0,NA,,,2020 Summer,2020,Summer,Tokyo,Rowing,"Rowing Double Sculls, Women",NA
1501168,Hannah Osborne,F,26,177.0,NA,,,2020 Summer,2020,Summer,Tokyo,Rowing,"Rowing Double Sculls, Women",NA
1501169,Roos de Jong,F,26,NA,NA,,,2020 Summer,2020,Summer,Tokyo,Rowing,"Rowing Double Sculls, Women",NA
1501170,Lisa Scheenaard,F,31,NA,NA,,,2020 Summer,2020,Summer,Tokyo,Rowing,"Rowing Double Sculls, Women",NA
1501171,Donata Karalienė,F,31,170.0,62.0,,,2020 Summer,2020,Summer,Tokyo,Rowing,"Rowing Double Sculls, Women",NA
1501172,Milda Valčiukaitė,F,26,176.0,66.0,,,2020 Summer,2020,Summer,Tokyo,Rowing,"Rowing Double Sculls, Women",NA
1501173,Kristi Wagner,F,27,183.0,NA,,,2020 Summer,2020,Summer,Tokyo,Rowing,"Rowing Double Sculls, Women",NA
1501174,Gevvie Stone,F,35,183.0,71.0,,,2020 Summer,2020,Summer,Tokyo,Rowing,"Rowing Double Sculls, Women",NA
1501175,Gabrielle Smith,F,25,NA,NA,,,2020 Summer,2020,Summer,Tokyo,Rowing,"Rowing Double Sculls, Women",NA
1501176,Jessica Sevick,F,31,NA,NA,,,2020 Summer,2020,Summer,Tokyo,Rowing,"Rowing Double Sculls, Women",NA
1501177,Amanda Bateman,F,24,185.0,82.0,,,2020 Summer,2020,Summer,Tokyo,Rowing,"Rowing Double Sculls, Women",NA
1501178,Tara Rigney,F,21,NA,NA,,,2020 Summer,2020,Summer,Tokyo,Rowing,"Rowing Double Sculls, Women",NA
1501179,Hélène Lefebvre,F,29,170.0,69.0,,,2020 Summer,2020,Summer,Tokyo,Rowing,"Rowing Double Sculls, Women",NA
1501180,Élodie Ravera-Scaramozzino,F,24,177.0,70.0,,,2020 Summer,2020,Summer,Tokyo,Rowing,"Rowing Double Sculls, Women",NA
1501181,Alessandra Patelli,F,28,180.0,70.0,,,2020 Summer,2020,Summer,Tokyo,Rowing,"Rowing Double Sculls, Women",NA
1501182,Chiara Ondoli,F,24,184.0,NA,,,2020 Summer,2020,Summer,Tokyo,Rowing,"Rowing Double Sculls, Women",NA
1501183,Kristýna Fleissnerová,F,27,173.0,64.0,,,2020 Summer,2020,Summer,Tokyo,Rowing,"Rowing Double Sculls, Women",NA
1501184,Lenka Antošová,F,28,177.0,70.0,,,2020 Summer,2020,Summer,Tokyo,Rowing,"Rowing Double Sculls, Women",NA
1501185,Annekatrin Thiele,F,35,173.0,68.0,,,2020 Summer,2020,Summer,Tokyo,Rowing,"Rowing Double Sculls, Women",NA
1501186,Leonie Menzel,F,21,175.0,NA,,,2020 Summer,2020,Summer,Tokyo,Rowing,"Rowing Double Sculls, Women",NA
1501187,Yekaterina Pitirimova,F,24,NA,NA,,,2020 Summer,2020,Summer,Tokyo,Rowing,"Rowing Double Sculls, Women",NA
1501188,Yekaterina Kurochkina,F,26,NA,NA,,,2020 Summer,2020,Summer,Tokyo,Rowing,"Rowing Double Sculls, Women",NA
1501189,Shen Shuangmei,F,22,NA,NA,,,2020 Summer,2020,Summer,Tokyo,Rowing,"Rowing Double Sculls, Women",NA
1501190,Liu Xiaoxin,F,22,NA,NA,,,2020 Summer,2020,Summer,Tokyo,Rowing,"Rowing Double Sculls, Women",NA
1501191,Grace Prendergast,F,28,183.0,73.0,,,2020 Summer,2020,Summer,Tokyo,Rowing,"Rowing Coxless Pairs, Women",NA
1501192,Kerri Gowler,F,26,182.0,76.0,,,2020 Summer,2020,Summer,Tokyo,Rowing,"Rowing Coxless Pairs, Women",NA
1501193,Vasilisa Stepanova,F,27,NA,NA,,,2020 Summer,2020,Summer,Tokyo,Rowing,"Rowing Coxless Pairs, Women",NA
1501194,Yelena Oryabinskaya,F,26,NA,NA,,,2020 Summer,2020,Summer,Tokyo,Rowing,"Rowing Coxless Pairs, Women",NA
1501195,Caileigh Filmer,F,23,169.0,76.0,,,2020 Summer,2020,Summer,Tokyo,Rowing,"Rowing Coxless Pairs, Women",NA
1501196,Hillary Janssens,F,25,NA,NA,,,2020 Summer,2020,Summer,Tokyo,Rowing,"Rowing Coxless Pairs, Women",NA
1501197,Helen Glover,F,34,177.0,67.0,,,2020 Summer,2020,Summer,Tokyo,Rowing,"Rowing Coxless Pairs, Women",NA
1501198,Polly Swann,F,32,185.0,76.0,,,2020 Summer,2020,Summer,Tokyo,Rowing,"Rowing Coxless Pairs, Women",NA
1501199,Maria Kyridou,F,19,178.0,65.0,,,2020 Summer,2020,Summer,Tokyo,Rowing,"Rowing Coxless Pairs, Women",NA
1501200,Christina Bourmpou,F,19,174.0,64.0,,,2020 Summer,2020,Summer,Tokyo,Rowing,"Rowing Coxless Pairs, Women",NA
1501201,Aina Cid i Centelles,F,25,170.0,60.0,,,2020 Summer,2020,Summer,Tokyo,Rowing,"Rowing Coxless Pairs, Women",NA
1501202,Virginia Díaz,F,28,180.0,70.0,,,2020 Summer,2020,Summer,Tokyo,Rowing,"Rowing Coxless Pairs, Women",NA
1501203,Jess Morrison,F,28,180.0,72.0,,,2020 Summer,2020,Summer,Tokyo,Rowing,"Rowing Coxless Pairs, Women",NA
1501204,Annabelle McIntyre,F,23,179.0,NA,,,2020 Summer,2020,Summer,Tokyo,Rowing,"Rowing Coxless Pairs, Women",NA
1501205,Lærke Berg Rasmussen,F,26,187.0,79.0,,,2020 Summer,2020,Summer,Tokyo,Rowing,"Rowing Coxless Pairs, Women",NA
1501206,Fie Udby Erichsen,F,35,184.0,79.0,,,2020 Summer,2020,Summer,Tokyo,Rowing,"Rowing Coxless Pairs, Women",NA
1501207,Adriana Ailincăi,F,21,185.0,NA,,,2020 Summer,2020,Summer,Tokyo,Rowing,"Rowing Coxless Pairs, Women",NA
1501208,Iuliana Buhuș,F,25,180.0,NA,,,2020 Summer,2020,Summer,Tokyo,Rowing,"Rowing Coxless Pairs, Women",NA
1501209,Megan Kalmoe,F,36,178.0,72.0,,,2020 Summer,2020,Summer,Tokyo,Rowing,"Rowing Coxless Pairs, Women",NA
1501210,Tracy Eisser,F,30,185.0,84.0,,,2020 Summer,2020,Summer,Tokyo,Rowing,"Rowing Coxless Pairs, Women",NA
1501211,Aileen Crowley,F,26,172.0,NA,,,2020 Summer,2020,Summer,Tokyo,Rowing,"Rowing Coxless Pairs, Women",NA
1501212,Monika Dukarska,F,29,182.0,NA,,,2020 Summer,2020,Summer,Tokyo,Rowing,"Rowing Coxless Pairs, Women",NA
1501213,Kiri Tontodonati,F,25,178.0,NA,,,2020 Summer,2020,Summer,Tokyo,Rowing,"Rowing Coxless Pairs, Women",NA
1501214,Aisha Rocek,F,21,178.0,NA,,,2020 Summer,2020,Summer,Tokyo,Rowing,"Rowing Coxless Pairs, Women",NA
1501215,Huang Kaifeng,F,22,NA,NA,,,2020 Summer,2020,Summer,Tokyo,Rowing,"Rowing Coxless Pairs, Women",NA
1501216,Liu Jinchao,F,25,NA,NA,,,2020 Summer,2020,Summer,Tokyo,Rowing,"Rowing Coxless Pairs, Women",NA
1501217,Lucy Stephan,F,28,174.0,66.0,,,2020 Summer,2020,Summer,Tokyo,Rowing,"Rowing Coxless Fours, Women",NA
1501218,Rosemary Popa,F,28,181.0,NA,,,2020 Summer,2020,Summer,Tokyo,Rowing,"Rowing Coxless Fours, Women",NA
1501219,Jess Morrison,F,28,180.0,72.0,,,2020 Summer,2020,Summer,Tokyo,Rowing,"Rowing Coxless Fours, Women",NA
1501220,Annabelle McIntyre,F,23,179.0,NA,,,2020 Summer,2020,Summer,Tokyo,Rowing,"Rowing Coxless Fours, Women",NA
1501221,Ellen Hogerwerf,F,31,183.0,72.0,,,2020 Summer,2020,Summer,Tokyo,Rowing,"Rowing Coxless Fours, Women",NA
1501222,Karolien Florijn,F,22,NA,NA,,,2020 Summer,2020,Summer,Tokyo,Rowing,"Rowing Coxless Fours, Women",NA
1501223,Ymkje Clevering,F,24,NA,NA,,,2020 Summer,2020,Summer,Tokyo,Rowing,"Rowing Coxless Fours, Women",NA
1501224,Veronique Meester,F,25,NA,NA,,,2020 Summer,2020,Summer,Tokyo,Rowing,"Rowing Coxless Fours, Women",NA
1501225,Aifric Keogh,F,28,180.0,NA,,,2020 Summer,2020,Summer,Tokyo,Rowing,"Rowing Coxless Fours, Women",NA
1501226,Eimear Lambe,F,22,183.0,NA,,,2020 Summer,2020,Summer,Tokyo,Rowing,"Rowing Coxless Fours, Women",NA
1501227,Fiona Murtagh,F,25,NA,NA,,,2020 Summer,2020,Summer,Tokyo,Rowing,"Rowing Coxless Fours, Women",NA
1501228,Emily Hegarty,F,21,NA,NA,,,2020 Summer,2020,Summer,Tokyo,Rowing,"Rowing Coxless Fours, Women",NA
1501229,Rowan McKellar,F,26,183.0,NA,,,2020 Summer,2020,Summer,Tokyo,Rowing,"Rowing Coxless Fours, Women",NA
1501230,Hattie Taylor,F,26,182.0,NA,,,2020 Summer,2020,Summer,Tokyo,Rowing,"Rowing Coxless Fours, Women",NA
1501231,Karen Bennett,F,31,179.0,75.0,,,2020 Summer,2020,Summer,Tokyo,Rowing,"Rowing Coxless Fours, Women",NA
1501232,Rebecca Shorten,F,26,181.0,NA,,,2020 Summer,2020,Summer,Tokyo,Rowing,"Rowing Coxless Fours, Women",NA
1501233,Lin Xinyu,F,25,NA,NA,,,2020 Summer,2020,Summer,Tokyo,Rowing,"Rowing Coxless Fours, Women",NA
1501234,Wang Fei,F,32,NA,NA,,,2020 Summer,2020,Summer,Tokyo,Rowing,"Rowing Coxless Fours, Women",NA
1501235,Qin Miaomiao,F,23,NA,NA,,,2020 Summer,2020,Summer,Tokyo,Rowing,"Rowing Coxless Fours, Women",NA
1501236,Lu Shiyu,F,21,NA,NA,,,2020 Summer,2020,Summer,Tokyo,Rowing,"Rowing Coxless Fours, Women",NA
1501237,Maria Wierzbowska,F,25,174.0,68.0,,,2020 Summer,2020,Summer,Tokyo,Rowing,"Rowing Coxless Fours, Women",NA
1501238,Olga Michałkiewicz,F,25,NA,NA,,,2020 Summer,2020,Summer,Tokyo,Rowing,"Rowing Coxless Fours, Women",NA
1501239,Monika Chabel,F,28,182.0,74.0,,,2020 Summer,2020,Summer,Tokyo,Rowing,"Rowing Coxless Fours, Women",NA
1501240,Joanna Dittmann,F,28,NA,NA,,,2020 Summer,2020,Summer,Tokyo,Rowing,"Rowing Coxless Fours, Women",NA
1501241,Maddie Wanamaker,F,25,180.0,75.0,,,2020 Summer,2020,Summer,Tokyo,Rowing,"Rowing Coxless Fours, Women",NA
1501242,Claire Collins,F,23,180.0,82.0,,,2020 Summer,2020,Summer,Tokyo,Rowing,"Rowing Coxless Fours, Women",NA
1501243,Kenny Chase,F,25,183.0,79.0,,,2020 Summer,2020,Summer,Tokyo,Rowing,"Rowing Coxless Fours, Women",NA
1501244,Grace Luczak,F,31,191.0,77.0,,,2020 Summer,2020,Summer,Tokyo,Rowing,"Rowing Coxless Fours, Women",NA
1501245,Trine Dahl Pedersen,F,23,NA,NA,,,2020 Summer,2020,Summer,Tokyo,Rowing,"Rowing Coxless Fours, Women",NA
1501246,Christina Johansen,F,27,NA,NA,,,2020 Summer,2020,Summer,Tokyo,Rowing,"Rowing Coxless Fours, Women",NA
1501247,Frida Sanggaard Nielsen,F,21,NA,NA,,,2020 Summer,2020,Summer,Tokyo,Rowing,"Rowing Coxless Fours, Women",NA
1501248,Ida Jacobsen,F,25,NA,NA,,,2020 Summer,2020,Summer,Tokyo,Rowing,"Rowing Coxless Fours, Women",NA
1501249,Mădălina Hegheș,F,22,184.0,NA,,,2020 Summer,2020,Summer,Tokyo,Rowing,"Rowing Coxless Fours, Women",NA
1501250,Elena Logofătu,F,23,175.0,NA,,,2020 Summer,2020,Summer,Tokyo,Rowing,"Rowing Coxless Fours, Women",NA
1501251,Cristina Popescu,F,24,176.0,NA,,,2020 Summer,2020,Summer,Tokyo,Rowing,"Rowing Coxless Fours, Women",NA
1501252,Roxana Anghel,F,22,180.0,NA,,,2020 Summer,2020,Summer,Tokyo,Rowing,"Rowing Coxless Fours, Women",NA
1501253,Jennifer Martins,F,31,179.0,76.0,,,2020 Summer,2020,Summer,Tokyo,Rowing,"Rowing Coxless Fours, Women",NA
1501254,Kristina Walker,F,24,NA,NA,,,2020 Summer,2020,Summer,Tokyo,Rowing,"Rowing Coxless Fours, Women",NA
1501255,Nicole Hare,F,25,177.0,76.0,,,2020 Summer,2020,Summer,Tokyo,Rowing,"Rowing Coxless Fours, Women",NA
1501256,Stephanie Grauer,F,23,NA,NA,,,2020 Summer,2020,Summer,Tokyo,Rowing,"Rowing Coxless Fours, Women",NA
1501257,Chen Yunxia,F,24,NA,NA,,,2020 Summer,2020,Summer,Tokyo,Rowing,"Rowing Quadruple Sculls, Women",NA
1501258,Zhang Ling,F,23,182.0,75.0,,,2020 Summer,2020,Summer,Tokyo,Rowing,"Rowing Quadruple Sculls, Women",NA
1501259,Lü Yang,F,26,183.0,77.0,,,2020 Summer,2020,Summer,Tokyo,Rowing,"Rowing Quadruple Sculls, Women",NA
1501260,Cui Xiaotong,F,25,NA,NA,,,2020 Summer,2020,Summer,Tokyo,Rowing,"Rowing Quadruple Sculls, Women",NA
1501261,Agnieszka Zawojska,F,29,177.0,68.0,,,2020 Summer,2020,Summer,Tokyo,Rowing,"Rowing Quadruple Sculls, Women",NA
1501262,Marta Wieliczko,F,25,NA,NA,,,2020 Summer,2020,Summer,Tokyo,Rowing,"Rowing Quadruple Sculls, Women",NA
1501263,Maria Sajdak,F,28,174.0,69.0,,,2020 Summer,2020,Summer,Tokyo,Rowing,"Rowing Quadruple Sculls, Women",NA
1501264,Katarzyna Zillmann,F,24,NA,NA,,,2020 Summer,2020,Summer,Tokyo,Rowing,"Rowing Quadruple Sculls, Women",NA
1501265,Ria Thompson,F,22,172.0,NA,,,2020 Summer,2020,Summer,Tokyo,Rowing,"Rowing Quadruple Sculls, Women",NA
1501266,Rowena Meredith,F,25,181.0,NA,,,2020 Summer,2020,Summer,Tokyo,Rowing,"Rowing Quadruple Sculls, Women",NA
1501267,Harriet Hudson,F,22,185.0,NA,,,2020 Summer,2020,Summer,Tokyo,Rowing,"Rowing Quadruple Sculls, Women",NA
1501268,Caitlin Cronin,F,25,177.0,69.0,,,2020 Summer,2020,Summer,Tokyo,Rowing,"Rowing Quadruple Sculls, Women",NA
1501269,Valentina Iseppi,F,23,173.0,NA,,,2020 Summer,2020,Summer,Tokyo,Rowing,"Rowing Quadruple Sculls, Women",NA
1501270,Alessandra Montesano,F,22,172.0,NA,,,2020 Summer,2020,Summer,Tokyo,Rowing,"Rowing Quadruple Sculls, Women",NA
1501271,Veronica Lisi,F,32,NA,NA,,,2020 Summer,2020,Summer,Tokyo,Rowing,"Rowing Quadruple Sculls, Women",NA
1501272,Stefania Gobbi,F,25,177.0,NA,,,2020 Summer,2020,Summer,Tokyo,Rowing,"Rowing Quadruple Sculls, Women",NA
1501273,Daniela Schultze,F,29,185.0,72.0,,,2020 Summer,2020,Summer,Tokyo,Rowing,"Rowing Quadruple Sculls, Women",NA
1501274,Franziska Kampmann,F,23,181.0,NA,,,2020 Summer,2020,Summer,Tokyo,Rowing,"Rowing Quadruple Sculls, Women",NA
1501275,Carlotta Nwajide,F,25,180.0,NA,,,2020 Summer,2020,Summer,Tokyo,Rowing,"Rowing Quadruple Sculls, Women",NA
1501276,Frieda Hämmerling,F,23,180.0,NA,,,2020 Summer,2020,Summer,Tokyo,Rowing,"Rowing Quadruple Sculls, Women",NA
1501277,Laila Youssifou,F,24,NA,NA,,,2020 Summer,2020,Summer,Tokyo,Rowing,"Rowing Quadruple Sculls, Women",NA
1501278,Inge Janssen,F,31,182.0,74.0,,,2020 Summer,2020,Summer,Tokyo,Rowing,"Rowing Quadruple Sculls, Women",NA
1501279,Olivia van Rooijen,F,31,182.0,71.0,,,2020 Summer,2020,Summer,Tokyo,Rowing,"Rowing Quadruple Sculls, Women",NA
1501280,Nicole Beukers,F,29,170.0,66.0,,,2020 Summer,2020,Summer,Tokyo,Rowing,"Rowing Quadruple Sculls, Women",NA
1501281,Hannah Scott,F,21,182.0,NA,,,2020 Summer,2020,Summer,Tokyo,Rowing,"Rowing Quadruple Sculls, Women",NA
1501282,Mathilda Hodgkins Byrne,F,25,174.0,NA,,,2020 Summer,2020,Summer,Tokyo,Rowing,"Rowing Quadruple Sculls, Women",NA
1501283,Charlotte Hodgkins Byrne,F,23,173.0,NA,,,2020 Summer,2020,Summer,Tokyo,Rowing,"Rowing Quadruple Sculls, Women",NA
1501284,Lucy Glover,F,21,169.0,NA,,,2020 Summer,2020,Summer,Tokyo,Rowing,"Rowing Quadruple Sculls, Women",NA
1501285,Georgia Nugent-O'Leary,F,23,176.0,NA,,,2020 Summer,2020,Summer,Tokyo,Rowing,"Rowing Quadruple Sculls, Women",NA
1501286,Ruby Tew,F,26,181.0,76.0,,,2020 Summer,2020,Summer,Tokyo,Rowing,"Rowing Quadruple Sculls, Women",NA
1501287,Eve Macfarlane,F,27,186.0,75.0,,,2020 Summer,2020,Summer,Tokyo,Rowing,"Rowing Quadruple Sculls, Women",NA
1501288,Olivia Loe,F,28,171.0,NA,,,2020 Summer,2020,Summer,Tokyo,Rowing,"Rowing Quadruple Sculls, Women",NA
1501289,Violaine Aernoudts,F,20,NA,NA,,,2020 Summer,2020,Summer,Tokyo,Rowing,"Rowing Quadruple Sculls, Women",NA
1501290,Margaux Bailleul,F,21,NA,NA,,,2020 Summer,2020,Summer,Tokyo,Rowing,"Rowing Quadruple Sculls, Women",NA
1501291,Marie Jacquet,F,26,NA,NA,,,2020 Summer,2020,Summer,Tokyo,Rowing,"Rowing Quadruple Sculls, Women",NA
1501292,Emma Lunatti,F,22,NA,NA,,,2020 Summer,2020,Summer,Tokyo,Rowing,"Rowing Quadruple Sculls, Women",NA
1501293,Cicely Madden,F,25,178.0,NA,,,2020 Summer,2020,Summer,Tokyo,Rowing,"Rowing Quadruple Sculls, Women",NA
1501294,Alie Rusher,F,24,185.0,70.0,,,2020 Summer,2020,Summer,Tokyo,Rowing,"Rowing Quadruple Sculls, Women",NA
1501295,Meghan O'Leary,F,35,183.0,74.0,,,2020 Summer,2020,Summer,Tokyo,Rowing,"Rowing Quadruple Sculls, Women",NA
1501296,Ellen Tomek,F,36,178.0,72.0,,,2020 Summer,2020,Summer,Tokyo,Rowing,"Rowing Quadruple Sculls, Women",NA
1501297,Lisa Roman,F,30,178.0,76.0,,,2020 Summer,2020,Summer,Tokyo,Rowing,"Rowing Eights, Women",NA
1501298,Kasia Gruchalla-Wesierski,F,29,NA,NA,,,2020 Summer,2020,Summer,Tokyo,Rowing,"Rowing Eights, Women",NA
1501299,Christine Roper,F,30,188.0,90.0,,,2020 Summer,2020,Summer,Tokyo,Rowing,"Rowing Eights, Women",NA
1501300,Andrea Proske,F,34,NA,NA,,,2020 Summer,2020,Summer,Tokyo,Rowing,"Rowing Eights, Women",NA
1501301,Susanne Grainger,F,29,188.0,86.0,,,2020 Summer,2020,Summer,Tokyo,Rowing,"Rowing Eights, Women",NA
1501302,Madison Mailey,F,23,NA,NA,,,2020 Summer,2020,Summer,Tokyo,Rowing,"Rowing Eights, Women",NA
1501303,Sydney Payne,F,22,NA,NA,,,2020 Summer,2020,Summer,Tokyo,Rowing,"Rowing Eights, Women",NA
1501304,Avalon Wasteneys,F,22,NA,NA,,,2020 Summer,2020,Summer,Tokyo,Rowing,"Rowing Eights, Women",NA
1501305,Kristen Kit,F,31,NA,NA,,,2020 Summer,2020,Summer,Tokyo,Rowing,"Rowing Eights, Women",NA
1501306,Ella Greenslade,F,23,176.0,NA,,,2020 Summer,2020,Summer,Tokyo,Rowing,"Rowing Eights, Women",NA
1501307,Emma Dyke,F,25,181.0,68.0,,,2020 Summer,2020,Summer,Tokyo,Rowing,"Rowing Eights, Women",NA
1501308,Lucy Spoors,F,29,184.0,NA,,,2020 Summer,2020,Summer,Tokyo,Rowing,"Rowing Eights, Women",NA
1501309,Kelsey Bevan,F,30,174.0,70.0,,,2020 Summer,2020,Summer,Tokyo,Rowing,"Rowing Eights, Women",NA
1501310,Grace Prendergast,F,28,183.0,73.0,,,2020 Summer,2020,Summer,Tokyo,Rowing,"Rowing Eights, Women",NA
1501311,Kerri Gowler,F,26,182.0,76.0,,,2020 Summer,2020,Summer,Tokyo,Rowing,"Rowing Eights, Women",NA
1501312,Beth Ross,F,23,182.0,NA,,,2020 Summer,2020,Summer,Tokyo,Rowing,"Rowing Eights, Women",NA
1501313,Jackie Gowler,F,24,176.0,NA,,,2020 Summer,2020,Summer,Tokyo,Rowing,"Rowing Eights, Women",NA
1501314,Caleb Shepherd,M,27,168.0,55.0,,,2020 Summer,2020,Summer,Tokyo,Rowing,"Rowing Eights, Women",NA
1501315,Wang Zifeng,F,22,NA,NA,,,2020 Summer,2020,Summer,Tokyo,Rowing,"Rowing Eights, Women",NA
1501316,Wang Yuwei,F,28,187.0,74.0,,,2020 Summer,2020,Summer,Tokyo,Rowing,"Rowing Eights, Women",NA
1501317,Xu Fei,F,25,NA,NA,,,2020 Summer,2020,Summer,Tokyo,Rowing,"Rowing Eights, Women",NA
1501318,Miao Tian,F,27,186.0,83.0,,,2020 Summer,2020,Summer,Tokyo,Rowing,"Rowing Eights, Women",NA
1501319,Zhang Min,F,27,180.0,84.0,,,2020 Summer,2020,Summer,Tokyo,Rowing,"Rowing Eights, Women",NA
1501320,Ju Rui,F,27,NA,NA,,,2020 Summer,2020,Summer,Tokyo,Rowing,"Rowing Eights, Women",NA
1501321,Li Jingjing,F,26,NA,NA,,,2020 Summer,2020,Summer,Tokyo,Rowing,"Rowing Eights, Women",NA
1501322,Guo Linlin,F,27,NA,NA,,,2020 Summer,2020,Summer,Tokyo,Rowing,"Rowing Eights, Women",NA
1501323,Zhang Dechang,M,41,169.0,60.0,,,2020 Summer,2020,Summer,Tokyo,Rowing,"Rowing Eights, Women",NA
1501324,Jess Thoennes,F,24,188.0,NA,,,2020 Summer,2020,Summer,Tokyo,Rowing,"Rowing Eights, Women",NA
1501325,Charlotte Buck,F,25,183.0,NA,,,2020 Summer,2020,Summer,Tokyo,Rowing,"Rowing Eights, Women",NA
1501326,Gia Doonan,F,26,183.0,78.0,,,2020 Summer,2020,Summer,Tokyo,Rowing,"Rowing Eights, Women",NA
1501327,Brooke Mooney,F,24,191.0,NA,,,2020 Summer,2020,Summer,Tokyo,Rowing,"Rowing Eights, Women",NA
1501328,Olivia Coffey,F,31,185.0,77.0,,,2020 Summer,2020,Summer,Tokyo,Rowing,"Rowing Eights, Women",NA
1501329,Regina Salmons,F,23,183.0,NA,,,2020 Summer,2020,Summer,Tokyo,Rowing,"Rowing Eights, Women",NA
1501330,Meghan Musnicki,F,37,183.0,73.0,,,2020 Summer,2020,Summer,Tokyo,Rowing,"Rowing Eights, Women",NA
1501331,Kristine O'Brien,F,28,183.0,NA,,,2020 Summer,2020,Summer,Tokyo,Rowing,"Rowing Eights, Women",NA
1501332,Katelin Guregian,F,32,163.0,50.0,,,2020 Summer,2020,Summer,Tokyo,Rowing,"Rowing Eights, Women",NA
1501333,Genevieve Horton,F,25,179.0,72.0,,,2020 Summer,2020,Summer,Tokyo,Rowing,"Rowing Eights, Women",NA
1501334,Olympia Aldersey,F,27,183.0,75.0,,,2020 Summer,2020,Summer,Tokyo,Rowing,"Rowing Eights, Women",NA
1501335,Bronwyn Cox,F,23,177.0,80.0,,,2020 Summer,2020,Summer,Tokyo,Rowing,"Rowing Eights, Women",NA
1501336,Giorgia Patten,F,21,182.0,NA,,,2020 Summer,2020,Summer,Tokyo,Rowing,"Rowing Eights, Women",NA
1501337,Sarah Hawe,F,32,188.0,NA,,,2020 Summer,2020,Summer,Tokyo,Rowing,"Rowing Eights, Women",NA
1501338,Georgie Rowe,F,27,185.0,NA,,,2020 Summer,2020,Summer,Tokyo,Rowing,"Rowing Eights, Women",NA
1501339,Katrina Werry,F,26,173.0,NA,,,2020 Summer,2020,Summer,Tokyo,Rowing,"Rowing Eights, Women",NA
1501340,Molly Goodman,F,27,185.0,80.0,,,2020 Summer,2020,Summer,Tokyo,Rowing,"Rowing Eights, Women",NA
1501341,James Rook,M,22,169.0,NA,,,2020 Summer,2020,Summer,Tokyo,Rowing,"Rowing Eights, Women",NA
1501342,Magdalena Rusu,F,20,175.0,NA,,,2020 Summer,2020,Summer,Tokyo,Rowing,"Rowing Eights, Women",NA
1501343,Viviana Bejinariu,F,26,178.0,NA,,,2020 Summer,2020,Summer,Tokyo,Rowing,"Rowing Eights, Women",NA
1501344,Georgiana Dedu,F,24,179.0,NA,,,2020 Summer,2020,Summer,Tokyo,Rowing,"Rowing Eights, Women",NA
1501345,Maria Tivodariu,F,21,185.0,NA,,,2020 Summer,2020,Summer,Tokyo,Rowing,"Rowing Eights, Women",NA
1501346,Ioana Vrînceanu,F,26,179.0,NA,,,2020 Summer,2020,Summer,Tokyo,Rowing,"Rowing Eights, Women",NA
1501347,Amalia Bereș,F,23,188.0,NA,,,2020 Summer,2020,Summer,Tokyo,Rowing,"Rowing Eights, Women",NA
1501348,Mădălina Bereș,F,27,186.0,75.0,,,2020 Summer,2020,Summer,Tokyo,Rowing,"Rowing Eights, Women",NA
1501349,Denisa Tîlvescu,F,23,182.0,NA,,,2020 Summer,2020,Summer,Tokyo,Rowing,"Rowing Eights, Women",NA
1501350,Daniela Druncea,F,29,150.0,50.0,,,2020 Summer,2020,Summer,Tokyo,Rowing,"Rowing Eights, Women",NA
1501351,Fiona Gammond,F,27,182.0,NA,,,2020 Summer,2020,Summer,Tokyo,Rowing,"Rowing Eights, Women",NA
1501352,Chloe Brew,F,24,184.0,NA,,,2020 Summer,2020,Summer,Tokyo,Rowing,"Rowing Eights, Women",NA
1501353,Emily Ford,F,25,180.0,NA,,,2020 Summer,2020,Summer,Tokyo,Rowing,"Rowing Eights, Women",NA
1501354,Beccy Muzerie,F,30,182.0,NA,,,2020 Summer,2020,Summer,Tokyo,Rowing,"Rowing Eights, Women",NA
1501355,Caragh McMurtry,F,28,175.0,NA,,,2020 Summer,2020,Summer,Tokyo,Rowing,"Rowing Eights, Women",NA
1501356,Katherine Douglas,F,30,181.0,NA,,,2020 Summer,2020,Summer,Tokyo,Rowing,"Rowing Eights, Women",NA
1501357,Rebecca Edwards,F,26,178.0,NA,,,2020 Summer,2020,Summer,Tokyo,Rowing,"Rowing Eights, Women",NA
1501358,Sara Parfett,F,28,177.0,NA,,,2020 Summer,2020,Summer,Tokyo,Rowing,"Rowing Eights, Women",NA
1501359,Matilda Horn,F,27,161.0,NA,,,2020 Summer,2020,Summer,Tokyo,Rowing,"Rowing Eights, Women",NA
1501360,Valentina Rodini,F,25,167.0,54.0,,,2020 Summer,2020,Summer,Tokyo,Rowing,"Rowing Lightweight Double Sculls, Women",NA
1501361,Federica Cesarini,F,23,165.0,NA,,,2020 Summer,2020,Summer,Tokyo,Rowing,"Rowing Lightweight Double Sculls, Women",NA
1501362,Laura Tarantola,F,26,NA,NA,,,2020 Summer,2020,Summer,Tokyo,Rowing,"Rowing Lightweight Double Sculls, Women",NA
1501363,Claire Bové,F,22,NA,NA,,,2020 Summer,2020,Summer,Tokyo,Rowing,"Rowing Lightweight Double Sculls, Women",NA
1501364,Marieke Keijser,F,23,NA,NA,,,2020 Summer,2020,Summer,Tokyo,Rowing,"Rowing Lightweight Double Sculls, Women",NA
1501365,Ilse Paulis,F,26,174.0,57.0,,,2020 Summer,2020,Summer,Tokyo,Rowing,"Rowing Lightweight Double Sculls, Women",NA
1501366,Emily Craig,F,27,173.0,NA,,,2020 Summer,2020,Summer,Tokyo,Rowing,"Rowing Lightweight Double Sculls, Women",NA
1501367,Imogen Grant,F,24,168.0,NA,,,2020 Summer,2020,Summer,Tokyo,Rowing,"Rowing Lightweight Double Sculls, Women",NA
1501368,Molly Reckford,F,27,178.0,NA,,,2020 Summer,2020,Summer,Tokyo,Rowing,"Rowing Lightweight Double Sculls, Women",NA
1501369,Michelle Sechser,F,33,165.0,59.0,,,2020 Summer,2020,Summer,Tokyo,Rowing,"Rowing Lightweight Double Sculls, Women",NA
1501370,Ionela Cozmiuc,F,25,178.0,57.0,,,2020 Summer,2020,Summer,Tokyo,Rowing,"Rowing Lightweight Double Sculls, Women",NA
1501371,Gianina Beleagă,F,25,178.0,57.0,,,2020 Summer,2020,Summer,Tokyo,Rowing,"Rowing Lightweight Double Sculls, Women",NA
1501372,Patricia Merz,F,27,NA,NA,,,2020 Summer,2020,Summer,Tokyo,Rowing,"Rowing Lightweight Double Sculls, Women",NA
1501373,Frédérique Rol,F,27,NA,NA,,,2020 Summer,2020,Summer,Tokyo,Rowing,"Rowing Lightweight Double Sculls, Women",NA
1501374,Aoife Casey,F,21,168.0,NA,,,2020 Summer,2020,Summer,Tokyo,Rowing,"Rowing Lightweight Double Sculls, Women",NA
1501375,Margaret Cremen,F,21,NA,NA,,,2020 Summer,2020,Summer,Tokyo,Rowing,"Rowing Lightweight Double Sculls, Women",NA
1501376,Anastasiya Lebedeva,F,27,NA,NA,,,2020 Summer,2020,Summer,Tokyo,Rowing,"Rowing Lightweight Double Sculls, Women",NA
1501377,Mariya Botalova,F,29,NA,NA,,,2020 Summer,2020,Summer,Tokyo,Rowing,"Rowing Lightweight Double Sculls, Women",NA
1501378,Chiaki Tomita,F,26,165.0,55.0,,,2020 Summer,2020,Summer,Tokyo,Rowing,"Rowing Lightweight Double Sculls, Women",NA
1501379,Ayami Oishi,F,29,169.0,57.0,,,2020 Summer,2020,Summer,Tokyo,Rowing,"Rowing Lightweight Double Sculls, Women",NA
1501380,Ina Nikulina,F,25,172.0,66.0,,,2020 Summer,2020,Summer,Tokyo,Rowing,"Rowing Lightweight Double Sculls, Women",NA
1501381,Alena Furman,F,29,179.0,65.0,,,2020 Summer,2020,Summer,Tokyo,Rowing,"Rowing Lightweight Double Sculls, Women",NA
1501382,Jill Moffatt,F,27,NA,NA,,,2020 Summer,2020,Summer,Tokyo,Rowing,"Rowing Lightweight Double Sculls, Women",NA
1501383,Jennifer Casson,F,24,NA,NA,,,2020 Summer,2020,Summer,Tokyo,Rowing,"Rowing Lightweight Double Sculls, Women",NA
1501384,Milka Kraljev,F,37,166.0,57.0,,,2020 Summer,2020,Summer,Tokyo,Rowing,"Rowing Lightweight Double Sculls, Women",NA
1501385,Evelyn Silvestro,F,21,NA,NA,,,2020 Summer,2020,Summer,Tokyo,Rowing,"Rowing Lightweight Double Sculls, Women",NA
1501386,Valentina Cavallar,F,19,NA,NA,,,2020 Summer,2020,Summer,Tokyo,Rowing,"Rowing Lightweight Double Sculls, Women",NA
1501387,Louisa Altenhuber,F,24,NA,NA,,,2020 Summer,2020,Summer,Tokyo,Rowing,"Rowing Lightweight Double Sculls, Women",NA
1501388,Lương Thị Thảo,F,21,NA,NA,,,2020 Summer,2020,Summer,Tokyo,Rowing,"Rowing Lightweight Double Sculls, Women",NA
1501389,Đinh Thị Hảo,F,22,NA,NA,,,2020 Summer,2020,Summer,Tokyo,Rowing,"Rowing Lightweight Double Sculls, Women",NA
1501390,Nour Elhouda Ettaieb,F,23,170.0,57.0,,,2020 Summer,2020,Summer,Tokyo,Rowing,"Rowing Lightweight Double Sculls, Women",NA
1501391,Khadija Krimi,F,24,171.0,57.0,,,2020 Summer,2020,Summer,Tokyo,Rowing,"Rowing Lightweight Double Sculls, Women",NA
1501392,Mutiara Putri,F,16,NA,NA,,,2020 Summer,2020,Summer,Tokyo,Rowing,"Rowing Lightweight Double Sculls, Women",NA
1501393,Melani Putri,F,19,NA,NA,,,2020 Summer,2020,Summer,Tokyo,Rowing,"Rowing Lightweight Double Sculls, Women",NA
1501394,Yulisa López,F,26,NA,NA,,,2020 Summer,2020,Summer,Tokyo,Rowing,"Rowing Lightweight Double Sculls, Women",NA
1501395,Jennieffer Zúñiga,F,33,NA,NA,,,2020 Summer,2020,Summer,Tokyo,Rowing,"Rowing Lightweight Double Sculls, Women",NA
1501396,Oliver Zeidler,M,27,NA,NA,GER,GER,2024 Summer,2024,Summer,Paris,Rowing,"Rowing Single Sculls, Men",Gold
1501397,Yauheni Zalaty,M,24,NA,NA,AIN,AIN,2024 Summer,2024,Summer,Paris,Rowing,"Rowing Single Sculls, Men",Silver
1501398,Simon van Dorp,M,27,NA,NA,NED,NED,2024 Summer,2024,Summer,Paris,Rowing,"Rowing Single Sculls, Men",Bronze
1501399,Tim Brys,M,31,NA,NA,BEL,BEL,2024 Summer,2024,Summer,Paris,Rowing,"Rowing Single Sculls, Men",NA
1501400,Tom MacKintosh,M,27,197.0,NA,NZL,NZL,2024 Summer,2024,Summer,Paris,Rowing,"Rowing Single Sculls, Men",NA
1501401,Stefanos Ntouskos,M,27,186.0,73.0,GRE,GRE,2024 Summer,2024,Summer,Paris,Rowing,"Rowing Single Sculls, Men",NA
1501402,Mihai Chiruță,M,25,NA,NA,ROU,ROU,2024 Summer,2024,Summer,Paris,Rowing,"Rowing Single Sculls, Men",NA
1501403,Sverri Nielsen,M,30,NA,NA,DEN,DEN,2024 Summer,2024,Summer,Paris,Rowing,"Rowing Single Sculls, Men",NA
1501404,Ryuta Arakawa,M,29,NA,NA,JPN,JPN,2024 Summer,2024,Summer,Paris,Rowing,"Rowing Single Sculls, Men",NA
1501405,Giedrius Bieliauskas,M,26,NA,NA,LTU,LTU,2024 Summer,2024,Summer,Paris,Rowing,"Rowing Single Sculls, Men",NA
1501406,Damir Martin,M,36,189.0,97.0,CRO,CRO,2024 Summer,2024,Summer,Paris,Rowing,"Rowing Single Sculls, Men",NA
1501407,Bruno Cetraro,M,26,NA,NA,URU,URU,2024 Summer,2024,Summer,Paris,Rowing,"Rowing Single Sculls, Men",NA
1501408,Jacob Plihal,M,28,NA,NA,USA,USA,2024 Summer,2024,Summer,Paris,Rowing,"Rowing Single Sculls, Men",NA
1501409,Kristiyan Vasilev,M,32,197.0,97.0,BUL,BUL,2024 Summer,2024,Summer,Paris,Rowing,"Rowing Single Sculls, Men",NA
1501410,Lucas Verthein,M,26,190.0,85.0,BRA,BRA,2024 Summer,2024,Summer,Paris,Rowing,"Rowing Single Sculls, Men",NA
1501411,Bendegúz Pétervári-Molnár,M,31,190.0,95.0,HUN,HUN,2024 Summer,2024,Summer,Paris,Rowing,"Rowing Single Sculls, Men",NA
1501412,Javier Insfrán,M,24,NA,NA,PAR,PAR,2024 Summer,2024,Summer,Paris,Rowing,"Rowing Single Sculls, Men",NA
1501413,Sid Boudina,M,34,178.0,73.0,ALG,ALG,2024 Summer,2024,Summer,Paris,Rowing,"Rowing Single Sculls, Men",NA
1501414,Quentin Antognelli,M,29,NA,NA,MON,MON,2024 Summer,2024,Summer,Paris,Rowing,"Rowing Single Sculls, Men",NA
1501415,Chiu Hin Chun,M,29,176.0,73.0,HKG,HKG,2024 Summer,2024,Summer,Paris,Rowing,"Rowing Single Sculls, Men",NA
1501416,Abdelkhalek El-Banna,M,36,193.0,95.0,EGY,EGY,2024 Summer,2024,Summer,Paris,Rowing,"Rowing Single Sculls, Men",NA
1501417,Isak Žvegelj,M,24,NA,NA,SLO,SLO,2024 Summer,2024,Summer,Paris,Rowing,"Rowing Single Sculls, Men",NA
1501418,Balraj Panwar,M,24,NA,NA,IND,IND,2024 Summer,2024,Summer,Paris,Rowing,"Rowing Single Sculls, Men",NA
1501419,Reidy Cardona,M,28,NA,NA,CUB,CUB,2024 Summer,2024,Summer,Paris,Rowing,"Rowing Single Sculls, Men",NA
1501420,Vladislav Yakovlev,M,31,188.0,85.0,KAZ,KAZ,2024 Summer,2024,Summer,Paris,Rowing,"Rowing Single Sculls, Men",NA
1501421,Mohamed Taieb,M,27,187.0,73.0,TUN,TUN,2024 Summer,2024,Summer,Paris,Rowing,"Rowing Single Sculls, Men",NA
1501422,La Memo,M,29,192.0,88.0,INA,INA,2024 Summer,2024,Summer,Paris,Rowing,"Rowing Single Sculls, Men",NA
1501423,Dara Alizadeh,M,30,NA,NA,BER,BER,2024 Summer,2024,Summer,Paris,Rowing,"Rowing Single Sculls, Men",NA
1501424,Stephen Cox,M,32,NA,NA,ZIM,ZIM,2024 Summer,2024,Summer,Paris,Rowing,"Rowing Single Sculls, Men",NA
1501425,Premanut Wattananusith,M,29,NA,NA,THA,THA,2024 Summer,2024,Summer,Paris,Rowing,"Rowing Single Sculls, Men",NA
1501426,Mohamed Boukrah,M,21,NA,NA,LBA,LBA,2024 Summer,2024,Summer,Paris,Rowing,"Rowing Single Sculls, Men",NA
1501427,André Matias,M,35,180.0,76.0,ANG,ANG,2024 Summer,2024,Summer,Paris,Rowing,"Rowing Single Sculls, Men",NA
1501428,Abdalla Al-Arabi,M,27,NA,NA,SUD,SUD,2024 Summer,2024,Summer,Paris,Rowing,"Rowing Single Sculls, Men",NA
1501429,Andrei-Sebastian Cornea,M,24,NA,NA,,,2024 Summer,2024,Summer,Paris,Rowing,"Rowing Double Sculls, Men",NA
1501430,Marian Enache,M,28,200.0,NA,,,2024 Summer,2024,Summer,Paris,Rowing,"Rowing Double Sculls, Men",NA
1501431,Melvin Twellaar,M,27,NA,NA,,,2024 Summer,2024,Summer,Paris,Rowing,"Rowing Double Sculls, Men",NA
1501432,Stef Broenink,M,33,195.0,NA,,,2024 Summer,2024,Summer,Paris,Rowing,"Rowing Double Sculls, Men",NA
1501433,Daire Lynch,M,26,NA,NA,,,2024 Summer,2024,Summer,Paris,Rowing,"Rowing Double Sculls, Men",NA
1501434,Philip Doyle,M,31,197.0,NA,,,2024 Summer,2024,Summer,Paris,Rowing,"Rowing Double Sculls, Men",NA
1501435,Sorin Koszyk,M,26,NA,NA,,,2024 Summer,2024,Summer,Paris,Rowing,"Rowing Double Sculls, Men",NA
1501436,Ben Davison,M,27,193.0,87.0,,,2024 Summer,2024,Summer,Paris,Rowing,"Rowing Double Sculls, Men",NA
1501437,Aleix García,M,24,NA,NA,,,2024 Summer,2024,Summer,Paris,Rowing,"Rowing Double Sculls, Men",NA
1501438,Rodrigo Conde,M,26,NA,NA,,,2024 Summer,2024,Summer,Paris,Rowing,"Rowing Double Sculls, Men",NA
1501439,Robbie Manson,M,34,188.0,89.0,,,2024 Summer,2024,Summer,Paris,Rowing,"Rowing Double Sculls, Men",NA
1501440,Jordan Parry,M,28,189.0,NA,,,2024 Summer,2024,Summer,Paris,Rowing,"Rowing Double Sculls, Men",NA
1501441,Martin Mačković,M,28,NA,NA,,,2024 Summer,2024,Summer,Paris,Rowing,"Rowing Double Sculls, Men",NA
1501442,Nikolaj Pimenov,M,27,NA,NA,,,2024 Summer,2024,Summer,Paris,Rowing,"Rowing Double Sculls, Men",NA
1501443,Hugo Boucheron,M,31,195.0,90.0,,,2024 Summer,2024,Summer,Paris,Rowing,"Rowing Double Sculls, Men",NA
1501444,Matthieu Androdias,M,34,194.0,94.0,,,2024 Summer,2024,Summer,Paris,Rowing,"Rowing Double Sculls, Men",NA
1501445,Jonas Gelsen,M,22,NA,NA,,,2024 Summer,2024,Summer,Paris,Rowing,"Rowing Double Sculls, Men",NA
1501446,Marc Weber,M,26,191.0,NA,,,2024 Summer,2024,Summer,Paris,Rowing,"Rowing Double Sculls, Men",NA
1501447,Martin Helseth,M,30,192.0,NA,,,2024 Summer,2024,Summer,Paris,Rowing,"Rowing Double Sculls, Men",NA
1501448,Kjetil Borch,M,34,193.0,84.0,,,2024 Summer,2024,Summer,Paris,Rowing,"Rowing Double Sculls, Men",NA
1501449,Liu Zhiyu,M,31,NA,NA,,,2024 Summer,2024,Summer,Paris,Rowing,"Rowing Double Sculls, Men",NA
1501450,Adilijiang Sulitan,M,24,NA,NA,,,2024 Summer,2024,Summer,Paris,Rowing,"Rowing Double Sculls, Men",NA
1501451,Patrik Lončarić,M,23,NA,NA,,,2024 Summer,2024,Summer,Paris,Rowing,"Rowing Double Sculls, Men",NA
1501452,Anton Lončarić,M,23,NA,NA,,,2024 Summer,2024,Summer,Paris,Rowing,"Rowing Double Sculls, Men",NA
1501453,Nicolò Carucci,M,23,NA,NA,,,2024 Summer,2024,Summer,Paris,Rowing,"Rowing Double Sculls, Men",NA
1501454,Matteo Sartori,M,22,NA,NA,,,2024 Summer,2024,Summer,Paris,Rowing,"Rowing Double Sculls, Men",NA
1501455,Lennart van Lierop,M,30,NA,NA,,,2024 Summer,2024,Summer,Paris,Rowing,"Rowing Quadruple Sculls, Men",NA
1501456,Finn Florijn,M,24,NA,NA,,,2024 Summer,2024,Summer,Paris,Rowing,"Rowing Quadruple Sculls, Men",NA
1501457,Tone Wieten,M,30,201.0,102.0,,,2024 Summer,2024,Summer,Paris,Rowing,"Rowing Quadruple Sculls, Men",NA
1501458,Koen Metsemakers,M,32,NA,NA,,,2024 Summer,2024,Summer,Paris,Rowing,"Rowing Quadruple Sculls, Men",NA
1501459,Luca Chiumento,M,26,NA,NA,,,2024 Summer,2024,Summer,Paris,Rowing,"Rowing Quadruple Sculls, Men",NA
1501460,Luca Rambaldi,M,29,191.0,NA,,,2024 Summer,2024,Summer,Paris,Rowing,"Rowing Quadruple Sculls, Men",NA
1501461,Andrea Panizza,M,26,190.0,NA,,,2024 Summer,2024,Summer,Paris,Rowing,"Rowing Quadruple Sculls, Men",NA
1501462,Giacomo Gentili,M,27,198.0,NA,,,2024 Summer,2024,Summer,Paris,Rowing,"Rowing Quadruple Sculls, Men",NA
1501463,Dominik Czaja,M,28,NA,NA,,,2024 Summer,2024,Summer,Paris,Rowing,"Rowing Quadruple Sculls, Men",NA
1501464,Mateusz Biskup,M,30,190.0,91.0,,,2024 Summer,2024,Summer,Paris,Rowing,"Rowing Quadruple Sculls, Men",NA
1501465,Mirosław Ziętarski,M,31,190.0,90.0,,,2024 Summer,2024,Summer,Paris,Rowing,"Rowing Quadruple Sculls, Men",NA
1501466,Fabian Barański,M,25,NA,NA,,,2024 Summer,2024,Summer,Paris,Rowing,"Rowing Quadruple Sculls, Men",NA
1501467,Tom Barras,M,30,193.0,NA,,,2024 Summer,2024,Summer,Paris,Rowing,"Rowing Quadruple Sculls, Men",NA
1501468,Callum Dixon,M,24,NA,NA,,,2024 Summer,2024,Summer,Paris,Rowing,"Rowing Quadruple Sculls, Men",NA
1501469,Matt Haywood,M,26,NA,NA,,,2024 Summer,2024,Summer,Paris,Rowing,"Rowing Quadruple Sculls, Men",NA
1501470,Graeme Thomas,M,35,194.0,NA,,,2024 Summer,2024,Summer,Paris,Rowing,"Rowing Quadruple Sculls, Men",NA
1501471,Anton Finger,M,25,NA,NA,,,2024 Summer,2024,Summer,Paris,Rowing,"Rowing Quadruple Sculls, Men",NA
1501472,Max Appel,M,28,194.0,NA,,,2024 Summer,2024,Summer,Paris,Rowing,"Rowing Quadruple Sculls, Men",NA
1501473,Tim Naske,M,28,184.0,84.0,,,2024 Summer,2024,Summer,Paris,Rowing,"Rowing Quadruple Sculls, Men",NA
1501474,Moritz Wolff,M,24,NA,NA,,,2024 Summer,2024,Summer,Paris,Rowing,"Rowing Quadruple Sculls, Men",NA
1501475,Dominic Condrau,M,24,NA,NA,,,2024 Summer,2024,Summer,Paris,Rowing,"Rowing Quadruple Sculls, Men",NA
1501476,Jan Jonah Plock,M,26,NA,NA,,,2024 Summer,2024,Summer,Paris,Rowing,"Rowing Quadruple Sculls, Men",NA
1501477,Scott Bärlocher,M,26,NA,NA,,,2024 Summer,2024,Summer,Paris,Rowing,"Rowing Quadruple Sculls, Men",NA
1501478,Maurin Lange,M,23,NA,NA,,,2024 Summer,2024,Summer,Paris,Rowing,"Rowing Quadruple Sculls, Men",NA
1501479,Mikhail Kushteyn,M,24,NA,NA,,,2024 Summer,2024,Summer,Paris,Rowing,"Rowing Quadruple Sculls, Men",NA
1501480,Allar Raja,M,41,190.0,95.0,,,2024 Summer,2024,Summer,Paris,Rowing,"Rowing Quadruple Sculls, Men",NA
1501481,Tõnu Endrekson,M,45,198.0,104.0,,,2024 Summer,2024,Summer,Paris,Rowing,"Rowing Quadruple Sculls, Men",NA
1501482,Johann Poolak,M,27,NA,NA,,,2024 Summer,2024,Summer,Paris,Rowing,"Rowing Quadruple Sculls, Men",NA
1501483,Kristoffer Brun,M,36,175.0,70.0,,,2024 Summer,2024,Summer,Paris,Rowing,"Rowing Quadruple Sculls, Men",NA
1501484,Oscar Helvig,M,28,200.0,NA,,,2024 Summer,2024,Summer,Paris,Rowing,"Rowing Quadruple Sculls, Men",NA
1501485,Jonas Juel,M,24,NA,NA,,,2024 Summer,2024,Summer,Paris,Rowing,"Rowing Quadruple Sculls, Men",NA
1501486,Erik Solbakken,M,29,196.0,NA,,,2024 Summer,2024,Summer,Paris,Rowing,"Rowing Quadruple Sculls, Men",NA
1501487,Leontin Nutescu,M,20,NA,NA,,,2024 Summer,2024,Summer,Paris,Rowing,"Rowing Quadruple Sculls, Men",NA
1501488,Andrei Lungu,M,23,NA,NA,,,2024 Summer,2024,Summer,Paris,Rowing,"Rowing Quadruple Sculls, Men",NA
1501489,Florin Bogdan Horodișteanu,M,25,NA,NA,,,2024 Summer,2024,Summer,Paris,Rowing,"Rowing Quadruple Sculls, Men",NA
1501490,Ioan Prundeanu,M,31,188.0,NA,,,2024 Summer,2024,Summer,Paris,Rowing,"Rowing Quadruple Sculls, Men",NA
1501491,Martin Sinković,M,34,188.0,95.0,,,2024 Summer,2024,Summer,Paris,Rowing,"Rowing Coxless Pairs, Men",NA
1501492,Valent Sinković,M,35,187.0,93.0,,,2024 Summer,2024,Summer,Paris,Rowing,"Rowing Coxless Pairs, Men",NA
1501493,Oliver Wynne-Griffith,M,30,198.0,NA,,,2024 Summer,2024,Summer,Paris,Rowing,"Rowing Coxless Pairs, Men",NA
1501494,Tom George,M,29,195.0,NA,,,2024 Summer,2024,Summer,Paris,Rowing,"Rowing Coxless Pairs, Men",NA
1501495,Roman Röösli,M,30,191.0,87.0,,,2024 Summer,2024,Summer,Paris,Rowing,"Rowing Coxless Pairs, Men",NA
1501496,Andrin Gulich,M,25,NA,NA,,,2024 Summer,2024,Summer,Paris,Rowing,"Rowing Coxless Pairs, Men",NA
1501497,Florin Arteni,M,23,207.0,NA,,,2024 Summer,2024,Summer,Paris,Rowing,"Rowing Coxless Pairs, Men",NA
1501498,Florin Lehaci,M,25,NA,NA,,,2024 Summer,2024,Summer,Paris,Rowing,"Rowing Coxless Pairs, Men",NA
1501499,Jaime Canalejo,M,32,195.0,88.0,,,2024 Summer,2024,Summer,Paris,Rowing,"Rowing Coxless Pairs, Men",NA
1501500,Javier García,M,32,185.0,81.0,,,2024 Summer,2024,Summer,Paris,Rowing,"Rowing Coxless Pairs, Men",NA
1501501,Ross Corrigan,M,25,NA,NA,,,2024 Summer,2024,Summer,Paris,Rowing,"Rowing Coxless Pairs, Men",NA
1501502,Nathan Timoney,M,23,NA,NA,,,2024 Summer,2024,Summer,Paris,Rowing,"Rowing Coxless Pairs, Men",NA
1501503,Dan Williamson,M,24,NA,NA,,,2024 Summer,2024,Summer,Paris,Rowing,"Rowing Coxless Pairs, Men",NA
1501504,Phillip Wilson,M,27,184.0,NA,,,2024 Summer,2024,Summer,Paris,Rowing,"Rowing Coxless Pairs, Men",NA
1501505,Dovydas Stankūnas,M,24,NA,NA,,,2024 Summer,2024,Summer,Paris,Rowing,"Rowing Coxless Pairs, Men",NA
1501506,Domantas Stankūnas,M,24,NA,NA,,,2024 Summer,2024,Summer,Paris,Rowing,"Rowing Coxless Pairs, Men",NA
1501507,John Smith,M,34,192.0,72.0,,,2024 Summer,2024,Summer,Paris,Rowing,"Rowing Coxless Pairs, Men",NA
1501508,Christopher Baxter,M,24,NA,NA,,,2024 Summer,2024,Summer,Paris,Rowing,"Rowing Coxless Pairs, Men",NA
1501509,Billy Bender,M,23,NA,NA,,,2024 Summer,2024,Summer,Paris,Rowing,"Rowing Coxless Pairs, Men",NA
1501510,Oliver Bub,M,26,NA,NA,,,2024 Summer,2024,Summer,Paris,Rowing,"Rowing Coxless Pairs, Men",NA
1501511,Julius Christ,M,25,NA,NA,,,2024 Summer,2024,Summer,Paris,Rowing,"Rowing Coxless Pairs, Men",NA
1501512,Sönke Kruse,M,23,NA,NA,,,2024 Summer,2024,Summer,Paris,Rowing,"Rowing Coxless Pairs, Men",NA
1501513,Davide Comini,M,24,NA,NA,,,2024 Summer,2024,Summer,Paris,Rowing,"Rowing Coxless Pairs, Men",NA
1501514,Giovanni Codato,M,25,NA,NA,,,2024 Summer,2024,Summer,Paris,Rowing,"Rowing Coxless Pairs, Men",NA
1501515,Patrick Holt,M,25,NA,NA,,,2024 Summer,2024,Summer,Paris,Rowing,"Rowing Coxless Pairs, Men",NA
1501516,Simon Keenan,M,31,201.0,NA,,,2024 Summer,2024,Summer,Paris,Rowing,"Rowing Coxless Pairs, Men",NA
1501517,Nick Mead,M,29,198.0,97.0,,,2024 Summer,2024,Summer,Paris,Rowing,"Rowing Coxless Fours, Men",NA
1501518,Justin Best,M,26,193.0,NA,,,2024 Summer,2024,Summer,Paris,Rowing,"Rowing Coxless Fours, Men",NA
1501519,Michael Grady,M,27,196.0,91.0,,,2024 Summer,2024,Summer,Paris,Rowing,"Rowing Coxless Fours, Men",NA
1501520,Liam Corrigan,M,26,196.0,NA,,,2024 Summer,2024,Summer,Paris,Rowing,"Rowing Coxless Fours, Men",NA
1501521,Ollie MacLean,M,26,NA,NA,,,2024 Summer,2024,Summer,Paris,Rowing,"Rowing Coxless Fours, Men",NA
1501522,Logan Ullrich,M,23,NA,NA,,,2024 Summer,2024,Summer,Paris,Rowing,"Rowing Coxless Fours, Men",NA
1501523,Tom Murray,M,30,189.0,87.0,,,2024 Summer,2024,Summer,Paris,Rowing,"Rowing Coxless Fours, Men",NA
1501524,Matt MacDonald,M,25,198.0,NA,,,2024 Summer,2024,Summer,Paris,Rowing,"Rowing Coxless Fours, Men",NA
1501525,Oli Wilkes,M,29,NA,NA,,,2024 Summer,2024,Summer,Paris,Rowing,"Rowing Coxless Fours, Men",NA
1501526,David Ambler,M,26,NA,NA,,,2024 Summer,2024,Summer,Paris,Rowing,"Rowing Coxless Fours, Men",NA
1501527,Matt Aldridge,M,28,NA,NA,,,2024 Summer,2024,Summer,Paris,Rowing,"Rowing Coxless Fours, Men",NA
1501528,Freddie Davidson,M,26,NA,NA,,,2024 Summer,2024,Summer,Paris,Rowing,"Rowing Coxless Fours, Men",NA
1501529,Matteo Lodo,M,29,196.0,90.0,,,2024 Summer,2024,Summer,Paris,Rowing,"Rowing Coxless Fours, Men",NA
1501530,Giovanni Abagnale,M,29,198.0,90.0,,,2024 Summer,2024,Summer,Paris,Rowing,"Rowing Coxless Fours, Men",NA
1501531,Giuseppe Vicino,M,31,195.0,95.0,,,2024 Summer,2024,Summer,Paris,Rowing,"Rowing Coxless Fours, Men",NA
1501532,Nicholas Kohl,M,25,NA,NA,,,2024 Summer,2024,Summer,Paris,Rowing,"Rowing Coxless Fours, Men",NA
1501533,Ștefan Berariu,M,25,190.0,NA,,,2024 Summer,2024,Summer,Paris,Rowing,"Rowing Coxless Fours, Men",NA
1501534,Sergiu Bejan,M,27,192.0,NA,,,2024 Summer,2024,Summer,Paris,Rowing,"Rowing Coxless Fours, Men",NA
1501535,Andrei Mândrilă,M,21,NA,NA,,,2024 Summer,2024,Summer,Paris,Rowing,"Rowing Coxless Fours, Men",NA
1501536,Ciprian Tudosă,M,27,195.0,82.0,,,2024 Summer,2024,Summer,Paris,Rowing,"Rowing Coxless Fours, Men",NA
1501537,Tim Masters,M,32,195.0,NA,,,2024 Summer,2024,Summer,Paris,Rowing,"Rowing Coxless Fours, Men",NA
1501538,Jack Robertson,M,26,NA,NA,,,2024 Summer,2024,Summer,Paris,Rowing,"Rowing Coxless Fours, Men",NA
1501539,Fergus Hamilton,M,24,NA,NA,,,2024 Summer,2024,Summer,Paris,Rowing,"Rowing Coxless Fours, Men",NA
1501540,Alex Hill,M,31,194.0,92.0,,,2024 Summer,2024,Summer,Paris,Rowing,"Rowing Coxless Fours, Men",NA
1501541,Guus Mollee,M,22,NA,NA,,,2024 Summer,2024,Summer,Paris,Rowing,"Rowing Coxless Fours, Men",NA
1501542,Nelson Ritsema,M,29,NA,NA,,,2024 Summer,2024,Summer,Paris,Rowing,"Rowing Coxless Fours, Men",NA
1501543,Eli Brouwer,M,24,NA,NA,,,2024 Summer,2024,Summer,Paris,Rowing,"Rowing Coxless Fours, Men",NA
1501544,Rik Rienks,M,29,NA,NA,,,2024 Summer,2024,Summer,Paris,Rowing,"Rowing Coxless Fours, Men",NA
1501545,Thibaud Turlan,M,27,NA,NA,,,2024 Summer,2024,Summer,Paris,Rowing,"Rowing Coxless Fours, Men",NA
1501546,Guillaume Turlan,M,27,NA,NA,,,2024 Summer,2024,Summer,Paris,Rowing,"Rowing Coxless Fours, Men",NA
1501547,Benoît Brunet,M,32,NA,NA,,,2024 Summer,2024,Summer,Paris,Rowing,"Rowing Coxless Fours, Men",NA
1501548,Téo Rayet,M,24,NA,NA,,,2024 Summer,2024,Summer,Paris,Rowing,"Rowing Coxless Fours, Men",NA
1501549,Joel Schürch,M,29,NA,NA,,,2024 Summer,2024,Summer,Paris,Rowing,"Rowing Coxless Fours, Men",NA
1501550,Tim Roth,M,22,NA,NA,,,2024 Summer,2024,Summer,Paris,Rowing,"Rowing Coxless Fours, Men",NA
1501551,Patrick Brunner,M,23,NA,NA,,,2024 Summer,2024,Summer,Paris,Rowing,"Rowing Coxless Fours, Men",NA
1501552,Kai Schaetzle,M,23,NA,NA,,,2024 Summer,2024,Summer,Paris,Rowing,"Rowing Coxless Fours, Men",NA
1501553,Sholto Carnegie,M,29,196.0,NA,,,2024 Summer,2024,Summer,Paris,Rowing,"Rowing Eights, Men",NA
1501554,Rory Gibbs,M,30,193.0,NA,,,2024 Summer,2024,Summer,Paris,Rowing,"Rowing Eights, Men",NA
1501555,Morgan Bolding,M,29,NA,NA,,,2024 Summer,2024,Summer,Paris,Rowing,"Rowing Eights, Men",NA
1501556,Jacob Dawson,M,30,195.0,NA,,,2024 Summer,2024,Summer,Paris,Rowing,"Rowing Eights, Men",NA
1501557,Charles Elwes,M,27,199.0,NA,,,2024 Summer,2024,Summer,Paris,Rowing,"Rowing Eights, Men",NA
1501558,Tom Digby,M,25,NA,NA,,,2024 Summer,2024,Summer,Paris,Rowing,"Rowing Eights, Men",NA
1501559,James Rudkin,M,30,198.0,NA,,,2024 Summer,2024,Summer,Paris,Rowing,"Rowing Eights, Men",NA
1501560,Tom Ford,M,31,190.0,NA,,,2024 Summer,2024,Summer,Paris,Rowing,"Rowing Eights, Men",NA
1501561,Harry Brightmore,M,30,NA,NA,,,2024 Summer,2024,Summer,Paris,Rowing,"Rowing Eights, Men",NA
1501562,Ralf Rienks,M,26,NA,NA,,,2024 Summer,2024,Summer,Paris,Rowing,"Rowing Eights, Men",NA
1501563,Olav Molenaar,M,25,NA,NA,,,2024 Summer,2024,Summer,Paris,Rowing,"Rowing Eights, Men",NA
1501564,Sander de Graaf,M,29,NA,NA,,,2024 Summer,2024,Summer,Paris,Rowing,"Rowing Eights, Men",NA
1501565,Ruben Knab,M,36,192.0,98.0,,,2024 Summer,2024,Summer,Paris,Rowing,"Rowing Eights, Men",NA
1501566,Gert-Jan van Doorn,M,25,NA,NA,,,2024 Summer,2024,Summer,Paris,Rowing,"Rowing Eights, Men",NA
1501567,Jacob van de Kerkhof,M,28,NA,NA,,,2024 Summer,2024,Summer,Paris,Rowing,"Rowing Eights, Men",NA
1501568,Jan van der Bij,M,32,NA,NA,,,2024 Summer,2024,Summer,Paris,Rowing,"Rowing Eights, Men",NA
1501569,Mick Makker,M,31,NA,NA,,,2024 Summer,2024,Summer,Paris,Rowing,"Rowing Eights, Men",NA
1501570,Dieuwke Fetter,F,33,NA,NA,,,2024 Summer,2024,Summer,Paris,Rowing,"Rowing Eights, Men",NA
1501571,Henry Hollingsworth,M,26,NA,NA,,,2024 Summer,2024,Summer,Paris,Rowing,"Rowing Eights, Men",NA
1501572,Nicholas Rusher,M,25,NA,NA,,,2024 Summer,2024,Summer,Paris,Rowing,"Rowing Eights, Men",NA
1501573,Christian Tabash,M,25,NA,NA,,,2024 Summer,2024,Summer,Paris,Rowing,"Rowing Eights, Men",NA
1501574,Clark Dean,M,24,196.0,NA,,,2024 Summer,2024,Summer,Paris,Rowing,"Rowing Eights, Men",NA
1501575,Christopher Carlson,M,27,NA,NA,,,2024 Summer,2024,Summer,Paris,Rowing,"Rowing Eights, Men",NA
1501576,Peter Chatain,M,24,NA,NA,,,2024 Summer,2024,Summer,Paris,Rowing,"Rowing Eights, Men",NA
1501577,Evan Olson,M,26,NA,NA,,,2024 Summer,2024,Summer,Paris,Rowing,"Rowing Eights, Men",NA
1501578,Pieter Quinton,M,26,NA,NA,,,2024 Summer,2024,Summer,Paris,Rowing,"Rowing Eights, Men",NA
1501579,Rielly Milne,M,28,NA,NA,,,2024 Summer,2024,Summer,Paris,Rowing,"Rowing Eights, Men",NA
1501580,Benedict Eggeling,M,25,NA,NA,,,2024 Summer,2024,Summer,Paris,Rowing,"Rowing Eights, Men",NA
1501581,Mattes Schönherr,M,24,NA,NA,,,2024 Summer,2024,Summer,Paris,Rowing,"Rowing Eights, Men",NA
1501582,Olaf Roggensack,M,27,194.0,NA,,,2024 Summer,2024,Summer,Paris,Rowing,"Rowing Eights, Men",NA
1501583,Laurits Follert,M,28,194.0,NA,,,2024 Summer,2024,Summer,Paris,Rowing,"Rowing Eights, Men",NA
1501584,Max John,M,27,NA,NA,,,2024 Summer,2024,Summer,Paris,Rowing,"Rowing Eights, Men",NA
1501585,Frederik Breuer,M,22,NA,NA,,,2024 Summer,2024,Summer,Paris,Rowing,"Rowing Eights, Men",NA
1501586,Wolf-Niclas Schröder,M,27,NA,NA,,,2024 Summer,2024,Summer,Paris,Rowing,"Rowing Eights, Men",NA
1501587,Torben Johannesen,M,29,188.0,NA,,,2024 Summer,2024,Summer,Paris,Rowing,"Rowing Eights, Men",NA
1501588,Jonas Wiesen,M,27,NA,NA,,,2024 Summer,2024,Summer,Paris,Rowing,"Rowing Eights, Men",NA
1501589,Julius Christ,M,25,NA,NA,,,2024 Summer,2024,Summer,Paris,Rowing,"Rowing Eights, Men",NA
1501590,Mihăi Țigănescu,M,26,190.0,NA,,,2024 Summer,2024,Summer,Paris,Rowing,"Rowing Eights, Men",NA
1501591,Laurențiu Danciu,M,24,NA,NA,,,2024 Summer,2024,Summer,Paris,Rowing,"Rowing Eights, Men",NA
1501592,Bogdan Baitoc,M,26,NA,NA,,,2024 Summer,2024,Summer,Paris,Rowing,"Rowing Eights, Men",NA
1501593,Constantin Adam,M,28,202.0,105.0,,,2024 Summer,2024,Summer,Paris,Rowing,"Rowing Eights, Men",NA
1501594,Marius Cozmiuc,M,31,197.0,94.0,,,2024 Summer,2024,Summer,Paris,Rowing,"Rowing Eights, Men",NA
1501595,Mugurel Semciuc,M,26,190.0,NA,,,2024 Summer,2024,Summer,Paris,Rowing,"Rowing Eights, Men",NA
1501596,Florin Arteni,M,23,207.0,NA,,,2024 Summer,2024,Summer,Paris,Rowing,"Rowing Eights, Men",NA
1501597,Florin Lehaci,M,25,NA,NA,,,2024 Summer,2024,Summer,Paris,Rowing,"Rowing Eights, Men",NA
1501598,Adrian Munteanu,M,26,167.0,NA,,,2024 Summer,2024,Summer,Paris,Rowing,"Rowing Eights, Men",NA
1501599,Ben Canham,M,27,NA,NA,,,2024 Summer,2024,Summer,Paris,Rowing,"Rowing Eights, Men",NA
1501600,Tim Masters,M,32,195.0,NA,,,2024 Summer,2024,Summer,Paris,Rowing,"Rowing Eights, Men",NA
1501601,Spencer Turrin,M,32,190.0,92.0,,,2024 Summer,2024,Summer,Paris,Rowing,"Rowing Eights, Men",NA
1501602,Alex Purnell,M,29,195.0,NA,,,2024 Summer,2024,Summer,Paris,Rowing,"Rowing Eights, Men",NA
1501603,Jack Hargreaves,M,30,196.0,NA,,,2024 Summer,2024,Summer,Paris,Rowing,"Rowing Eights, Men",NA
1501604,Jack O'Brien,M,26,194.0,NA,,,2024 Summer,2024,Summer,Paris,Rowing,"Rowing Eights, Men",NA
1501605,Angus Dawson,M,23,193.0,99.0,,,2024 Summer,2024,Summer,Paris,Rowing,"Rowing Eights, Men",NA
1501606,Angus Widdicombe,M,29,194.0,NA,,,2024 Summer,2024,Summer,Paris,Rowing,"Rowing Eights, Men",NA
1501607,Kendall Brodie,F,32,NA,NA,,,2024 Summer,2024,Summer,Paris,Rowing,"Rowing Eights, Men",NA
1501608,Joshua Hicks,M,33,191.0,NA,,,2024 Summer,2024,Summer,Paris,Rowing,"Rowing Eights, Men",NA
1501609,Matteo Della Valle,M,26,NA,NA,,,2024 Summer,2024,Summer,Paris,Rowing,"Rowing Eights, Men",NA
1501610,Jacopo Frigerio,M,25,NA,NA,,,2024 Summer,2024,Summer,Paris,Rowing,"Rowing Eights, Men",NA
1501611,Emanuele Gaetani Liseo,M,27,NA,NA,,,2024 Summer,2024,Summer,Paris,Rowing,"Rowing Eights, Men",NA
1501612,Salvatore Monfrecola,M,27,NA,NA,,,2024 Summer,2024,Summer,Paris,Rowing,"Rowing Eights, Men",NA
1501613,Davide Verità,M,23,NA,NA,,,2024 Summer,2024,Summer,Paris,Rowing,"Rowing Eights, Men",NA
1501614,Gennaro Di Mauro,M,22,210.0,NA,,,2024 Summer,2024,Summer,Paris,Rowing,"Rowing Eights, Men",NA
1501615,Leonardo Pietra Caprina,M,26,NA,NA,,,2024 Summer,2024,Summer,Paris,Rowing,"Rowing Eights, Men",NA
1501616,Vincenzo Abbagnale,M,31,187.0,NA,,,2024 Summer,2024,Summer,Paris,Rowing,"Rowing Eights, Men",NA
1501617,Alessandra Faella,F,23,NA,NA,,,2024 Summer,2024,Summer,Paris,Rowing,"Rowing Eights, Men",NA
1501618,Fintan McCarthy,M,27,177.0,NA,,,2024 Summer,2024,Summer,Paris,Rowing,"Rowing Lightweight Double Sculls, Men",NA
1501619,Paul O'Donovan,M,30,177.0,70.0,,,2024 Summer,2024,Summer,Paris,Rowing,"Rowing Lightweight Double Sculls, Men",NA
1501620,Stefano Oppo,M,29,187.0,70.0,,,2024 Summer,2024,Summer,Paris,Rowing,"Rowing Lightweight Double Sculls, Men",NA
1501621,Gabriel Soares,M,27,NA,NA,,,2024 Summer,2024,Summer,Paris,Rowing,"Rowing Lightweight Double Sculls, Men",NA
1501622,Antonios Papakonstantinou,M,25,NA,NA,,,2024 Summer,2024,Summer,Paris,Rowing,"Rowing Lightweight Double Sculls, Men",NA
1501623,Petros Gkaidatzis,M,23,NA,NA,,,2024 Summer,2024,Summer,Paris,Rowing,"Rowing Lightweight Double Sculls, Men",NA
1501624,Jan Schäuble,M,24,NA,NA,,,2024 Summer,2024,Summer,Paris,Rowing,"Rowing Lightweight Double Sculls, Men",NA
1501625,Raphaël Ahumada,M,23,NA,NA,,,2024 Summer,2024,Summer,Paris,Rowing,"Rowing Lightweight Double Sculls, Men",NA
1501626,Lars Benske,M,24,NA,NA,,,2024 Summer,2024,Summer,Paris,Rowing,"Rowing Lightweight Double Sculls, Men",NA
1501627,Ask Jarl Tjøm,M,28,NA,NA,,,2024 Summer,2024,Summer,Paris,Rowing,"Rowing Lightweight Double Sculls, Men",NA
1501628,Jiří Šimánek,M,28,NA,NA,,,2024 Summer,2024,Summer,Paris,Rowing,"Rowing Lightweight Double Sculls, Men",NA
1501629,Miroslav Vraštil,M,41,184.0,73.0,,,2024 Summer,2024,Summer,Paris,Rowing,"Rowing Lightweight Double Sculls, Men",NA
1501630,Hugo Beurey,M,26,NA,NA,,,2024 Summer,2024,Summer,Paris,Rowing,"Rowing Lightweight Double Sculls, Men",NA
1501631,Ferdinand Ludwig,M,23,NA,NA,,,2024 Summer,2024,Summer,Paris,Rowing,"Rowing Lightweight Double Sculls, Men",NA
1501632,Dennis Carracedo Ferrero,M,25,NA,NA,,,2024 Summer,2024,Summer,Paris,Rowing,"Rowing Lightweight Double Sculls, Men",NA
1501633,Caetano Horta,M,21,175.0,NA,,,2024 Summer,2024,Summer,Paris,Rowing,"Rowing Lightweight Double Sculls, Men",NA
1501634,Niels Van Zandweghe,M,28,182.0,68.0,,,2024 Summer,2024,Summer,Paris,Rowing,"Rowing Lightweight Double Sculls, Men",NA
1501635,Tibo Vyvey,M,23,NA,NA,,,2024 Summer,2024,Summer,Paris,Rowing,"Rowing Lightweight Double Sculls, Men",NA
1501636,Miguel Carballo,M,32,NA,NA,,,2024 Summer,2024,Summer,Paris,Rowing,"Rowing Lightweight Double Sculls, Men",NA
1501637,Alexis López,M,27,NA,NA,,,2024 Summer,2024,Summer,Paris,Rowing,"Rowing Lightweight Double Sculls, Men",NA
1501638,Ihor Khmara,M,34,NA,NA,,,2024 Summer,2024,Summer,Paris,Rowing,"Rowing Lightweight Double Sculls, Men",NA
1501639,Stanislav Kovalov,M,32,NA,NA,,,2024 Summer,2024,Summer,Paris,Rowing,"Rowing Lightweight Double Sculls, Men",NA
1501640,Alejandro Colomino,M,36,NA,NA,,,2024 Summer,2024,Summer,Paris,Rowing,"Rowing Lightweight Double Sculls, Men",NA
1501641,Pedro Dickson,M,24,NA,NA,,,2024 Summer,2024,Summer,Paris,Rowing,"Rowing Lightweight Double Sculls, Men",NA
1501642,Eber Sanhueza,M,26,171.0,NA,,,2024 Summer,2024,Summer,Paris,Rowing,"Rowing Lightweight Double Sculls, Men",NA
1501643,César Abaroa,M,27,179.0,NA,,,2024 Summer,2024,Summer,Paris,Rowing,"Rowing Lightweight Double Sculls, Men",NA
1501644,Masayuki Miyaura,M,28,NA,NA,,,2024 Summer,2024,Summer,Paris,Rowing,"Rowing Lightweight Double Sculls, Men",NA
1501645,Naoki Furuta,M,27,NA,NA,,,2024 Summer,2024,Summer,Paris,Rowing,"Rowing Lightweight Double Sculls, Men",NA
1501646,Shakhzod Nurmatov,M,25,NA,NA,,,2024 Summer,2024,Summer,Paris,Rowing,"Rowing Lightweight Double Sculls, Men",NA
1501647,Sobirjon Safaroliyev,M,22,NA,NA,,,2024 Summer,2024,Summer,Paris,Rowing,"Rowing Lightweight Double Sculls, Men",NA
1501648,Mohamed Kota,M,27,NA,NA,,,2024 Summer,2024,Summer,Paris,Rowing,"Rowing Lightweight Double Sculls, Men",NA
1501649,Ahmed Abdelaal,M,30,NA,NA,,,2024 Summer,2024,Summer,Paris,Rowing,"Rowing Lightweight Double Sculls, Men",NA
1501650,Karolien Florijn,F,26,NA,NA,NED,NED,2024 Summer,2024,Summer,Paris,Rowing,"Rowing Single Sculls, Women",Gold
1501651,Emma Twigg,F,37,182.0,76.0,NZL,NZL,2024 Summer,2024,Summer,Paris,Rowing,"Rowing Single Sculls, Women",Silver
1501652,Viktorija Senkutė,F,28,NA,NA,LTU,LTU,2024 Summer,2024,Summer,Paris,Rowing,"Rowing Single Sculls, Women",Bronze
1501653,Tara Rigney,F,25,NA,NA,AUS,AUS,2024 Summer,2024,Summer,Paris,Rowing,"Rowing Single Sculls, Women",NA
1501654,Kara Kohler,F,33,188.0,82.0,USA,USA,2024 Summer,2024,Summer,Paris,Rowing,"Rowing Single Sculls, Women",NA
1501655,Desislava Angelova,F,26,181.0,71.0,BUL,BUL,2024 Summer,2024,Summer,Paris,Rowing,"Rowing Single Sculls, Women",NA
1501656,Alexandra Föster,F,22,NA,NA,GER,GER,2024 Summer,2024,Summer,Paris,Rowing,"Rowing Single Sculls, Women",NA
1501657,Tatsiana Klimovich,F,29,177.0,72.0,AIN,AIN,2024 Summer,2024,Summer,Paris,Rowing,"Rowing Single Sculls, Women",NA
1501658,Aurelia-Maxima Janzen,F,20,NA,NA,SUI,SUI,2024 Summer,2024,Summer,Paris,Rowing,"Rowing Single Sculls, Women",NA
1501659,Magdalena Lobnig,F,33,180.0,71.0,AUT,AUT,2024 Summer,2024,Summer,Paris,Rowing,"Rowing Single Sculls, Women",NA
1501660,Anna Prakaten,F,31,NA,NA,UZB,UZB,2024 Summer,2024,Summer,Paris,Rowing,"Rowing Single Sculls, Women",NA
1501661,Virginia Díaz,F,32,180.0,70.0,ESP,ESP,2024 Summer,2024,Summer,Paris,Rowing,"Rowing Single Sculls, Women",NA
1501662,Jovana Arsić,F,31,NA,NA,SRB,SRB,2024 Summer,2024,Summer,Paris,Rowing,"Rowing Single Sculls, Women",NA
1501663,Paige Badenhorst,F,25,NA,NA,RSA,RSA,2024 Summer,2024,Summer,Paris,Rowing,"Rowing Single Sculls, Women",NA
1501664,Beatriz Tavares Cardoso,F,29,NA,NA,BRA,BRA,2024 Summer,2024,Summer,Paris,Rowing,"Rowing Single Sculls, Women",NA
1501665,Kenia Lechuga,F,30,162.0,59.0,MEX,MEX,2024 Summer,2024,Summer,Paris,Rowing,"Rowing Single Sculls, Women",NA
1501666,Diana Dımçenko,F,34,NA,NA,AZE,AZE,2024 Summer,2024,Summer,Paris,Rowing,"Rowing Single Sculls, Women",NA
1501667,Nina Kostanjšek,F,31,NA,NA,SLO,SLO,2024 Summer,2024,Summer,Paris,Rowing,"Rowing Single Sculls, Women",NA
1501668,Alejandra Alonso,F,27,NA,NA,PAR,PAR,2024 Summer,2024,Summer,Paris,Rowing,"Rowing Single Sculls, Women",NA
1501669,Joanie Delgaco,F,26,NA,NA,PHI,PHI,2024 Summer,2024,Summer,Paris,Rowing,"Rowing Single Sculls, Women",NA
1501670,Fatemeh Mojallal Topraghghale,F,21,NA,NA,IRI,IRI,2024 Summer,2024,Summer,Paris,Rowing,"Rowing Single Sculls, Women",NA
1501671,Elis Özbay,F,22,NA,NA,TUR,TUR,2024 Summer,2024,Summer,Paris,Rowing,"Rowing Single Sculls, Women",NA
1501672,Phạm Thị Huệ,F,34,NA,NA,VIE,VIE,2024 Summer,2024,Summer,Paris,Rowing,"Rowing Single Sculls, Women",NA
1501673,Adriana Sanguineti,F,24,NA,NA,PER,PER,2024 Summer,2024,Summer,Paris,Rowing,"Rowing Single Sculls, Women",NA
1501674,Nihed Benchadli,F,22,NA,NA,ALG,ALG,2024 Summer,2024,Summer,Paris,Rowing,"Rowing Single Sculls, Women",NA
1501675,Kathleen Noble,F,29,NA,NA,UGA,UGA,2024 Summer,2024,Summer,Paris,Rowing,"Rowing Single Sculls, Women",NA
1501676,Yariulvis Cobas,F,33,NA,NA,CUB,CUB,2024 Summer,2024,Summer,Paris,Rowing,"Rowing Single Sculls, Women",NA
1501677,Saiyidah Mohamed Rafaee,F,36,173.0,68.0,SGP,SGP,2024 Summer,2024,Summer,Paris,Rowing,"Rowing Single Sculls, Women",NA
1501678,Soaad Al-Faqaan,F,32,NA,NA,KUW,KUW,2024 Summer,2024,Summer,Paris,Rowing,"Rowing Single Sculls, Women",NA
1501679,Evidelia González,F,26,NA,NA,NCA,NCA,2024 Summer,2024,Summer,Paris,Rowing,"Rowing Single Sculls, Women",NA
1501680,Majdouline El-Allaoui,F,23,NA,NA,MAR,MAR,2024 Summer,2024,Summer,Paris,Rowing,"Rowing Single Sculls, Women",NA
1501681,Akoko Komlanvi,F,29,NA,NA,TOG,TOG,2024 Summer,2024,Summer,Paris,Rowing,"Rowing Single Sculls, Women",NA
1501682,Brooke Francis,F,29,179.0,NA,,,2024 Summer,2024,Summer,Paris,Rowing,"Rowing Double Sculls, Women",NA
1501683,Lucy Spoors,F,33,184.0,NA,,,2024 Summer,2024,Summer,Paris,Rowing,"Rowing Double Sculls, Women",NA
1501684,Ancuța Bodnar,F,25,179.0,NA,,,2024 Summer,2024,Summer,Paris,Rowing,"Rowing Double Sculls, Women",NA
1501685,Simona Radiș,F,25,184.0,NA,,,2024 Summer,2024,Summer,Paris,Rowing,"Rowing Double Sculls, Women",NA
1501686,Mathilda Hodgkins Byrne,F,29,174.0,NA,,,2024 Summer,2024,Summer,Paris,Rowing,"Rowing Double Sculls, Women",NA
1501687,Becky Wilde,F,26,NA,NA,,,2024 Summer,2024,Summer,Paris,Rowing,"Rowing Double Sculls, Women",NA
1501688,Lisa Scheenaard,F,35,NA,NA,,,2024 Summer,2024,Summer,Paris,Rowing,"Rowing Double Sculls, Women",NA
1501689,Martine Veldhuis,F,27,NA,NA,,,2024 Summer,2024,Summer,Paris,Rowing,"Rowing Double Sculls, Women",NA
1501690,Élodie Ravera-Scaramozzino,F,28,177.0,70.0,,,2024 Summer,2024,Summer,Paris,Rowing,"Rowing Double Sculls, Women",NA
1501691,Emma Lunatti,F,26,NA,NA,,,2024 Summer,2024,Summer,Paris,Rowing,"Rowing Double Sculls, Women",NA
1501692,Thea Helseth,F,28,NA,NA,,,2024 Summer,2024,Summer,Paris,Rowing,"Rowing Double Sculls, Women",NA
1501693,Inger Seim Kavlie,F,30,175.0,NA,,,2024 Summer,2024,Summer,Paris,Rowing,"Rowing Double Sculls, Women",NA
1501694,Amanda Bateman,F,28,185.0,82.0,,,2024 Summer,2024,Summer,Paris,Rowing,"Rowing Double Sculls, Women",NA
1501695,Harriet Hudson,F,26,185.0,NA,,,2024 Summer,2024,Summer,Paris,Rowing,"Rowing Double Sculls, Women",NA
1501696,Anna Šantrůčková,F,23,NA,NA,,,2024 Summer,2024,Summer,Paris,Rowing,"Rowing Double Sculls, Women",NA
1501697,Lenka Lukšová,F,32,177.0,70.0,,,2024 Summer,2024,Summer,Paris,Rowing,"Rowing Double Sculls, Women",NA
1501698,Sophia Vitas,F,31,NA,NA,,,2024 Summer,2024,Summer,Paris,Rowing,"Rowing Double Sculls, Women",NA
1501699,Kristi Wagner,F,31,183.0,NA,,,2024 Summer,2024,Summer,Paris,Rowing,"Rowing Double Sculls, Women",NA
1501700,Zoe Hyde,F,27,NA,NA,,,2024 Summer,2024,Summer,Paris,Rowing,"Rowing Double Sculls, Women",NA
1501701,Alison Bergin,F,22,NA,NA,,,2024 Summer,2024,Summer,Paris,Rowing,"Rowing Double Sculls, Women",NA
1501702,Clara Guerra,F,25,NA,NA,,,2024 Summer,2024,Summer,Paris,Rowing,"Rowing Double Sculls, Women",NA
1501703,Stefania Gobbi,F,29,177.0,NA,,,2024 Summer,2024,Summer,Paris,Rowing,"Rowing Double Sculls, Women",NA
1501704,Lu Shiyu,F,25,NA,NA,,,2024 Summer,2024,Summer,Paris,Rowing,"Rowing Double Sculls, Women",NA
1501705,Shen Shuangmei,F,26,NA,NA,,,2024 Summer,2024,Summer,Paris,Rowing,"Rowing Double Sculls, Women",NA
1501706,Donata Karalienė,F,35,170.0,62.0,,,2024 Summer,2024,Summer,Paris,Rowing,"Rowing Double Sculls, Women",NA
1501707,Dovilė Rimkutė,F,22,NA,NA,,,2024 Summer,2024,Summer,Paris,Rowing,"Rowing Double Sculls, Women",NA
1501708,Ymkje Clevering,F,28,NA,NA,,,2024 Summer,2024,Summer,Paris,Rowing,"Rowing Coxless Pairs, Women",NA
1501709,Veronique Meester,F,29,NA,NA,,,2024 Summer,2024,Summer,Paris,Rowing,"Rowing Coxless Pairs, Women",NA
1501710,Ioana Vrînceanu,F,30,179.0,NA,,,2024 Summer,2024,Summer,Paris,Rowing,"Rowing Coxless Pairs, Women",NA
1501711,Roxana Anghel,F,26,180.0,NA,,,2024 Summer,2024,Summer,Paris,Rowing,"Rowing Coxless Pairs, Women",NA
1501712,Jess Morrison,F,32,180.0,72.0,,,2024 Summer,2024,Summer,Paris,Rowing,"Rowing Coxless Pairs, Women",NA
1501713,Annabelle McIntyre,F,27,179.0,NA,,,2024 Summer,2024,Summer,Paris,Rowing,"Rowing Coxless Pairs, Women",NA
1501714,Azja Czajkowski,F,24,NA,NA,,,2024 Summer,2024,Summer,Paris,Rowing,"Rowing Coxless Pairs, Women",NA
1501715,Jess Thoennes,F,28,188.0,NA,,,2024 Summer,2024,Summer,Paris,Rowing,"Rowing Coxless Pairs, Women",NA
1501716,Kamilė Kralikaitė,F,23,NA,NA,,,2024 Summer,2024,Summer,Paris,Rowing,"Rowing Coxless Pairs, Women",NA
1501717,Ieva Adomavičiūtė,F,29,NA,NA,,,2024 Summer,2024,Summer,Paris,Rowing,"Rowing Coxless Pairs, Women",NA
1501718,Evangelia Anastasiadou,F,22,NA,NA,,,2024 Summer,2024,Summer,Paris,Rowing,"Rowing Coxless Pairs, Women",NA
1501719,Christina Bourmpou,F,23,174.0,64.0,,,2024 Summer,2024,Summer,Paris,Rowing,"Rowing Coxless Pairs, Women",NA
1501720,Aina Cid i Centelles,F,29,170.0,60.0,,,2024 Summer,2024,Summer,Paris,Rowing,"Rowing Coxless Pairs, Women",NA
1501721,Esther Briz Zamorano,F,24,NA,NA,,,2024 Summer,2024,Summer,Paris,Rowing,"Rowing Coxless Pairs, Women",NA
1501722,Aifric Keogh,F,32,180.0,NA,,,2024 Summer,2024,Summer,Paris,Rowing,"Rowing Coxless Pairs, Women",NA
1501723,Fiona Murtagh,F,29,NA,NA,,,2024 Summer,2024,Summer,Paris,Rowing,"Rowing Coxless Pairs, Women",NA
1501724,Melita Abraham,F,27,170.0,62.0,,,2024 Summer,2024,Summer,Paris,Rowing,"Rowing Coxless Pairs, Women",NA
1501725,Antonia Abraham,F,27,177.0,70.0,,,2024 Summer,2024,Summer,Paris,Rowing,"Rowing Coxless Pairs, Women",NA
1501726,Radka Novotníková,F,29,NA,NA,,,2024 Summer,2024,Summer,Paris,Rowing,"Rowing Coxless Pairs, Women",NA
1501727,Pavlína Flamíková,F,25,NA,NA,,,2024 Summer,2024,Summer,Paris,Rowing,"Rowing Coxless Pairs, Women",NA
1501728,Lærke Berg Rasmussen,F,30,187.0,79.0,,,2024 Summer,2024,Summer,Paris,Rowing,"Rowing Coxless Pairs, Women",NA
1501729,Fie Udby Erichsen,F,39,184.0,79.0,,,2024 Summer,2024,Summer,Paris,Rowing,"Rowing Coxless Pairs, Women",NA
1501730,Rebecca Edwards,F,30,178.0,NA,,,2024 Summer,2024,Summer,Paris,Rowing,"Rowing Coxless Pairs, Women",NA
1501731,Chloe Brew,F,28,184.0,NA,,,2024 Summer,2024,Summer,Paris,Rowing,"Rowing Coxless Pairs, Women",NA
1501732,Kate Haines,F,24,NA,NA,,,2024 Summer,2024,Summer,Paris,Rowing,"Rowing Coxless Pairs, Women",NA
1501733,Alana Sherman,F,25,NA,NA,,,2024 Summer,2024,Summer,Paris,Rowing,"Rowing Coxless Pairs, Women",NA
1501734,Marloes Oldenburg,F,36,NA,NA,,,2024 Summer,2024,Summer,Paris,Rowing,"Rowing Coxless Fours, Women",NA
1501735,Hermijntje Drenth,F,29,NA,NA,,,2024 Summer,2024,Summer,Paris,Rowing,"Rowing Coxless Fours, Women",NA
1501736,Tinka Offereins,F,30,NA,NA,,,2024 Summer,2024,Summer,Paris,Rowing,"Rowing Coxless Fours, Women",NA
1501737,Benthe Boonstra,F,23,NA,NA,,,2024 Summer,2024,Summer,Paris,Rowing,"Rowing Coxless Fours, Women",NA
1501738,Helen Glover,F,38,177.0,67.0,,,2024 Summer,2024,Summer,Paris,Rowing,"Rowing Coxless Fours, Women",NA
1501739,Esmé Booth,F,25,NA,NA,,,2024 Summer,2024,Summer,Paris,Rowing,"Rowing Coxless Fours, Women",NA
1501740,Sam Redgrave,F,29,NA,NA,,,2024 Summer,2024,Summer,Paris,Rowing,"Rowing Coxless Fours, Women",NA
1501741,Rebecca Shorten,F,30,181.0,NA,,,2024 Summer,2024,Summer,Paris,Rowing,"Rowing Coxless Fours, Women",NA
1501742,Jackie Gowler,F,28,176.0,NA,,,2024 Summer,2024,Summer,Paris,Rowing,"Rowing Coxless Fours, Women",NA
1501743,Phoebe Spoors,F,30,NA,NA,,,2024 Summer,2024,Summer,Paris,Rowing,"Rowing Coxless Fours, Women",NA
1501744,Davina Waddy,F,27,NA,NA,,,2024 Summer,2024,Summer,Paris,Rowing,"Rowing Coxless Fours, Women",NA
1501745,Kerri Williams,F,30,182.0,76.0,,,2024 Summer,2024,Summer,Paris,Rowing,"Rowing Coxless Fours, Women",NA
1501746,Adriana Adam,F,25,185.0,NA,,,2024 Summer,2024,Summer,Paris,Rowing,"Rowing Coxless Fours, Women",NA
1501747,Maria Lehaci,F,25,185.0,NA,,,2024 Summer,2024,Summer,Paris,Rowing,"Rowing Coxless Fours, Women",NA
1501748,Magdalena Rusu,F,24,175.0,NA,,,2024 Summer,2024,Summer,Paris,Rowing,"Rowing Coxless Fours, Women",NA
1501749,Amalia Bereș,F,27,188.0,NA,,,2024 Summer,2024,Summer,Paris,Rowing,"Rowing Coxless Fours, Women",NA
1501750,Emily Kallfelz,F,27,NA,NA,,,2024 Summer,2024,Summer,Paris,Rowing,"Rowing Coxless Fours, Women",NA
1501751,Kelsey Reelick,F,32,NA,NA,,,2024 Summer,2024,Summer,Paris,Rowing,"Rowing Coxless Fours, Women",NA
1501752,Daisy Mazzio-Manson,F,26,NA,NA,,,2024 Summer,2024,Summer,Paris,Rowing,"Rowing Coxless Fours, Women",NA
1501753,Kate Knifton,F,24,180.0,71.0,,,2024 Summer,2024,Summer,Paris,Rowing,"Rowing Coxless Fours, Women",NA
1501754,Zhang Shuxian,F,26,NA,NA,,,2024 Summer,2024,Summer,Paris,Rowing,"Rowing Coxless Fours, Women",NA
1501755,Liu Xiaoxin,F,26,NA,NA,,,2024 Summer,2024,Summer,Paris,Rowing,"Rowing Coxless Fours, Women",NA
1501756,Wang Zifeng,F,26,NA,NA,,,2024 Summer,2024,Summer,Paris,Rowing,"Rowing Coxless Fours, Women",NA
1501757,Xu Xingye,F,26,NA,NA,,,2024 Summer,2024,Summer,Paris,Rowing,"Rowing Coxless Fours, Women",NA
1501758,Imogen Magner,F,26,NA,NA,,,2024 Summer,2024,Summer,Paris,Rowing,"Rowing Coxless Fours, Women",NA
1501759,Eimear Lambe,F,26,183.0,NA,,,2024 Summer,2024,Summer,Paris,Rowing,"Rowing Coxless Fours, Women",NA
1501760,Natalie Long,F,34,NA,NA,,,2024 Summer,2024,Summer,Paris,Rowing,"Rowing Coxless Fours, Women",NA
1501761,Emily Hegarty,F,25,NA,NA,,,2024 Summer,2024,Summer,Paris,Rowing,"Rowing Coxless Fours, Women",NA
1501762,Astrid Steensberg,F,28,178.0,NA,,,2024 Summer,2024,Summer,Paris,Rowing,"Rowing Coxless Fours, Women",NA
1501763,Frida Sanggaard Nielsen,F,25,NA,NA,,,2024 Summer,2024,Summer,Paris,Rowing,"Rowing Coxless Fours, Women",NA
1501764,Marie Skytte Hauberg Johannesen,F,27,NA,NA,,,2024 Summer,2024,Summer,Paris,Rowing,"Rowing Coxless Fours, Women",NA
1501765,Julie Poulsen,F,27,NA,NA,,,2024 Summer,2024,Summer,Paris,Rowing,"Rowing Coxless Fours, Women",NA
1501766,Olympia Aldersey,F,31,183.0,75.0,,,2024 Summer,2024,Summer,Paris,Rowing,"Rowing Coxless Fours, Women",NA
1501767,Jean Mitchell,F,24,NA,NA,,,2024 Summer,2024,Summer,Paris,Rowing,"Rowing Coxless Fours, Women",NA
1501768,Lily Alton-Triggs,F,25,NA,NA,,,2024 Summer,2024,Summer,Paris,Rowing,"Rowing Coxless Fours, Women",NA
1501769,Molly Goodman,F,31,185.0,80.0,,,2024 Summer,2024,Summer,Paris,Rowing,"Rowing Coxless Fours, Women",NA
1501770,Lauren Henry,F,22,NA,NA,,,2024 Summer,2024,Summer,Paris,Rowing,"Rowing Quadruple Sculls, Women",NA
1501771,Hannah Scott,F,25,182.0,NA,,,2024 Summer,2024,Summer,Paris,Rowing,"Rowing Quadruple Sculls, Women",NA
1501772,Lola Anderson,F,26,NA,NA,,,2024 Summer,2024,Summer,Paris,Rowing,"Rowing Quadruple Sculls, Women",NA
1501773,Georgie Brayshaw,F,30,NA,NA,,,2024 Summer,2024,Summer,Paris,Rowing,"Rowing Quadruple Sculls, Women",NA
1501774,Laila Youssifou,F,28,NA,NA,,,2024 Summer,2024,Summer,Paris,Rowing,"Rowing Quadruple Sculls, Women",NA
1501775,Bente Paulis,F,27,NA,NA,,,2024 Summer,2024,Summer,Paris,Rowing,"Rowing Quadruple Sculls, Women",NA
1501776,Roos de Jong,F,30,NA,NA,,,2024 Summer,2024,Summer,Paris,Rowing,"Rowing Quadruple Sculls, Women",NA
1501777,Tessa Dullemans,F,27,NA,NA,,,2024 Summer,2024,Summer,Paris,Rowing,"Rowing Quadruple Sculls, Women",NA
1501778,Maren Völz,F,24,NA,NA,,,2024 Summer,2024,Summer,Paris,Rowing,"Rowing Quadruple Sculls, Women",NA
1501779,Tabea Schendekehl,F,25,NA,NA,,,2024 Summer,2024,Summer,Paris,Rowing,"Rowing Quadruple Sculls, Women",NA
1501780,Leonie Menzel,F,25,175.0,NA,,,2024 Summer,2024,Summer,Paris,Rowing,"Rowing Quadruple Sculls, Women",NA
1501781,Pia Greiten,F,27,NA,NA,,,2024 Summer,2024,Summer,Paris,Rowing,"Rowing Quadruple Sculls, Women",NA
1501782,Fabienne Schweizer,F,26,NA,NA,,,2024 Summer,2024,Summer,Paris,Rowing,"Rowing Quadruple Sculls, Women",NA
1501783,Célia Dupré,F,22,NA,NA,,,2024 Summer,2024,Summer,Paris,Rowing,"Rowing Quadruple Sculls, Women",NA
1501784,Pascale Walker,F,29,NA,NA,,,2024 Summer,2024,Summer,Paris,Rowing,"Rowing Quadruple Sculls, Women",NA
1501785,Lisa Lötscher,F,24,NA,NA,,,2024 Summer,2024,Summer,Paris,Rowing,"Rowing Quadruple Sculls, Women",NA
1501786,Yevheniya Dovhodko,F,31,180.0,68.0,,,2024 Summer,2024,Summer,Paris,Rowing,"Rowing Quadruple Sculls, Women",NA
1501787,Kateryna Dudchenko,F,27,NA,NA,,,2024 Summer,2024,Summer,Paris,Rowing,"Rowing Quadruple Sculls, Women",NA
1501788,Daryna Verkhohliad,F,32,180.0,80.0,,,2024 Summer,2024,Summer,Paris,Rowing,"Rowing Quadruple Sculls, Women",NA
1501789,Anastasiya Kozhenkova,F,38,186.0,75.0,,,2024 Summer,2024,Summer,Paris,Rowing,"Rowing Quadruple Sculls, Women",NA
1501790,Chen Yunxia,F,28,NA,NA,,,2024 Summer,2024,Summer,Paris,Rowing,"Rowing Quadruple Sculls, Women",NA
1501791,Zhang Ling,F,27,182.0,75.0,,,2024 Summer,2024,Summer,Paris,Rowing,"Rowing Quadruple Sculls, Women",NA
1501792,Lü Yang,F,30,183.0,77.0,,,2024 Summer,2024,Summer,Paris,Rowing,"Rowing Quadruple Sculls, Women",NA
1501793,Cui Xiaotong,F,29,NA,NA,,,2024 Summer,2024,Summer,Paris,Rowing,"Rowing Quadruple Sculls, Women",NA
1501794,Ioana Mădălina Moroşan,F,25,NA,NA,,,2024 Summer,2024,Summer,Paris,Rowing,"Rowing Quadruple Sculls, Women",NA
1501795,Emanuela Ioana Ciotău,F,21,NA,NA,,,2024 Summer,2024,Summer,Paris,Rowing,"Rowing Quadruple Sculls, Women",NA
1501796,Alexandra Ungureanu,F,23,NA,NA,,,2024 Summer,2024,Summer,Paris,Rowing,"Rowing Quadruple Sculls, Women",NA
1501797,Patricia Cireș,F,22,NA,NA,,,2024 Summer,2024,Summer,Paris,Rowing,"Rowing Quadruple Sculls, Women",NA
1501798,Ria Thompson,F,26,172.0,NA,,,2024 Summer,2024,Summer,Paris,Rowing,"Rowing Quadruple Sculls, Women",NA
1501799,Rowena Meredith,F,29,181.0,NA,,,2024 Summer,2024,Summer,Paris,Rowing,"Rowing Quadruple Sculls, Women",NA
1501800,Laura Gourley,F,22,NA,NA,,,2024 Summer,2024,Summer,Paris,Rowing,"Rowing Quadruple Sculls, Women",NA
1501801,Caitlin Cronin,F,29,177.0,69.0,,,2024 Summer,2024,Summer,Paris,Rowing,"Rowing Quadruple Sculls, Women",NA
1501802,Grace Joyce,F,26,NA,NA,,,2024 Summer,2024,Summer,Paris,Rowing,"Rowing Quadruple Sculls, Women",NA
1501803,Emily Delleman,F,26,NA,NA,,,2024 Summer,2024,Summer,Paris,Rowing,"Rowing Quadruple Sculls, Women",NA
1501804,Teal Cohen,F,25,NA,NA,,,2024 Summer,2024,Summer,Paris,Rowing,"Rowing Quadruple Sculls, Women",NA
1501805,Lauren O'Connor,F,25,NA,NA,,,2024 Summer,2024,Summer,Paris,Rowing,"Rowing Quadruple Sculls, Women",NA
1501806,Magdalena Rusu,F,24,175.0,NA,,,2024 Summer,2024,Summer,Paris,Rowing,"Rowing Eights, Women",NA
1501807,Roxana Anghel,F,26,180.0,NA,,,2024 Summer,2024,Summer,Paris,Rowing,"Rowing Eights, Women",NA
1501808,Ancuța Bodnar,F,25,179.0,NA,,,2024 Summer,2024,Summer,Paris,Rowing,"Rowing Eights, Women",NA
1501809,Maria Lehaci,F,25,185.0,NA,,,2024 Summer,2024,Summer,Paris,Rowing,"Rowing Eights, Women",NA
1501810,Adriana Adam,F,25,185.0,NA,,,2024 Summer,2024,Summer,Paris,Rowing,"Rowing Eights, Women",NA
1501811,Amalia Bereș,F,27,188.0,NA,,,2024 Summer,2024,Summer,Paris,Rowing,"Rowing Eights, Women",NA
1501812,Ioana Vrînceanu,F,30,179.0,NA,,,2024 Summer,2024,Summer,Paris,Rowing,"Rowing Eights, Women",NA
1501813,Simona Radiș,F,25,184.0,NA,,,2024 Summer,2024,Summer,Paris,Rowing,"Rowing Eights, Women",NA
1501814,Victoria-Ștefania Petreanu,F,21,NA,NA,,,2024 Summer,2024,Summer,Paris,Rowing,"Rowing Eights, Women",NA
1501815,Jessica Sevick,F,35,NA,NA,,,2024 Summer,2024,Summer,Paris,Rowing,"Rowing Eights, Women",NA
1501816,Caileigh Filmer,F,27,169.0,76.0,,,2024 Summer,2024,Summer,Paris,Rowing,"Rowing Eights, Women",NA
1501817,Maya Meschkuleit,F,22,NA,NA,,,2024 Summer,2024,Summer,Paris,Rowing,"Rowing Eights, Women",NA
1501818,Kasia Gruchalla-Wesierski,F,33,NA,NA,,,2024 Summer,2024,Summer,Paris,Rowing,"Rowing Eights, Women",NA
1501819,Avalon Wasteneys,F,26,NA,NA,,,2024 Summer,2024,Summer,Paris,Rowing,"Rowing Eights, Women",NA
1501820,Sydney Payne,F,26,NA,NA,,,2024 Summer,2024,Summer,Paris,Rowing,"Rowing Eights, Women",NA
1501821,Kristina Walker,F,28,NA,NA,,,2024 Summer,2024,Summer,Paris,Rowing,"Rowing Eights, Women",NA
1501822,Abby Dent,F,22,NA,NA,,,2024 Summer,2024,Summer,Paris,Rowing,"Rowing Eights, Women",NA
1501823,Kristen Kit,F,35,NA,NA,,,2024 Summer,2024,Summer,Paris,Rowing,"Rowing Eights, Women",NA
1501824,Heidi Long,F,27,NA,NA,,,2024 Summer,2024,Summer,Paris,Rowing,"Rowing Eights, Women",NA
1501825,Rowan McKellar,F,30,183.0,NA,,,2024 Summer,2024,Summer,Paris,Rowing,"Rowing Eights, Women",NA
1501826,Holly Dunford,F,24,NA,NA,,,2024 Summer,2024,Summer,Paris,Rowing,"Rowing Eights, Women",NA
1501827,Emily Ford,F,29,180.0,NA,,,2024 Summer,2024,Summer,Paris,Rowing,"Rowing Eights, Women",NA
1501828,Lauren Irwin,F,25,NA,NA,,,2024 Summer,2024,Summer,Paris,Rowing,"Rowing Eights, Women",NA
1501829,Eve Stewart,F,26,NA,NA,,,2024 Summer,2024,Summer,Paris,Rowing,"Rowing Eights, Women",NA
1501830,Hattie Taylor,F,30,182.0,NA,,,2024 Summer,2024,Summer,Paris,Rowing,"Rowing Eights, Women",NA
1501831,Annie Campbell-Orde,F,28,NA,NA,,,2024 Summer,2024,Summer,Paris,Rowing,"Rowing Eights, Women",NA
1501832,Henry Fieldman,M,35,162.0,NA,,,2024 Summer,2024,Summer,Paris,Rowing,"Rowing Eights, Women",NA
1501833,Katrina Werry,F,30,173.0,NA,,,2024 Summer,2024,Summer,Paris,Rowing,"Rowing Eights, Women",NA
1501834,Lucy Stephan,F,32,174.0,66.0,,,2024 Summer,2024,Summer,Paris,Rowing,"Rowing Eights, Women",NA
1501835,Bronwyn Cox,F,27,177.0,80.0,,,2024 Summer,2024,Summer,Paris,Rowing,"Rowing Eights, Women",NA
1501836,Georgie Rowe,F,31,185.0,NA,,,2024 Summer,2024,Summer,Paris,Rowing,"Rowing Eights, Women",NA
1501837,Jacqui Swick,F,22,NA,NA,,,2024 Summer,2024,Summer,Paris,Rowing,"Rowing Eights, Women",NA
1501838,Giorgia Patten,F,25,182.0,NA,,,2024 Summer,2024,Summer,Paris,Rowing,"Rowing Eights, Women",NA
1501839,Sarah Hawe,F,36,188.0,NA,,,2024 Summer,2024,Summer,Paris,Rowing,"Rowing Eights, Women",NA
1501840,Paige Barr,F,23,NA,NA,,,2024 Summer,2024,Summer,Paris,Rowing,"Rowing Eights, Women",NA
1501841,Hayley Verbunt,F,21,NA,NA,,,2024 Summer,2024,Summer,Paris,Rowing,"Rowing Eights, Women",NA
1501842,Molly Bruggeman,F,32,NA,NA,,,2024 Summer,2024,Summer,Paris,Rowing,"Rowing Eights, Women",NA
1501843,Margaret Hedeman,F,23,NA,NA,,,2024 Summer,2024,Summer,Paris,Rowing,"Rowing Eights, Women",NA
1501844,Maddie Wanamaker,F,29,180.0,75.0,,,2024 Summer,2024,Summer,Paris,Rowing,"Rowing Eights, Women",NA
1501845,Regina Salmons,F,27,183.0,NA,,,2024 Summer,2024,Summer,Paris,Rowing,"Rowing Eights, Women",NA
1501846,Meghan Musnicki,F,41,183.0,73.0,,,2024 Summer,2024,Summer,Paris,Rowing,"Rowing Eights, Women",NA
1501847,Claire Collins,F,27,180.0,82.0,,,2024 Summer,2024,Summer,Paris,Rowing,"Rowing Eights, Women",NA
1501848,Olivia Coffey,F,35,185.0,77.0,,,2024 Summer,2024,Summer,Paris,Rowing,"Rowing Eights, Women",NA
1501849,Charlotte Buck,F,29,183.0,NA,,,2024 Summer,2024,Summer,Paris,Rowing,"Rowing Eights, Women",NA
1501850,Nina Castagna,F,24,NA,NA,,,2024 Summer,2024,Summer,Paris,Rowing,"Rowing Eights, Women",NA
1501851,Giorgia Pelacchi,F,26,NA,NA,,,2024 Summer,2024,Summer,Paris,Rowing,"Rowing Eights, Women",NA
1501852,Linda De Filippis,F,25,NA,NA,,,2024 Summer,2024,Summer,Paris,Rowing,"Rowing Eights, Women",NA
1501853,Alice Gnatta,F,20,NA,NA,,,2024 Summer,2024,Summer,Paris,Rowing,"Rowing Eights, Women",NA
1501854,Aisha Rocek,F,25,178.0,NA,,,2024 Summer,2024,Summer,Paris,Rowing,"Rowing Eights, Women",NA
1501855,Elisa Mondelli,F,25,NA,NA,,,2024 Summer,2024,Summer,Paris,Rowing,"Rowing Eights, Women",NA
1501856,Silvia Terrazzi,F,28,NA,NA,,,2024 Summer,2024,Summer,Paris,Rowing,"Rowing Eights, Women",NA
1501857,Alice Codato,F,20,NA,NA,,,2024 Summer,2024,Summer,Paris,Rowing,"Rowing Eights, Women",NA
1501858,Veronica Bumbaca,F,25,NA,NA,,,2024 Summer,2024,Summer,Paris,Rowing,"Rowing Eights, Women",NA
1501859,Emanuele Capponi,M,23,NA,NA,,,2024 Summer,2024,Summer,Paris,Rowing,"Rowing Eights, Women",NA
1501860,Nanna Vigild,F,29,NA,NA,,,2024 Summer,2024,Summer,Paris,Rowing,"Rowing Eights, Women",NA
1501861,Caroline Munch,F,21,NA,NA,,,2024 Summer,2024,Summer,Paris,Rowing,"Rowing Eights, Women",NA
1501862,Clara Hornnæss,F,20,NA,NA,,,2024 Summer,2024,Summer,Paris,Rowing,"Rowing Eights, Women",NA
1501863,Sára Maria Johansen,F,23,NA,NA,,,2024 Summer,2024,Summer,Paris,Rowing,"Rowing Eights, Women",NA
1501864,Frida Werner Foldager,F,18,NA,NA,,,2024 Summer,2024,Summer,Paris,Rowing,"Rowing Eights, Women",NA
1501865,Karen Mortensen,F,22,NA,NA,,,2024 Summer,2024,Summer,Paris,Rowing,"Rowing Eights, Women",NA
1501866,Sofie Vikkelsø,F,21,NA,NA,,,2024 Summer,2024,Summer,Paris,Rowing,"Rowing Eights, Women",NA
1501867,Nikoline Laidlaw,F,29,NA,NA,,,2024 Summer,2024,Summer,Paris,Rowing,"Rowing Eights, Women",NA
1501868,Sophie Østergaard,F,24,NA,NA,,,2024 Summer,2024,Summer,Paris,Rowing,"Rowing Eights, Women",NA
1501869,Emily Craig,F,31,173.0,NA,,,2024 Summer,2024,Summer,Paris,Rowing,"Rowing Lightweight Double Sculls, Women",NA
1501870,Imogen Grant,F,28,168.0,NA,,,2024 Summer,2024,Summer,Paris,Rowing,"Rowing Lightweight Double Sculls, Women",NA
1501871,Gianina van Groningen,F,29,178.0,57.0,,,2024 Summer,2024,Summer,Paris,Rowing,"Rowing Lightweight Double Sculls, Women",NA
1501872,Ionela Lehaci-Cozmiuc,F,29,178.0,57.0,,,2024 Summer,2024,Summer,Paris,Rowing,"Rowing Lightweight Double Sculls, Women",NA
1501873,Milena Kontou,F,18,NA,NA,,,2024 Summer,2024,Summer,Paris,Rowing,"Rowing Lightweight Double Sculls, Women",NA
1501874,Zoí Fitsiou,F,28,NA,NA,,,2024 Summer,2024,Summer,Paris,Rowing,"Rowing Lightweight Double Sculls, Women",NA
1501875,Shannon Cox,F,26,NA,NA,,,2024 Summer,2024,Summer,Paris,Rowing,"Rowing Lightweight Double Sculls, Women",NA
1501876,Jackie Kiddle,F,29,NA,NA,,,2024 Summer,2024,Summer,Paris,Rowing,"Rowing Lightweight Double Sculls, Women",NA
1501877,Aoife Casey,F,25,168.0,NA,,,2024 Summer,2024,Summer,Paris,Rowing,"Rowing Lightweight Double Sculls, Women",NA
1501878,Margaret Cremen,F,25,NA,NA,,,2024 Summer,2024,Summer,Paris,Rowing,"Rowing Lightweight Double Sculls, Women",NA
1501879,Molly Reckford,F,31,178.0,NA,,,2024 Summer,2024,Summer,Paris,Rowing,"Rowing Lightweight Double Sculls, Women",NA
1501880,Michelle Sechser,F,37,165.0,59.0,,,2024 Summer,2024,Summer,Paris,Rowing,"Rowing Lightweight Double Sculls, Women",NA
1501881,Laura Tarantola,F,30,NA,NA,,,2024 Summer,2024,Summer,Paris,Rowing,"Rowing Lightweight Double Sculls, Women",NA
1501882,Claire Bové,F,26,NA,NA,,,2024 Summer,2024,Summer,Paris,Rowing,"Rowing Lightweight Double Sculls, Women",NA
1501883,Jill Moffatt,F,31,NA,NA,,,2024 Summer,2024,Summer,Paris,Rowing,"Rowing Lightweight Double Sculls, Women",NA
1501884,Jennifer Casson,F,28,NA,NA,,,2024 Summer,2024,Summer,Paris,Rowing,"Rowing Lightweight Double Sculls, Women",NA
1501885,Martyna Radosz,F,33,176.0,57.0,,,2024 Summer,2024,Summer,Paris,Rowing,"Rowing Lightweight Double Sculls, Women",NA
1501886,Katarzyna Wełna,F,30,NA,NA,,,2024 Summer,2024,Summer,Paris,Rowing,"Rowing Lightweight Double Sculls, Women",NA
1501887,Louisa Altenhuber,F,28,NA,NA,,,2024 Summer,2024,Summer,Paris,Rowing,"Rowing Lightweight Double Sculls, Women",NA
1501888,Lara Tiefenthaler,F,24,NA,NA,,,2024 Summer,2024,Summer,Paris,Rowing,"Rowing Lightweight Double Sculls, Women",NA
1501889,Khadija Krimi,F,28,171.0,57.0,,,2024 Summer,2024,Summer,Paris,Rowing,"Rowing Lightweight Double Sculls, Women",NA
1501890,Selma Dhaouadi,F,28,NA,NA,,,2024 Summer,2024,Summer,Paris,Rowing,"Rowing Lightweight Double Sculls, Women",NA
1501891,Sonia Baluzzo,F,25,NA,NA,,,2024 Summer,2024,Summer,Paris,Rowing,"Rowing Lightweight Double Sculls, Women",NA
1501892,Evelyn Silvestro,F,25,NA,NA,,,2024 Summer,2024,Summer,Paris,Rowing,"Rowing Lightweight Double Sculls, Women",NA
1501893,Zou Jiaqi,F,22,NA,NA,,,2024 Summer,2024,Summer,Paris,Rowing,"Rowing Lightweight Double Sculls, Women",NA
1501894,Qiu Xiuping,F,24,NA,NA,,,2024 Summer,2024,Summer,Paris,Rowing,"Rowing Lightweight Double Sculls, Women",NA
1501895,Alessia Palacios,F,24,NA,NA,,,2024 Summer,2024,Summer,Paris,Rowing,"Rowing Lightweight Double Sculls, Women",NA
1501896,Valeria Palacios,F,24,NA,NA,,,2024 Summer,2024,Summer,Paris,Rowing,"Rowing Lightweight Double Sculls, Women",NA
1501897,Emi Hirouchi,F,28,NA,NA,,,2024 Summer,2024,Summer,Paris,Rowing,"Rowing Lightweight Double Sculls, Women",NA
1501898,Ayami Oishi,F,33,169.0,57.0,,,2024 Summer,2024,Summer,Paris,Rowing,"Rowing Lightweight Double Sculls, Women",NA
1501899,Mahsa Javer,F,30,173.0,62.0,,,2024 Summer,2024,Summer,Paris,Rowing,"Rowing Lightweight Double Sculls, Women",NA
1501900,Zeinab Norouzi,F,24,NA,NA,,,2024 Summer,2024,Summer,Paris,Rowing,"Rowing Lightweight Double Sculls, Women",NA
1501901,Kiran Badloe,M,25,195.0,NA,NED,NED,2020 Summer,2020,Summer,Tokyo,Sailing,"Sailing Windsurfer (Neil Pryde RS:X), Men",Gold
1501902,Thomas Goyard,M,28,NA,NA,FRA,FRA,2020 Summer,2020,Summer,Tokyo,Sailing,"Sailing Windsurfer (Neil Pryde RS:X), Men",Silver
1501903,Bi Kun,M,24,NA,NA,CHN,CHN,2020 Summer,2020,Summer,Tokyo,Sailing,"Sailing Windsurfer (Neil Pryde RS:X), Men",Bronze
1501904,Yoav Cohen,M,20,NA,NA,ISR,ISR,2020 Summer,2020,Summer,Tokyo,Sailing,"Sailing Windsurfer (Neil Pryde RS:X), Men",NA
1501905,Mattia Camboni,M,24,180.0,70.0,ITA,ITA,2020 Summer,2020,Summer,Tokyo,Sailing,"Sailing Windsurfer (Neil Pryde RS:X), Men",NA
1501906,Piotr Myszka,M,38,186.0,74.0,POL,POL,2020 Summer,2020,Summer,Tokyo,Sailing,"Sailing Windsurfer (Neil Pryde RS:X), Men",NA
1501907,Tom Squires,M,26,193.0,NA,GBR,GBR,2020 Summer,2020,Summer,Tokyo,Sailing,"Sailing Windsurfer (Neil Pryde RS:X), Men",NA
1501908,Mateo Sanz Lanz,M,26,172.0,64.0,SUI,SUI,2020 Summer,2020,Summer,Tokyo,Sailing,"Sailing Windsurfer (Neil Pryde RS:X), Men",NA
1501909,Pedro Pascual,M,24,185.0,70.0,USA,USA,2020 Summer,2020,Summer,Tokyo,Sailing,"Sailing Windsurfer (Neil Pryde RS:X), Men",NA
1501910,Ángel Granda,M,22,171.0,84.0,ESP,ESP,2020 Summer,2020,Summer,Tokyo,Sailing,"Sailing Windsurfer (Neil Pryde RS:X), Men",NA
1501911,Vyron Kokkalanis,M,34,186.0,75.0,GRE,GRE,2020 Summer,2020,Summer,Tokyo,Sailing,"Sailing Windsurfer (Neil Pryde RS:X), Men",NA
1501912,Andreas Kariolou,M,37,181.0,74.0,CYP,CYP,2020 Summer,2020,Summer,Tokyo,Sailing,"Sailing Windsurfer (Neil Pryde RS:X), Men",NA
1501913,Michael Cheng,M,26,182.0,74.0,HKG,HKG,2020 Summer,2020,Summer,Tokyo,Sailing,"Sailing Windsurfer (Neil Pryde RS:X), Men",NA
1501914,Endre Funnemark,M,22,190.0,NA,NOR,NOR,2020 Summer,2020,Summer,Tokyo,Sailing,"Sailing Windsurfer (Neil Pryde RS:X), Men",NA
1501915,Juozas Bernotas,M,31,186.0,80.0,LTU,LTU,2020 Summer,2020,Summer,Tokyo,Sailing,"Sailing Windsurfer (Neil Pryde RS:X), Men",NA
1501916,Makoto Tomizawa,M,35,181.0,73.0,JPN,JPN,2020 Summer,2020,Summer,Tokyo,Sailing,"Sailing Windsurfer (Neil Pryde RS:X), Men",NA
1501917,Cho Won-U,M,25,NA,NA,KOR,KOR,2020 Summer,2020,Summer,Tokyo,Sailing,"Sailing Windsurfer (Neil Pryde RS:X), Men",NA
1501918,Mikita Tsirkun,M,23,184.0,72.0,BLR,BLR,2020 Summer,2020,Summer,Tokyo,Sailing,"Sailing Windsurfer (Neil Pryde RS:X), Men",NA
1501919,Aleksandr Askerov,M,24,NA,NA,ROC,ROC,2020 Summer,2020,Summer,Tokyo,Sailing,"Sailing Windsurfer (Neil Pryde RS:X), Men",NA
1501920,Onur Biriz,M,21,186.0,73.0,TUR,TUR,2020 Summer,2020,Summer,Tokyo,Sailing,"Sailing Windsurfer (Neil Pryde RS:X), Men",NA
1501921,Francisco Saubidet,M,21,NA,NA,ARG,ARG,2020 Summer,2020,Summer,Tokyo,Sailing,"Sailing Windsurfer (Neil Pryde RS:X), Men",NA
1501922,Karel Lavický,M,34,192.0,80.0,CZE,CZE,2020 Summer,2020,Summer,Tokyo,Sailing,"Sailing Windsurfer (Neil Pryde RS:X), Men",NA
1501923,Ignacio Berenguer,M,24,178.0,NA,MEX,MEX,2020 Summer,2020,Summer,Tokyo,Sailing,"Sailing Windsurfer (Neil Pryde RS:X), Men",NA
1501924,Natthaphong Phonoppharat,M,32,177.0,72.0,THA,THA,2020 Summer,2020,Summer,Tokyo,Sailing,"Sailing Windsurfer (Neil Pryde RS:X), Men",NA
1501925,Hamza Bouras,M,32,170.0,73.0,ALG,ALG,2020 Summer,2020,Summer,Tokyo,Sailing,"Sailing Windsurfer (Neil Pryde RS:X), Men",NA
1501926,Matt Wearn,M,24,NA,NA,AUS,AUS,2020 Summer,2020,Summer,Tokyo,Sailing,"Sailing One-Person Dinghy (Laser), Men",Gold
1501927,Tonči Stipanović,M,34,178.0,81.0,CRO,CRO,2020 Summer,2020,Summer,Tokyo,Sailing,"Sailing One-Person Dinghy (Laser), Men",Silver
1501928,Hermann Tomasgaard,M,26,185.0,NA,NOR,NOR,2020 Summer,2020,Summer,Tokyo,Sailing,"Sailing One-Person Dinghy (Laser), Men",Bronze
1501929,Pavlos Kontides,M,30,183.0,82.0,CYP,CYP,2020 Summer,2020,Summer,Tokyo,Sailing,"Sailing One-Person Dinghy (Laser), Men",NA
1501930,Philipp Buhl,M,30,187.0,85.0,GER,GER,2020 Summer,2020,Summer,Tokyo,Sailing,"Sailing One-Person Dinghy (Laser), Men",NA
1501931,Jean-Baptiste Bernaz,M,32,190.0,80.0,FRA,FRA,2020 Summer,2020,Summer,Tokyo,Sailing,"Sailing One-Person Dinghy (Laser), Men",NA
1501932,Ha Ji-Min,M,31,186.0,83.0,KOR,KOR,2020 Summer,2020,Summer,Tokyo,Sailing,"Sailing One-Person Dinghy (Laser), Men",NA
1501933,Robert Scheidt,M,47,188.0,76.0,BRA,BRA,2020 Summer,2020,Summer,Tokyo,Sailing,"Sailing One-Person Dinghy (Laser), Men",NA
1501934,Kaarle Tapper,M,24,190.0,84.0,FIN,FIN,2020 Summer,2020,Summer,Tokyo,Sailing,"Sailing One-Person Dinghy (Laser), Men",NA
1501935,Sam Meech,M,29,183.0,81.0,NZL,NZL,2020 Summer,2020,Summer,Tokyo,Sailing,"Sailing One-Person Dinghy (Laser), Men",NA
1501936,Sergey Komissarov,M,32,184.0,81.0,ROC,ROC,2020 Summer,2020,Summer,Tokyo,Sailing,"Sailing One-Person Dinghy (Laser), Men",NA
1501937,Elliot Hanson,M,26,NA,NA,GBR,GBR,2020 Summer,2020,Summer,Tokyo,Sailing,"Sailing One-Person Dinghy (Laser), Men",NA
1501938,Charlie Buckingham,M,31,188.0,82.0,USA,USA,2020 Summer,2020,Summer,Tokyo,Sailing,"Sailing One-Person Dinghy (Laser), Men",NA
1501939,Jesper Stålheim,M,32,184.0,82.0,SWE,SWE,2020 Summer,2020,Summer,Tokyo,Sailing,"Sailing One-Person Dinghy (Laser), Men",NA
1501940,Karl-Martin Rammo,M,31,190.0,82.0,EST,EST,2020 Summer,2020,Summer,Tokyo,Sailing,"Sailing One-Person Dinghy (Laser), Men",NA
1501941,Joel Rodríguez,M,22,NA,85.0,ESP,ESP,2020 Summer,2020,Summer,Tokyo,Sailing,"Sailing One-Person Dinghy (Laser), Men",NA
1501942,Milivoj Dukić,M,27,185.0,83.0,MNE,MNE,2020 Summer,2020,Summer,Tokyo,Sailing,"Sailing One-Person Dinghy (Laser), Men",NA
1501943,Benjamin Vadnai,M,24,183.0,82.0,HUN,HUN,2020 Summer,2020,Summer,Tokyo,Sailing,"Sailing One-Person Dinghy (Laser), Men",NA
1501944,Juan Ignacio Maegli,M,31,183.0,84.0,GUA,GUA,2020 Summer,2020,Summer,Tokyo,Sailing,"Sailing One-Person Dinghy (Laser), Men",NA
1501945,Vishnu Saravanan,M,21,NA,NA,IND,IND,2020 Summer,2020,Summer,Tokyo,Sailing,"Sailing One-Person Dinghy (Laser), Men",NA
1501946,Ryan Lo,M,23,NA,NA,SGP,SGP,2020 Summer,2020,Summer,Tokyo,Sailing,"Sailing One-Person Dinghy (Laser), Men",NA
1501947,Clemente Seguel,M,20,NA,NA,CHI,CHI,2020 Summer,2020,Summer,Tokyo,Sailing,"Sailing One-Person Dinghy (Laser), Men",NA
1501948,Enrique Arathoon,M,28,180.0,78.0,ESA,ESA,2020 Summer,2020,Summer,Tokyo,Sailing,"Sailing One-Person Dinghy (Laser), Men",NA
1501949,Francisco Guaragna,M,23,NA,NA,ARG,ARG,2020 Summer,2020,Summer,Tokyo,Sailing,"Sailing One-Person Dinghy (Laser), Men",NA
1501950,Stefano Peschiera,M,25,182.0,84.0,PER,PER,2020 Summer,2020,Summer,Tokyo,Sailing,"Sailing One-Person Dinghy (Laser), Men",NA
1501951,Žan-Luka Zelko,M,25,NA,NA,SLO,SLO,2020 Summer,2020,Summer,Tokyo,Sailing,"Sailing One-Person Dinghy (Laser), Men",NA
1501952,Wannes Van Laer,M,35,181.0,81.0,BEL,BEL,2020 Summer,2020,Summer,Tokyo,Sailing,"Sailing One-Person Dinghy (Laser), Men",NA
1501953,Khairulnizam Mohd Afendy,M,27,182.0,70.0,MAS,MAS,2020 Summer,2020,Summer,Tokyo,Sailing,"Sailing One-Person Dinghy (Laser), Men",NA
1501954,Andrew Lewis,M,30,177.0,84.0,TTO,TTO,2020 Summer,2020,Summer,Tokyo,Sailing,"Sailing One-Person Dinghy (Laser), Men",NA
1501955,Kenji Nanri,M,28,NA,NA,JPN,JPN,2020 Summer,2020,Summer,Tokyo,Sailing,"Sailing One-Person Dinghy (Laser), Men",NA
1501956,Luc Chevrier,M,21,NA,NA,LCA,LCA,2020 Summer,2020,Summer,Tokyo,Sailing,"Sailing One-Person Dinghy (Laser), Men",NA
1501957,Eroni Leilua,M,27,NA,NA,SAM,SAM,2020 Summer,2020,Summer,Tokyo,Sailing,"Sailing One-Person Dinghy (Laser), Men",NA
1501958,Rodney Govinden,M,35,179.0,84.0,SEY,SEY,2020 Summer,2020,Summer,Tokyo,Sailing,"Sailing One-Person Dinghy (Laser), Men",NA
1501959,Aly Nabil,M,19,NA,NA,EGY,EGY,2020 Summer,2020,Summer,Tokyo,Sailing,"Sailing One-Person Dinghy (Laser), Men",NA
1501960,Teariki Numa,M,21,NA,NA,PNG,PNG,2020 Summer,2020,Summer,Tokyo,Sailing,"Sailing One-Person Dinghy (Laser), Men",NA
1501961,Dylan Fletcher-Scott,M,32,176.0,78.0,,,2020 Summer,2020,Summer,Tokyo,Sailing,"Sailing Skiff (49er), Men",NA
1501962,Stuart Bithell,M,33,186.0,80.0,,,2020 Summer,2020,Summer,Tokyo,Sailing,"Sailing Skiff (49er), Men",NA
1501963,Peter Burling,M,29,186.0,82.0,,,2020 Summer,2020,Summer,Tokyo,Sailing,"Sailing Skiff (49er), Men",NA
1501964,Blair Tuke,M,30,181.0,78.0,,,2020 Summer,2020,Summer,Tokyo,Sailing,"Sailing Skiff (49er), Men",NA
1501965,Erik Heil,M,30,185.0,80.0,,,2020 Summer,2020,Summer,Tokyo,Sailing,"Sailing Skiff (49er), Men",NA
1501966,Thomas Plößel,M,32,181.0,80.0,,,2020 Summer,2020,Summer,Tokyo,Sailing,"Sailing Skiff (49er), Men",NA
1501967,Diego Botín,M,26,183.0,81.0,,,2020 Summer,2020,Summer,Tokyo,Sailing,"Sailing Skiff (49er), Men",NA
1501968,Iago López,M,30,181.0,81.0,,,2020 Summer,2020,Summer,Tokyo,Sailing,"Sailing Skiff (49er), Men",NA
1501969,Jonas Warrer,M,41,181.0,77.0,,,2020 Summer,2020,Summer,Tokyo,Sailing,"Sailing Skiff (49er), Men",NA
1501970,Jakob Precht Jensen,M,21,NA,NA,,,2020 Summer,2020,Summer,Tokyo,Sailing,"Sailing Skiff (49er), Men",NA
1501971,Bart Lambriex,M,21,NA,NA,,,2020 Summer,2020,Summer,Tokyo,Sailing,"Sailing Skiff (49er), Men",NA
1501972,Pim van Vugt,M,25,NA,NA,,,2020 Summer,2020,Summer,Tokyo,Sailing,"Sailing Skiff (49er), Men",NA
1501973,Jorge Lima,M,39,176.0,72.0,,,2020 Summer,2020,Summer,Tokyo,Sailing,"Sailing Skiff (49er), Men",NA
1501974,José Costa,M,36,182.0,80.0,,,2020 Summer,2020,Summer,Tokyo,Sailing,"Sailing Skiff (49er), Men",NA
1501975,Šime Fantela,M,34,183.0,67.0,,,2020 Summer,2020,Summer,Tokyo,Sailing,"Sailing Skiff (49er), Men",NA
1501976,Mihovil Fantela,M,30,NA,NA,,,2020 Summer,2020,Summer,Tokyo,Sailing,"Sailing Skiff (49er), Men",NA
1501977,Łukasz Przybytek,M,31,178.0,73.0,,,2020 Summer,2020,Summer,Tokyo,Sailing,"Sailing Skiff (49er), Men",NA
1501978,Paweł Kołodziński,M,32,190.0,83.0,,,2020 Summer,2020,Summer,Tokyo,Sailing,"Sailing Skiff (49er), Men",NA
1501979,Benjamin Bildstein,M,28,NA,NA,,,2020 Summer,2020,Summer,Tokyo,Sailing,"Sailing Skiff (49er), Men",NA
1501980,David Hussl,M,28,NA,NA,,,2020 Summer,2020,Summer,Tokyo,Sailing,"Sailing Skiff (49er), Men",NA
1501981,Leo Takahashi,M,21,NA,NA,,,2020 Summer,2020,Summer,Tokyo,Sailing,"Sailing Skiff (49er), Men",NA
1501982,Ibuki Koizumi,M,23,NA,NA,,,2020 Summer,2020,Summer,Tokyo,Sailing,"Sailing Skiff (49er), Men",NA
1501983,William Phillips,M,32,NA,NA,,,2020 Summer,2020,Summer,Tokyo,Sailing,"Sailing Skiff (49er), Men",NA
1501984,Sam Phillips,M,28,NA,NA,,,2020 Summer,2020,Summer,Tokyo,Sailing,"Sailing Skiff (49er), Men",NA
1501985,Robert Dickson,M,22,NA,NA,,,2020 Summer,2020,Summer,Tokyo,Sailing,"Sailing Skiff (49er), Men",NA
1501986,Sean Waddilove,M,23,NA,NA,,,2020 Summer,2020,Summer,Tokyo,Sailing,"Sailing Skiff (49er), Men",NA
1501987,Sébastien Schneiter,M,24,176.0,72.0,,,2020 Summer,2020,Summer,Tokyo,Sailing,"Sailing Skiff (49er), Men",NA
1501988,Lucien Cujean,M,30,184.0,82.0,,,2020 Summer,2020,Summer,Tokyo,Sailing,"Sailing Skiff (49er), Men",NA
1501989,Lucas Rual,M,25,NA,NA,,,2020 Summer,2020,Summer,Tokyo,Sailing,"Sailing Skiff (49er), Men",NA
1501990,Émile Amoros,M,24,NA,NA,,,2020 Summer,2020,Summer,Tokyo,Sailing,"Sailing Skiff (49er), Men",NA
1501991,Marco Grael,M,31,181.0,82.0,,,2020 Summer,2020,Summer,Tokyo,Sailing,"Sailing Skiff (49er), Men",NA
1501992,Gabriel Borges,M,28,180.0,73.0,,,2020 Summer,2020,Summer,Tokyo,Sailing,"Sailing Skiff (49er), Men",NA
1501993,KC Ganapathy,M,24,NA,NA,,,2020 Summer,2020,Summer,Tokyo,Sailing,"Sailing Skiff (49er), Men",NA
1501994,Varun Thakkar,M,25,NA,NA,,,2020 Summer,2020,Summer,Tokyo,Sailing,"Sailing Skiff (49er), Men",NA
1501995,Benjamin Daniel,M,19,NA,NA,,,2020 Summer,2020,Summer,Tokyo,Sailing,"Sailing Skiff (49er), Men",NA
1501996,Alex Burger,M,24,NA,NA,,,2020 Summer,2020,Summer,Tokyo,Sailing,"Sailing Skiff (49er), Men",NA
1501997,Will Jones,M,25,NA,NA,,,2020 Summer,2020,Summer,Tokyo,Sailing,"Sailing Skiff (49er), Men",NA
1501998,Evan DePaul,M,24,NA,NA,,,2020 Summer,2020,Summer,Tokyo,Sailing,"Sailing Skiff (49er), Men",NA
1501999,Giles Scott,M,33,197.0,95.0,GBR,GBR,2020 Summer,2020,Summer,Tokyo,Sailing,"Sailing One-Person Heavyweight Dinghy (Finn), Men",Gold
1502000,Zsombor Berecz,M,34,195.0,95.0,HUN,HUN,2020 Summer,2020,Summer,Tokyo,Sailing,"Sailing One-Person Heavyweight Dinghy (Finn), Men",Silver
1502001,Joan Cardona,M,22,189.0,87.0,ESP,ESP,2020 Summer,2020,Summer,Tokyo,Sailing,"Sailing One-Person Heavyweight Dinghy (Finn), Men",Bronze
1502002,Nicholas Heiner,M,31,NA,NA,NED,NED,2020 Summer,2020,Summer,Tokyo,Sailing,"Sailing One-Person Heavyweight Dinghy (Finn), Men",NA
1502003,Josh Junior,M,30,189.0,96.0,NZL,NZL,2020 Summer,2020,Summer,Tokyo,Sailing,"Sailing One-Person Heavyweight Dinghy (Finn), Men",NA
1502004,Facundo Olezza,M,25,187.0,97.0,ARG,ARG,2020 Summer,2020,Summer,Tokyo,Sailing,"Sailing One-Person Heavyweight Dinghy (Finn), Men",NA
1502005,Jake Lilley,M,26,204.0,98.0,AUS,AUS,2020 Summer,2020,Summer,Tokyo,Sailing,"Sailing One-Person Heavyweight Dinghy (Finn), Men",NA
1502006,Alican Kaynar,M,31,191.0,98.0,TUR,TUR,2020 Summer,2020,Summer,Tokyo,Sailing,"Sailing One-Person Heavyweight Dinghy (Finn), Men",NA
1502007,Max Salminen,M,31,197.0,98.0,SWE,SWE,2020 Summer,2020,Summer,Tokyo,Sailing,"Sailing One-Person Heavyweight Dinghy (Finn), Men",NA
1502008,Tom Ramshaw,M,28,183.0,95.0,CAN,CAN,2020 Summer,2020,Summer,Tokyo,Sailing,"Sailing One-Person Heavyweight Dinghy (Finn), Men",NA
1502009,Anders Pedersen,M,29,189.0,98.0,NOR,NOR,2020 Summer,2020,Summer,Tokyo,Sailing,"Sailing One-Person Heavyweight Dinghy (Finn), Men",NA
1502010,Giannis Mittakis,M,30,186.0,96.0,GRE,GRE,2020 Summer,2020,Summer,Tokyo,Sailing,"Sailing One-Person Heavyweight Dinghy (Finn), Men",NA
1502011,Luke Muller,M,24,NA,NA,USA,USA,2020 Summer,2020,Summer,Tokyo,Sailing,"Sailing One-Person Heavyweight Dinghy (Finn), Men",NA
1502012,Jorge Zarif,M,27,191.0,97.0,BRA,BRA,2020 Summer,2020,Summer,Tokyo,Sailing,"Sailing One-Person Heavyweight Dinghy (Finn), Men",NA
1502013,Chen He,M,30,NA,NA,CHN,CHN,2020 Summer,2020,Summer,Tokyo,Sailing,"Sailing One-Person Heavyweight Dinghy (Finn), Men",NA
1502014,Kazumasa Segawa,M,30,NA,NA,JPN,JPN,2020 Summer,2020,Summer,Tokyo,Sailing,"Sailing One-Person Heavyweight Dinghy (Finn), Men",NA
1502015,Juan Pérez,M,24,NA,NA,MEX,MEX,2020 Summer,2020,Summer,Tokyo,Sailing,"Sailing One-Person Heavyweight Dinghy (Finn), Men",NA
1502016,Andrés Lage,M,28,179.0,NA,VEN,VEN,2020 Summer,2020,Summer,Tokyo,Sailing,"Sailing One-Person Heavyweight Dinghy (Finn), Men",NA
1502017,Leo Davis,M,28,NA,NA,RSA,RSA,2020 Summer,2020,Summer,Tokyo,Sailing,"Sailing One-Person Heavyweight Dinghy (Finn), Men",NA
1502018,Mathew Belcher,M,37,173.0,62.0,,,2020 Summer,2020,Summer,Tokyo,Sailing,"Sailing Two-Person Dinghy (470), Men",NA
1502019,Will Ryan,M,31,193.0,75.0,,,2020 Summer,2020,Summer,Tokyo,Sailing,"Sailing Two-Person Dinghy (470), Men",NA
1502020,Anton Dahlberg,M,35,182.0,71.0,,,2020 Summer,2020,Summer,Tokyo,Sailing,"Sailing Two-Person Dinghy (470), Men",NA
1502021,Fredrik Bergström,M,30,176.0,64.0,,,2020 Summer,2020,Summer,Tokyo,Sailing,"Sailing Two-Person Dinghy (470), Men",NA
1502022,Jordi Xammar,M,26,176.0,63.0,,,2020 Summer,2020,Summer,Tokyo,Sailing,"Sailing Two-Person Dinghy (470), Men",NA
1502023,Nicolás Rodríguez,M,29,179.0,71.0,,,2020 Summer,2020,Summer,Tokyo,Sailing,"Sailing Two-Person Dinghy (470), Men",NA
1502024,Paul Snow-Hansen,M,29,174.0,64.0,,,2020 Summer,2020,Summer,Tokyo,Sailing,"Sailing Two-Person Dinghy (470), Men",NA
1502025,Dan Willcox,M,30,179.0,72.0,,,2020 Summer,2020,Summer,Tokyo,Sailing,"Sailing Two-Person Dinghy (470), Men",NA
1502026,Luke Patience,M,33,167.0,59.0,,,2020 Summer,2020,Summer,Tokyo,Sailing,"Sailing Two-Person Dinghy (470), Men",NA
1502027,Chris Grube,M,35,194.0,72.0,,,2020 Summer,2020,Summer,Tokyo,Sailing,"Sailing Two-Person Dinghy (470), Men",NA
1502028,Giacomo Ferrari,M,23,NA,NA,,,2020 Summer,2020,Summer,Tokyo,Sailing,"Sailing Two-Person Dinghy (470), Men",NA
1502029,Giulio Calabrò,M,24,NA,NA,,,2020 Summer,2020,Summer,Tokyo,Sailing,"Sailing Two-Person Dinghy (470), Men",NA
1502030,Keiju Okada,M,24,NA,NA,,,2020 Summer,2020,Summer,Tokyo,Sailing,"Sailing Two-Person Dinghy (470), Men",NA
1502031,Jumpei Hokazono,M,29,NA,NA,,,2020 Summer,2020,Summer,Tokyo,Sailing,"Sailing Two-Person Dinghy (470), Men",NA
1502032,Panagiotis Mantis,M,38,180.0,65.0,,,2020 Summer,2020,Summer,Tokyo,Sailing,"Sailing Two-Person Dinghy (470), Men",NA
1502033,Pavlos Kagialis,M,36,184.0,74.0,,,2020 Summer,2020,Summer,Tokyo,Sailing,"Sailing Two-Person Dinghy (470), Men",NA
1502034,Stu McNay,M,38,171.0,65.0,,,2020 Summer,2020,Summer,Tokyo,Sailing,"Sailing Two-Person Dinghy (470), Men",NA
1502035,Dave Hughes,M,42,185.0,71.0,,,2020 Summer,2020,Summer,Tokyo,Sailing,"Sailing Two-Person Dinghy (470), Men",NA
1502036,Deniz Çınar,M,35,172.0,65.0,,,2020 Summer,2020,Summer,Tokyo,Sailing,"Sailing Two-Person Dinghy (470), Men",NA
1502037,Ateş Çınar,M,34,172.0,72.0,,,2020 Summer,2020,Summer,Tokyo,Sailing,"Sailing Two-Person Dinghy (470), Men",NA
1502038,Kévin Peponnet,M,29,NA,NA,,,2020 Summer,2020,Summer,Tokyo,Sailing,"Sailing Two-Person Dinghy (470), Men",NA
1502039,Jérémie Mion,M,31,187.0,74.0,,,2020 Summer,2020,Summer,Tokyo,Sailing,"Sailing Two-Person Dinghy (470), Men",NA
1502040,Pavel Sozykin,M,32,NA,NA,,,2020 Summer,2020,Summer,Tokyo,Sailing,"Sailing Two-Person Dinghy (470), Men",NA
1502041,Denis Gribanov,M,34,190.0,74.0,,,2020 Summer,2020,Summer,Tokyo,Sailing,"Sailing Two-Person Dinghy (470), Men",NA
1502042,Xu Zangjun,M,28,175.0,65.0,,,2020 Summer,2020,Summer,Tokyo,Sailing,"Sailing Two-Person Dinghy (470), Men",NA
1502043,Wang Yang,M,27,NA,NA,,,2020 Summer,2020,Summer,Tokyo,Sailing,"Sailing Two-Person Dinghy (470), Men",NA
1502044,Park Geon-U,M,39,174.0,64.0,,,2020 Summer,2020,Summer,Tokyo,Sailing,"Sailing Two-Person Dinghy (470), Men",NA
1502045,Jo Seong-Min,M,33,177.0,68.0,,,2020 Summer,2020,Summer,Tokyo,Sailing,"Sailing Two-Person Dinghy (470), Men",NA
1502046,Diogo Costa,M,22,169.0,64.0,,,2020 Summer,2020,Summer,Tokyo,Sailing,"Sailing Two-Person Dinghy (470), Men",NA
1502047,Pedro Costa,M,24,173.0,68.0,,,2020 Summer,2020,Summer,Tokyo,Sailing,"Sailing Two-Person Dinghy (470), Men",NA
1502048,Henrique Haddad,M,33,165.0,63.0,,,2020 Summer,2020,Summer,Tokyo,Sailing,"Sailing Two-Person Dinghy (470), Men",NA
1502049,Bruno Bethlem,M,44,181.0,72.0,,,2020 Summer,2020,Summer,Tokyo,Sailing,"Sailing Two-Person Dinghy (470), Men",NA
1502050,Jacob Saunders,M,28,178.0,75.0,,,2020 Summer,2020,Summer,Tokyo,Sailing,"Sailing Two-Person Dinghy (470), Men",NA
1502051,Oliver Bone,M,39,180.0,69.0,,,2020 Summer,2020,Summer,Tokyo,Sailing,"Sailing Two-Person Dinghy (470), Men",NA
1502052,Tyler Justus Paige,M,24,NA,NA,,,2020 Summer,2020,Summer,Tokyo,Sailing,"Sailing Two-Person Dinghy (470), Men",NA
1502053,Adrian Hoesch,M,27,NA,NA,,,2020 Summer,2020,Summer,Tokyo,Sailing,"Sailing Two-Person Dinghy (470), Men",NA
1502054,Matias Montinho,M,30,167.0,68.0,,,2020 Summer,2020,Summer,Tokyo,Sailing,"Sailing Two-Person Dinghy (470), Men",NA
1502055,Paixão Afonso,M,29,176.0,80.0,,,2020 Summer,2020,Summer,Tokyo,Sailing,"Sailing Two-Person Dinghy (470), Men",NA
1502056,Lu Yunxiu,F,23,NA,NA,CHN,CHN,2020 Summer,2020,Summer,Tokyo,Sailing,"Sailing Windsurfer (Neil Pryde RS:X), Women",Gold
1502057,Charline Picon,F,35,169.0,57.0,FRA,FRA,2020 Summer,2020,Summer,Tokyo,Sailing,"Sailing Windsurfer (Neil Pryde RS:X), Women",Silver
1502058,Emma Wilson,F,21,NA,NA,GBR,GBR,2020 Summer,2020,Summer,Tokyo,Sailing,"Sailing Windsurfer (Neil Pryde RS:X), Women",Bronze
1502059,Marta Maggetti,F,24,NA,NA,ITA,ITA,2020 Summer,2020,Summer,Tokyo,Sailing,"Sailing Windsurfer (Neil Pryde RS:X), Women",NA
1502060,Lilian de Geus,F,28,164.0,57.0,NED,NED,2020 Summer,2020,Summer,Tokyo,Sailing,"Sailing Windsurfer (Neil Pryde RS:X), Women",NA
1502061,Katy Spychakov,F,20,NA,NA,ISR,ISR,2020 Summer,2020,Summer,Tokyo,Sailing,"Sailing Windsurfer (Neil Pryde RS:X), Women",NA
1502062,Lærke Buhl-Hansen,F,28,167.0,56.0,DEN,DEN,2020 Summer,2020,Summer,Tokyo,Sailing,"Sailing Windsurfer (Neil Pryde RS:X), Women",NA
1502063,Hayley Victoria Chan,F,29,166.0,60.0,HKG,HKG,2020 Summer,2020,Summer,Tokyo,Sailing,"Sailing Windsurfer (Neil Pryde RS:X), Women",NA
1502064,Zofia Noceti-Klepacka,F,34,170.0,59.0,POL,POL,2020 Summer,2020,Summer,Tokyo,Sailing,"Sailing Windsurfer (Neil Pryde RS:X), Women",NA
1502065,Patrícia Freitas,F,30,173.0,59.0,BRA,BRA,2020 Summer,2020,Summer,Tokyo,Sailing,"Sailing Windsurfer (Neil Pryde RS:X), Women",NA
1502066,Blanca Manchón,F,33,163.0,60.0,ESP,ESP,2020 Summer,2020,Summer,Tokyo,Sailing,"Sailing Windsurfer (Neil Pryde RS:X), Women",NA
1502067,Yuki Sunaga,F,39,171.0,62.0,JPN,JPN,2020 Summer,2020,Summer,Tokyo,Sailing,"Sailing Windsurfer (Neil Pryde RS:X), Women",NA
1502068,María Belén Bazo,F,21,NA,NA,PER,PER,2020 Summer,2020,Summer,Tokyo,Sailing,"Sailing Windsurfer (Neil Pryde RS:X), Women",NA
1502069,Tuuli Petäjä-Sirén,F,36,169.0,60.0,FIN,FIN,2020 Summer,2020,Summer,Tokyo,Sailing,"Sailing Windsurfer (Neil Pryde RS:X), Women",NA
1502070,Farrah Hall,F,38,170.0,58.0,USA,USA,2020 Summer,2020,Summer,Tokyo,Sailing,"Sailing Windsurfer (Neil Pryde RS:X), Women",NA
1502071,Ingrid Puusta,F,29,163.0,57.0,EST,EST,2020 Summer,2020,Summer,Tokyo,Sailing,"Sailing Windsurfer (Neil Pryde RS:X), Women",NA
1502072,Siripon Kaewduang-Ngam,F,25,167.0,50.0,THA,THA,2020 Summer,2020,Summer,Tokyo,Sailing,"Sailing Windsurfer (Neil Pryde RS:X), Women",NA
1502073,Demita Vega,F,36,172.0,61.0,MEX,MEX,2020 Summer,2020,Summer,Tokyo,Sailing,"Sailing Windsurfer (Neil Pryde RS:X), Women",NA
1502074,Katerina Divari,F,20,164.0,59.0,GRE,GRE,2020 Summer,2020,Summer,Tokyo,Sailing,"Sailing Windsurfer (Neil Pryde RS:X), Women",NA
1502075,Celi Tejerina,F,26,169.0,63.0,ARG,ARG,2020 Summer,2020,Summer,Tokyo,Sailing,"Sailing Windsurfer (Neil Pryde RS:X), Women",NA
1502076,Natasa Lappa,F,18,NA,NA,CYP,CYP,2020 Summer,2020,Summer,Tokyo,Sailing,"Sailing Windsurfer (Neil Pryde RS:X), Women",NA
1502077,Anna Khvorikova,F,22,NA,NA,ROC,ROC,2020 Summer,2020,Summer,Tokyo,Sailing,"Sailing Windsurfer (Neil Pryde RS:X), Women",NA
1502078,Nikola Girke,F,42,178.0,65.0,CAN,CAN,2020 Summer,2020,Summer,Tokyo,Sailing,"Sailing Windsurfer (Neil Pryde RS:X), Women",NA
1502079,Dilara Uralp,F,24,163.0,54.0,TUR,TUR,2020 Summer,2020,Summer,Tokyo,Sailing,"Sailing Windsurfer (Neil Pryde RS:X), Women",NA
1502080,Sára Cholnoky,F,31,165.0,66.0,HUN,HUN,2020 Summer,2020,Summer,Tokyo,Sailing,"Sailing Windsurfer (Neil Pryde RS:X), Women",NA
1502081,Amanda Ng,F,26,170.0,58.0,SGP,SGP,2020 Summer,2020,Summer,Tokyo,Sailing,"Sailing Windsurfer (Neil Pryde RS:X), Women",NA
1502082,Amina Berrichi,F,25,NA,NA,ALG,ALG,2020 Summer,2020,Summer,Tokyo,Sailing,"Sailing Windsurfer (Neil Pryde RS:X), Women",NA
1502083,Anne-Marie Rindom,F,29,170.0,68.0,DEN,DEN,2020 Summer,2020,Summer,Tokyo,Sailing,"Sailing One-Person Dinghy (Laser Radial), Women",Gold
1502084,Josefin Olsson,F,30,172.0,67.0,SWE,SWE,2020 Summer,2020,Summer,Tokyo,Sailing,"Sailing One-Person Dinghy (Laser Radial), Women",Silver
1502085,Marit Bouwmeester,F,32,177.0,68.0,NED,NED,2020 Summer,2020,Summer,Tokyo,Sailing,"Sailing One-Person Dinghy (Laser Radial), Women",Bronze
1502086,Emma Plasschaert,F,26,NA,NA,BEL,BEL,2020 Summer,2020,Summer,Tokyo,Sailing,"Sailing One-Person Dinghy (Laser Radial), Women",NA
1502087,Tuula Tenkanen,F,29,167.0,69.0,FIN,FIN,2020 Summer,2020,Summer,Tokyo,Sailing,"Sailing One-Person Dinghy (Laser Radial), Women",NA
1502088,Sarah Douglas,F,26,NA,NA,CAN,CAN,2020 Summer,2020,Summer,Tokyo,Sailing,"Sailing One-Person Dinghy (Laser Radial), Women",NA
1502089,Silvia Zennaro,F,30,168.0,72.0,ITA,ITA,2020 Summer,2020,Summer,Tokyo,Sailing,"Sailing One-Person Dinghy (Laser Radial), Women",NA
1502090,Line Høst,F,24,180.0,NA,NOR,NOR,2020 Summer,2020,Summer,Tokyo,Sailing,"Sailing One-Person Dinghy (Laser Radial), Women",NA
1502091,Vasileia Karachaliou,F,23,172.0,66.0,GRE,GRE,2020 Summer,2020,Summer,Tokyo,Sailing,"Sailing One-Person Dinghy (Laser Radial), Women",NA
1502092,Alison Young,F,33,182.0,70.0,GBR,GBR,2020 Summer,2020,Summer,Tokyo,Sailing,"Sailing One-Person Dinghy (Laser Radial), Women",NA
1502093,Marie Bolou,F,27,NA,NA,FRA,FRA,2020 Summer,2020,Summer,Tokyo,Sailing,"Sailing One-Person Dinghy (Laser Radial), Women",NA
1502094,Yelena Vorobeva,F,32,178.0,71.0,CRO,CRO,2020 Summer,2020,Summer,Tokyo,Sailing,"Sailing One-Person Dinghy (Laser Radial), Women",NA
1502095,Mária Érdi,F,22,175.0,65.0,HUN,HUN,2020 Summer,2020,Summer,Tokyo,Sailing,"Sailing One-Person Dinghy (Laser Radial), Women",NA
1502096,Mara Stransky,F,21,NA,NA,AUS,AUS,2020 Summer,2020,Summer,Tokyo,Sailing,"Sailing One-Person Dinghy (Laser Radial), Women",NA
1502097,Manami Doi,F,26,167.0,64.0,JPN,JPN,2020 Summer,2020,Summer,Tokyo,Sailing,"Sailing One-Person Dinghy (Laser Radial), Women",NA
1502098,Svenja Weger,F,26,NA,NA,GER,GER,2020 Summer,2020,Summer,Tokyo,Sailing,"Sailing One-Person Dinghy (Laser Radial), Women",NA
1502099,Magdalena Kwaśna,F,22,NA,NA,POL,POL,2020 Summer,2020,Summer,Tokyo,Sailing,"Sailing One-Person Dinghy (Laser Radial), Women",NA
1502100,Annalise Murphy,F,30,184.0,72.0,IRL,IRL,2020 Summer,2020,Summer,Tokyo,Sailing,"Sailing One-Person Dinghy (Laser Radial), Women",NA
1502101,Maud Jayet,F,24,NA,NA,SUI,SUI,2020 Summer,2020,Summer,Tokyo,Sailing,"Sailing One-Person Dinghy (Laser Radial), Women",NA
1502102,Ecem Güzel,F,25,NA,NA,TUR,TUR,2020 Summer,2020,Summer,Tokyo,Sailing,"Sailing One-Person Dinghy (Laser Radial), Women",NA
1502103,Tatsiana Drazdouskaya,F,41,175.0,69.0,BLR,BLR,2020 Summer,2020,Summer,Tokyo,Sailing,"Sailing One-Person Dinghy (Laser Radial), Women",NA
1502104,Dolores Moreira,F,21,168.0,63.0,URU,URU,2020 Summer,2020,Summer,Tokyo,Sailing,"Sailing One-Person Dinghy (Laser Radial), Women",NA
1502105,Cristina Pujol,F,27,167.0,65.0,ESP,ESP,2020 Summer,2020,Summer,Tokyo,Sailing,"Sailing One-Person Dinghy (Laser Radial), Women",NA
1502106,Zhang Dongshuang,F,30,NA,NA,CHN,CHN,2020 Summer,2020,Summer,Tokyo,Sailing,"Sailing One-Person Dinghy (Laser Radial), Women",NA
1502107,Viktorija Andrulytė,F,28,NA,NA,LTU,LTU,2020 Summer,2020,Summer,Tokyo,Sailing,"Sailing One-Person Dinghy (Laser Radial), Women",NA
1502108,Shazrin Latif,F,22,167.0,63.0,MAS,MAS,2020 Summer,2020,Summer,Tokyo,Sailing,"Sailing One-Person Dinghy (Laser Radial), Women",NA
1502109,Yekaterina Zyuzina,F,23,NA,NA,ROC,ROC,2020 Summer,2020,Summer,Tokyo,Sailing,"Sailing One-Person Dinghy (Laser Radial), Women",NA
1502110,Stephanie Lovell,F,24,160.0,62.0,LCA,LCA,2020 Summer,2020,Summer,Tokyo,Sailing,"Sailing One-Person Dinghy (Laser Radial), Women",NA
1502111,Isabella Maegli,F,30,NA,NA,GUA,GUA,2020 Summer,2020,Summer,Tokyo,Sailing,"Sailing One-Person Dinghy (Laser Radial), Women",NA
1502112,Shay Kakon,F,17,NA,NA,ISR,ISR,2020 Summer,2020,Summer,Tokyo,Sailing,"Sailing One-Person Dinghy (Laser Radial), Women",NA
1502113,Lucía Falasca,F,27,171.0,64.0,ARG,ARG,2020 Summer,2020,Summer,Tokyo,Sailing,"Sailing One-Person Dinghy (Laser Radial), Women",NA
1502114,Elena Oetling,F,27,NA,NA,MEX,MEX,2020 Summer,2020,Summer,Tokyo,Sailing,"Sailing One-Person Dinghy (Laser Radial), Women",NA
1502115,Marilena Makri,F,17,NA,NA,CYP,CYP,2020 Summer,2020,Summer,Tokyo,Sailing,"Sailing One-Person Dinghy (Laser Radial), Women",NA
1502116,Carolina João,F,23,173.0,69.0,POR,POR,2020 Summer,2020,Summer,Tokyo,Sailing,"Sailing One-Person Dinghy (Laser Radial), Women",NA
1502117,Nethra Kumanan,F,22,NA,NA,IND,IND,2020 Summer,2020,Summer,Tokyo,Sailing,"Sailing One-Person Dinghy (Laser Radial), Women",NA
1502118,Paloma Schmidt,F,33,165.0,65.0,PER,PER,2020 Summer,2020,Summer,Tokyo,Sailing,"Sailing One-Person Dinghy (Laser Radial), Women",NA
1502119,Paige Railey,F,33,173.0,66.0,USA,USA,2020 Summer,2020,Summer,Tokyo,Sailing,"Sailing One-Person Dinghy (Laser Radial), Women",NA
1502120,Kamolwan Chanyim,F,24,175.0,65.0,THA,THA,2020 Summer,2020,Summer,Tokyo,Sailing,"Sailing One-Person Dinghy (Laser Radial), Women",NA
1502121,Stephanie Norton,F,19,NA,NA,HKG,HKG,2020 Summer,2020,Summer,Tokyo,Sailing,"Sailing One-Person Dinghy (Laser Radial), Women",NA
1502122,Deizy Nhaquile,F,19,NA,NA,MOZ,MOZ,2020 Summer,2020,Summer,Tokyo,Sailing,"Sailing One-Person Dinghy (Laser Radial), Women",NA
1502123,Khouloud Mansy,F,21,NA,NA,EGY,EGY,2020 Summer,2020,Summer,Tokyo,Sailing,"Sailing One-Person Dinghy (Laser Radial), Women",NA
1502124,Sophia Morgan,F,16,NA,NA,FIJ,FIJ,2020 Summer,2020,Summer,Tokyo,Sailing,"Sailing One-Person Dinghy (Laser Radial), Women",NA
1502125,Jalese Gordon,F,18,NA,NA,ANT,ANT,2020 Summer,2020,Summer,Tokyo,Sailing,"Sailing One-Person Dinghy (Laser Radial), Women",NA
1502126,Rose-Lee Numa,F,23,NA,NA,PNG,PNG,2020 Summer,2020,Summer,Tokyo,Sailing,"Sailing One-Person Dinghy (Laser Radial), Women",NA
1502127,Hannah Mills,F,32,157.0,50.0,,,2020 Summer,2020,Summer,Tokyo,Sailing,"Sailing Two-Person Dinghy (470), Women",NA
1502128,Eilidh McIntyre,F,26,NA,NA,,,2020 Summer,2020,Summer,Tokyo,Sailing,"Sailing Two-Person Dinghy (470), Women",NA
1502129,Agnieszka Skrzypulec,F,31,166.0,53.0,,,2020 Summer,2020,Summer,Tokyo,Sailing,"Sailing Two-Person Dinghy (470), Women",NA
1502130,Jolanta Ogar,F,38,178.0,68.0,,,2020 Summer,2020,Summer,Tokyo,Sailing,"Sailing Two-Person Dinghy (470), Women",NA
1502131,Camille Lecointre,F,35,159.0,56.0,,,2020 Summer,2020,Summer,Tokyo,Sailing,"Sailing Two-Person Dinghy (470), Women",NA
1502132,Aloïse Retornaz,F,26,NA,NA,,,2020 Summer,2020,Summer,Tokyo,Sailing,"Sailing Two-Person Dinghy (470), Women",NA
1502133,Linda Fahrni,F,27,157.0,56.0,,,2020 Summer,2020,Summer,Tokyo,Sailing,"Sailing Two-Person Dinghy (470), Women",NA
1502134,Maja Siegenthaler,F,27,172.0,66.0,,,2020 Summer,2020,Summer,Tokyo,Sailing,"Sailing Two-Person Dinghy (470), Women",NA
1502135,Tina Mrak,F,32,165.0,62.0,,,2020 Summer,2020,Summer,Tokyo,Sailing,"Sailing Two-Person Dinghy (470), Women",NA
1502136,Veronika Macarol,F,33,178.0,68.0,,,2020 Summer,2020,Summer,Tokyo,Sailing,"Sailing Two-Person Dinghy (470), Women",NA
1502137,Luise Wanser,F,23,NA,NA,,,2020 Summer,2020,Summer,Tokyo,Sailing,"Sailing Two-Person Dinghy (470), Women",NA
1502138,Anastasiya Winkel,F,26,NA,NA,,,2020 Summer,2020,Summer,Tokyo,Sailing,"Sailing Two-Person Dinghy (470), Women",NA
1502139,Ai Yoshida,F,39,161.0,58.0,,,2020 Summer,2020,Summer,Tokyo,Sailing,"Sailing Two-Person Dinghy (470), Women",NA
1502140,Miho Yoshioka,F,29,177.0,68.0,,,2020 Summer,2020,Summer,Tokyo,Sailing,"Sailing Two-Person Dinghy (470), Women",NA
1502141,Noya Bar Am,F,23,NA,NA,,,2020 Summer,2020,Summer,Tokyo,Sailing,"Sailing Two-Person Dinghy (470), Women",NA
1502142,Shahar Tibi,F,22,NA,NA,,,2020 Summer,2020,Summer,Tokyo,Sailing,"Sailing Two-Person Dinghy (470), Women",NA
1502143,Fernanda Oliveira,F,39,161.0,54.0,,,2020 Summer,2020,Summer,Tokyo,Sailing,"Sailing Two-Person Dinghy (470), Women",NA
1502144,Ana Luiza Barbachan,F,30,171.0,68.0,,,2020 Summer,2020,Summer,Tokyo,Sailing,"Sailing Two-Person Dinghy (470), Women",NA
1502145,Afrodite Zegers,F,28,161.0,58.0,,,2020 Summer,2020,Summer,Tokyo,Sailing,"Sailing Two-Person Dinghy (470), Women",NA
1502146,Lobke Berkhout,F,39,183.0,70.0,,,2020 Summer,2020,Summer,Tokyo,Sailing,"Sailing Two-Person Dinghy (470), Women",NA
1502147,Silvia Mas,F,23,160.0,55.0,,,2020 Summer,2020,Summer,Tokyo,Sailing,"Sailing Two-Person Dinghy (470), Women",NA
1502148,Patricia Cantero,F,30,177.0,70.0,,,2020 Summer,2020,Summer,Tokyo,Sailing,"Sailing Two-Person Dinghy (470), Women",NA
1502149,Nikki Barnes,F,26,NA,NA,,,2020 Summer,2020,Summer,Tokyo,Sailing,"Sailing Two-Person Dinghy (470), Women",NA
1502150,Lara Dallman-Weiss,F,31,NA,NA,,,2020 Summer,2020,Summer,Tokyo,Sailing,"Sailing Two-Person Dinghy (470), Women",NA
1502151,Elena Berta,F,28,171.0,58.0,,,2020 Summer,2020,Summer,Tokyo,Sailing,"Sailing Two-Person Dinghy (470), Women",NA
1502152,Bianca Caruso,F,24,NA,NA,,,2020 Summer,2020,Summer,Tokyo,Sailing,"Sailing Two-Person Dinghy (470), Women",NA
1502153,Olivia Bergström,F,24,NA,NA,,,2020 Summer,2020,Summer,Tokyo,Sailing,"Sailing Two-Person Dinghy (470), Women",NA
1502154,Lovisa Karlsson,F,25,NA,NA,,,2020 Summer,2020,Summer,Tokyo,Sailing,"Sailing Two-Person Dinghy (470), Women",NA
1502155,Ariadne Paraskevi Spanaki,F,19,160.0,53.0,,,2020 Summer,2020,Summer,Tokyo,Sailing,"Sailing Two-Person Dinghy (470), Women",NA
1502156,Aimilia Tsoulfa,F,47,169.0,67.0,,,2020 Summer,2020,Summer,Tokyo,Sailing,"Sailing Two-Person Dinghy (470), Women",NA
1502157,Nia Jerwood,F,22,NA,NA,,,2020 Summer,2020,Summer,Tokyo,Sailing,"Sailing Two-Person Dinghy (470), Women",NA
1502158,Monique De Vries,F,25,NA,NA,,,2020 Summer,2020,Summer,Tokyo,Sailing,"Sailing Two-Person Dinghy (470), Women",NA
1502159,Beste Kaynakçı,F,26,NA,NA,,,2020 Summer,2020,Summer,Tokyo,Sailing,"Sailing Two-Person Dinghy (470), Women",NA
1502160,Okyanus Arıkan,F,16,NA,NA,,,2020 Summer,2020,Summer,Tokyo,Sailing,"Sailing Two-Person Dinghy (470), Women",NA
1502161,Wei Mengxi,F,26,NA,NA,,,2020 Summer,2020,Summer,Tokyo,Sailing,"Sailing Two-Person Dinghy (470), Women",NA
1502162,Gao Haiyan,F,29,NA,NA,,,2020 Summer,2020,Summer,Tokyo,Sailing,"Sailing Two-Person Dinghy (470), Women",NA
1502163,Nur Aisyah Jamil,F,24,NA,NA,,,2020 Summer,2020,Summer,Tokyo,Sailing,"Sailing Two-Person Dinghy (470), Women",NA
1502164,Juni Karimah Noor Jamali,F,17,NA,NA,,,2020 Summer,2020,Summer,Tokyo,Sailing,"Sailing Two-Person Dinghy (470), Women",NA
1502165,Belén Tavella,F,29,NA,NA,,,2020 Summer,2020,Summer,Tokyo,Sailing,"Sailing Two-Person Dinghy (470), Women",NA
1502166,Lourdes Hartkopf,F,24,NA,NA,,,2020 Summer,2020,Summer,Tokyo,Sailing,"Sailing Two-Person Dinghy (470), Women",NA
1502167,Denise Parruque,F,17,NA,NA,,,2020 Summer,2020,Summer,Tokyo,Sailing,"Sailing Two-Person Dinghy (470), Women",NA
1502168,Maria Machava,F,15,NA,NA,,,2020 Summer,2020,Summer,Tokyo,Sailing,"Sailing Two-Person Dinghy (470), Women",NA
1502169,Martine Grael,F,29,168.0,62.0,,,2020 Summer,2020,Summer,Tokyo,Sailing,"Sailing Skiff (49er FX), Women",NA
1502170,Kahena Kunze,F,29,172.0,68.0,,,2020 Summer,2020,Summer,Tokyo,Sailing,"Sailing Skiff (49er FX), Women",NA
1502171,Tina Lutz,F,29,NA,NA,,,2020 Summer,2020,Summer,Tokyo,Sailing,"Sailing Skiff (49er FX), Women",NA
1502172,Susann Beucke,F,29,175.0,75.0,,,2020 Summer,2020,Summer,Tokyo,Sailing,"Sailing Skiff (49er FX), Women",NA
1502173,Annemiek Bekkering,F,28,160.0,54.0,,,2020 Summer,2020,Summer,Tokyo,Sailing,"Sailing Skiff (49er FX), Women",NA
1502174,Annette Duetz,F,27,180.0,74.0,,,2020 Summer,2020,Summer,Tokyo,Sailing,"Sailing Skiff (49er FX), Women",NA
1502175,Támara Echegoyen,F,36,174.0,70.0,,,2020 Summer,2020,Summer,Tokyo,Sailing,"Sailing Skiff (49er FX), Women",NA
1502176,Paula Barceló,F,24,178.0,68.0,,,2020 Summer,2020,Summer,Tokyo,Sailing,"Sailing Skiff (49er FX), Women",NA
1502177,Vicky Travascio,F,32,161.0,59.0,,,2020 Summer,2020,Summer,Tokyo,Sailing,"Sailing Skiff (49er FX), Women",NA
1502178,María Branz,F,30,170.0,68.0,,,2020 Summer,2020,Summer,Tokyo,Sailing,"Sailing Skiff (49er FX), Women",NA
1502179,Charlotte Dobson,F,34,168.0,62.0,,,2020 Summer,2020,Summer,Tokyo,Sailing,"Sailing Skiff (49er FX), Women",NA
1502180,Saskia Tidey,F,27,183.0,70.0,,,2020 Summer,2020,Summer,Tokyo,Sailing,"Sailing Skiff (49er FX), Women",NA
1502181,Helene Næss,F,29,169.0,NA,,,2020 Summer,2020,Summer,Tokyo,Sailing,"Sailing Skiff (49er FX), Women",NA
1502182,Marie Rønningen,F,26,175.0,NA,,,2020 Summer,2020,Summer,Tokyo,Sailing,"Sailing Skiff (49er FX), Women",NA
1502183,Ida Marie Baad,F,28,NA,NA,,,2020 Summer,2020,Summer,Tokyo,Sailing,"Sailing Skiff (49er FX), Women",NA
1502184,Marie Thusgaard Olsen,F,27,NA,NA,,,2020 Summer,2020,Summer,Tokyo,Sailing,"Sailing Skiff (49er FX), Women",NA
1502185,Lili Sebesi,F,27,NA,NA,,,2020 Summer,2020,Summer,Tokyo,Sailing,"Sailing Skiff (49er FX), Women",NA
1502186,Albane Dubois,F,28,NA,NA,,,2020 Summer,2020,Summer,Tokyo,Sailing,"Sailing Skiff (49er FX), Women",NA
1502187,Kimberly Lim,F,23,NA,NA,,,2020 Summer,2020,Summer,Tokyo,Sailing,"Sailing Skiff (49er FX), Women",NA
1502188,Cecilia Low,F,29,NA,NA,,,2020 Summer,2020,Summer,Tokyo,Sailing,"Sailing Skiff (49er FX), Women",NA
1502189,Stephanie Roble,F,31,NA,NA,,,2020 Summer,2020,Summer,Tokyo,Sailing,"Sailing Skiff (49er FX), Women",NA
1502190,Maggie Shea,F,31,NA,NA,,,2020 Summer,2020,Summer,Tokyo,Sailing,"Sailing Skiff (49er FX), Women",NA
1502191,Alex Maloney,F,28,158.0,56.0,,,2020 Summer,2020,Summer,Tokyo,Sailing,"Sailing Skiff (49er FX), Women",NA
1502192,Molly Meech,F,27,178.0,74.0,,,2020 Summer,2020,Summer,Tokyo,Sailing,"Sailing Skiff (49er FX), Women",NA
1502193,Tess Lloyd,F,25,NA,NA,,,2020 Summer,2020,Summer,Tokyo,Sailing,"Sailing Skiff (49er FX), Women",NA
1502194,Jaime Ryan,F,26,175.0,68.0,,,2020 Summer,2020,Summer,Tokyo,Sailing,"Sailing Skiff (49er FX), Women",NA
1502195,Isaura Maenhaut,F,21,NA,NA,,,2020 Summer,2020,Summer,Tokyo,Sailing,"Sailing Skiff (49er FX), Women",NA
1502196,Anouk Geurts,F,20,NA,NA,,,2020 Summer,2020,Summer,Tokyo,Sailing,"Sailing Skiff (49er FX), Women",NA
1502197,Aleksandra Melzacka,F,22,NA,NA,,,2020 Summer,2020,Summer,Tokyo,Sailing,"Sailing Skiff (49er FX), Women",NA
1502198,Kinga Łoboda,F,24,NA,NA,,,2020 Summer,2020,Summer,Tokyo,Sailing,"Sailing Skiff (49er FX), Women",NA
1502199,Ali ten Hove,F,24,NA,NA,,,2020 Summer,2020,Summer,Tokyo,Sailing,"Sailing Skiff (49er FX), Women",NA
1502200,Mariah Millen,F,22,NA,NA,,,2020 Summer,2020,Summer,Tokyo,Sailing,"Sailing Skiff (49er FX), Women",NA
1502201,Tanja Frank,F,27,167.0,57.0,,,2020 Summer,2020,Summer,Tokyo,Sailing,"Sailing Skiff (49er FX), Women",NA
1502202,Lorena Abicht,F,26,NA,NA,,,2020 Summer,2020,Summer,Tokyo,Sailing,"Sailing Skiff (49er FX), Women",NA
1502203,Anna Yamazaki,F,20,NA,NA,,,2020 Summer,2020,Summer,Tokyo,Sailing,"Sailing Skiff (49er FX), Women",NA
1502204,Sena Takano,F,22,165.0,65.0,,,2020 Summer,2020,Summer,Tokyo,Sailing,"Sailing Skiff (49er FX), Women",NA
1502205,Chen Shasha,F,30,NA,NA,,,2020 Summer,2020,Summer,Tokyo,Sailing,"Sailing Skiff (49er FX), Women",NA
1502206,Jin Ye,F,20,NA,NA,,,2020 Summer,2020,Summer,Tokyo,Sailing,"Sailing Skiff (49er FX), Women",NA
1502207,Diana María Tudela,F,20,NA,NA,,,2020 Summer,2020,Summer,Tokyo,Sailing,"Sailing Skiff (49er FX), Women",NA
1502208,María Pia Vanoordt,F,20,NA,NA,,,2020 Summer,2020,Summer,Tokyo,Sailing,"Sailing Skiff (49er FX), Women",NA
1502209,Eya Guezguez,F,15,NA,NA,,,2020 Summer,2020,Summer,Tokyo,Sailing,"Sailing Skiff (49er FX), Women",NA
1502210,Sarra Guezguez,F,15,NA,NA,,,2020 Summer,2020,Summer,Tokyo,Sailing,"Sailing Skiff (49er FX), Women",NA
1502211,Ruggero Tita,M,28,174.0,71.0,,,2020 Summer,2020,Summer,Tokyo,Sailing,"Sailing Multihull (Nacra 17), Mixed",NA
1502212,Caterina Banti,F,33,NA,NA,,,2020 Summer,2020,Summer,Tokyo,Sailing,"Sailing Multihull (Nacra 17), Mixed",NA
1502213,John Gimson,M,37,NA,NA,,,2020 Summer,2020,Summer,Tokyo,Sailing,"Sailing Multihull (Nacra 17), Mixed",NA
1502214,Anna Burnet,F,27,NA,NA,,,2020 Summer,2020,Summer,Tokyo,Sailing,"Sailing Multihull (Nacra 17), Mixed",NA
1502215,Paul Kohlhoff,M,25,187.0,83.0,,,2020 Summer,2020,Summer,Tokyo,Sailing,"Sailing Multihull (Nacra 17), Mixed",NA
1502216,Alica Stuhlemmer,F,20,NA,NA,,,2020 Summer,2020,Summer,Tokyo,Sailing,"Sailing Multihull (Nacra 17), Mixed",NA
1502217,Lin Cenholt,F,28,NA,NA,,,2020 Summer,2020,Summer,Tokyo,Sailing,"Sailing Multihull (Nacra 17), Mixed",NA
1502218,Christian Lübeck,M,29,186.0,81.0,,,2020 Summer,2020,Summer,Tokyo,Sailing,"Sailing Multihull (Nacra 17), Mixed",NA
1502219,Jason Waterhouse,M,28,185.0,75.0,,,2020 Summer,2020,Summer,Tokyo,Sailing,"Sailing Multihull (Nacra 17), Mixed",NA
1502220,Lisa Darmanin,F,28,168.0,65.0,,,2020 Summer,2020,Summer,Tokyo,Sailing,"Sailing Multihull (Nacra 17), Mixed",NA
1502221,Tara Pacheco,F,31,167.0,63.0,,,2020 Summer,2020,Summer,Tokyo,Sailing,"Sailing Multihull (Nacra 17), Mixed",NA
1502222,Florián Trittel,M,26,186.0,80.0,,,2020 Summer,2020,Summer,Tokyo,Sailing,"Sailing Multihull (Nacra 17), Mixed",NA
1502223,Santiago Lange,M,58,184.0,73.0,,,2020 Summer,2020,Summer,Tokyo,Sailing,"Sailing Multihull (Nacra 17), Mixed",NA
1502224,Cecilia Carranza,F,33,164.0,63.0,,,2020 Summer,2020,Summer,Tokyo,Sailing,"Sailing Multihull (Nacra 17), Mixed",NA
1502225,Quentin Delapierre,M,27,NA,NA,,,2020 Summer,2020,Summer,Tokyo,Sailing,"Sailing Multihull (Nacra 17), Mixed",NA
1502226,Manon Audinet,F,28,NA,NA,,,2020 Summer,2020,Summer,Tokyo,Sailing,"Sailing Multihull (Nacra 17), Mixed",NA
1502227,Riley Gibbs,M,23,183.0,NA,,,2020 Summer,2020,Summer,Tokyo,Sailing,"Sailing Multihull (Nacra 17), Mixed",NA
1502228,Anna Weis,F,22,NA,NA,,,2020 Summer,2020,Summer,Tokyo,Sailing,"Sailing Multihull (Nacra 17), Mixed",NA
1502229,Samuel Albrecht,M,38,180.0,71.0,,,2020 Summer,2020,Summer,Tokyo,Sailing,"Sailing Multihull (Nacra 17), Mixed",NA
1502230,Gabriela Nicolino,F,30,163.0,64.0,,,2020 Summer,2020,Summer,Tokyo,Sailing,"Sailing Multihull (Nacra 17), Mixed",NA
1502231,Thomas Zajac,M,34,180.0,77.0,,,2020 Summer,2020,Summer,Tokyo,Sailing,"Sailing Multihull (Nacra 17), Mixed",NA
1502232,Barbara Matz,F,22,NA,NA,,,2020 Summer,2020,Summer,Tokyo,Sailing,"Sailing Multihull (Nacra 17), Mixed",NA
1502233,Micah Wilkinson,M,24,173.0,NA,,,2020 Summer,2020,Summer,Tokyo,Sailing,"Sailing Multihull (Nacra 17), Mixed",NA
1502234,Erica Dawson,F,25,165.0,NA,,,2020 Summer,2020,Summer,Tokyo,Sailing,"Sailing Multihull (Nacra 17), Mixed",NA
1502235,Sinem Kurtbay,F,29,NA,NA,,,2020 Summer,2020,Summer,Tokyo,Sailing,"Sailing Multihull (Nacra 17), Mixed",NA
1502236,Akseli Keskinen,M,20,NA,NA,,,2020 Summer,2020,Summer,Tokyo,Sailing,"Sailing Multihull (Nacra 17), Mixed",NA
1502237,Emil Järudd,M,22,NA,NA,,,2020 Summer,2020,Summer,Tokyo,Sailing,"Sailing Multihull (Nacra 17), Mixed",NA
1502238,Cecilia Jonsson,F,29,NA,NA,,,2020 Summer,2020,Summer,Tokyo,Sailing,"Sailing Multihull (Nacra 17), Mixed",NA
1502239,Shibuki Iitsuka,M,31,NA,NA,,,2020 Summer,2020,Summer,Tokyo,Sailing,"Sailing Multihull (Nacra 17), Mixed",NA
1502240,Eri Hatayama,F,28,NA,NA,,,2020 Summer,2020,Summer,Tokyo,Sailing,"Sailing Multihull (Nacra 17), Mixed",NA
1502241,Yang Xuezhe,M,22,NA,NA,,,2020 Summer,2020,Summer,Tokyo,Sailing,"Sailing Multihull (Nacra 17), Mixed",NA
1502242,Hu Xiaoxiao,F,20,NA,NA,,,2020 Summer,2020,Summer,Tokyo,Sailing,"Sailing Multihull (Nacra 17), Mixed",NA
1502243,Quique Figueroa,M,56,182.0,84.0,,,2020 Summer,2020,Summer,Tokyo,Sailing,"Sailing Multihull (Nacra 17), Mixed",NA
1502244,Gretchen Ortiz,F,34,NA,NA,,,2020 Summer,2020,Summer,Tokyo,Sailing,"Sailing Multihull (Nacra 17), Mixed",NA
1502245,Pablo Defazio,M,39,170.0,67.0,,,2020 Summer,2020,Summer,Tokyo,Sailing,"Sailing Multihull (Nacra 17), Mixed",NA
1502246,Dominique Knüppel,F,27,NA,NA,,,2020 Summer,2020,Summer,Tokyo,Sailing,"Sailing Multihull (Nacra 17), Mixed",NA
1502247,Nicholas Fadler Martinsen,M,26,187.0,NA,,,2020 Summer,2020,Summer,Tokyo,Sailing,"Sailing Multihull (Nacra 17), Mixed",NA
1502248,Martine Steller Mortensen,F,25,171.0,NA,,,2020 Summer,2020,Summer,Tokyo,Sailing,"Sailing Multihull (Nacra 17), Mixed",NA
1502249,Mehdi Gharbi,M,21,NA,NA,,,2020 Summer,2020,Summer,Tokyo,Sailing,"Sailing Multihull (Nacra 17), Mixed",NA
1502250,Rania Rahali,F,29,NA,NA,,,2020 Summer,2020,Summer,Tokyo,Sailing,"Sailing Multihull (Nacra 17), Mixed",NA
1502251,Tom Reuveny,M,24,NA,NA,ISR,ISR,2024 Summer,2024,Summer,Paris,Sailing,"Sailing Windsurfer (iQFOiL), Men",Gold
1502252,Grae Morris,M,20,NA,NA,AUS,AUS,2024 Summer,2024,Summer,Paris,Sailing,"Sailing Windsurfer (iQFOiL), Men",Silver
1502253,Luuc van Opzeeland,M,25,NA,NA,NED,NED,2024 Summer,2024,Summer,Paris,Sailing,"Sailing Windsurfer (iQFOiL), Men",Bronze
1502254,Josh Armit,M,22,NA,NA,NZL,NZL,2024 Summer,2024,Summer,Paris,Sailing,"Sailing Windsurfer (iQFOiL), Men",NA
1502255,Sam Sills,M,31,NA,NA,GBR,GBR,2024 Summer,2024,Summer,Paris,Sailing,"Sailing Windsurfer (iQFOiL), Men",NA
1502256,Nicolò Renna,M,23,NA,NA,ITA,ITA,2024 Summer,2024,Summer,Paris,Sailing,"Sailing Windsurfer (iQFOiL), Men",NA
1502257,Elia Colombo,M,28,NA,NA,SUI,SUI,2024 Summer,2024,Summer,Paris,Sailing,"Sailing Windsurfer (iQFOiL), Men",NA
1502258,Ethan Westera,M,26,NA,NA,ARU,ARU,2024 Summer,2024,Summer,Paris,Sailing,"Sailing Windsurfer (iQFOiL), Men",NA
1502259,Noah Lyons,M,23,NA,NA,USA,USA,2024 Summer,2024,Summer,Paris,Sailing,"Sailing Windsurfer (iQFOiL), Men",NA
1502260,Paweł Tarnowski,M,30,NA,NA,POL,POL,2024 Summer,2024,Summer,Paris,Sailing,"Sailing Windsurfer (iQFOiL), Men",NA
1502261,Nacho Baltasar,M,19,NA,NA,ESP,ESP,2024 Summer,2024,Summer,Paris,Sailing,"Sailing Windsurfer (iQFOiL), Men",NA
1502262,Sebastian Kördel,M,33,NA,NA,GER,GER,2024 Summer,2024,Summer,Paris,Sailing,"Sailing Windsurfer (iQFOiL), Men",NA
1502263,Cheng Ching Yin,M,24,NA,NA,HKG,HKG,2024 Summer,2024,Summer,Paris,Sailing,"Sailing Windsurfer (iQFOiL), Men",NA
1502264,Johan Bornemann Søe,M,21,NA,NA,DEN,DEN,2024 Summer,2024,Summer,Paris,Sailing,"Sailing Windsurfer (iQFOiL), Men",NA
1502265,Nicolas Goyard,M,28,NA,NA,FRA,FRA,2024 Summer,2024,Summer,Paris,Sailing,"Sailing Windsurfer (iQFOiL), Men",NA
1502266,Mateus Isaac,M,30,NA,NA,BRA,BRA,2024 Summer,2024,Summer,Paris,Sailing,"Sailing Windsurfer (iQFOiL), Men",NA
1502267,Rytis Jasiunas,M,29,NA,NA,LTU,LTU,2024 Summer,2024,Summer,Paris,Sailing,"Sailing Windsurfer (iQFOiL), Men",NA
1502268,Makoto Tomizawa,M,39,181.0,73.0,JPN,JPN,2024 Summer,2024,Summer,Paris,Sailing,"Sailing Windsurfer (iQFOiL), Men",NA
1502269,Huang Jingye,M,21,NA,NA,CHN,CHN,2024 Summer,2024,Summer,Paris,Sailing,"Sailing Windsurfer (iQFOiL), Men",NA
1502270,Jakob Eklund,M,24,NA,NA,FIN,FIN,2024 Summer,2024,Summer,Paris,Sailing,"Sailing Windsurfer (iQFOiL), Men",NA
1502271,Francisco Saubidet,M,25,NA,NA,ARG,ARG,2024 Summer,2024,Summer,Paris,Sailing,"Sailing Windsurfer (iQFOiL), Men",NA
1502272,Vyron Kokkalanis,M,38,186.0,75.0,GRE,GRE,2024 Summer,2024,Summer,Paris,Sailing,"Sailing Windsurfer (iQFOiL), Men",NA
1502273,Robert Kubin,M,21,NA,NA,SVK,SVK,2024 Summer,2024,Summer,Paris,Sailing,"Sailing Windsurfer (iQFOiL), Men",NA
1502274,Rami Boudrouma,M,23,NA,NA,ALG,ALG,2024 Summer,2024,Summer,Paris,Sailing,"Sailing Windsurfer (iQFOiL), Men",NA
1502275,Matt Wearn,M,28,NA,NA,AUS,AUS,2024 Summer,2024,Summer,Paris,Sailing,"Sailing One-Person Dinghy (ILCA 7), Men",Gold
1502276,Pavlos Kontides,M,34,183.0,82.0,CYP,CYP,2024 Summer,2024,Summer,Paris,Sailing,"Sailing One-Person Dinghy (ILCA 7), Men",Silver
1502277,Stefano Peschiera,M,29,182.0,84.0,PER,PER,2024 Summer,2024,Summer,Paris,Sailing,"Sailing One-Person Dinghy (ILCA 7), Men",Bronze
1502278,Jonatán Vadnai,M,26,NA,NA,HUN,HUN,2024 Summer,2024,Summer,Paris,Sailing,"Sailing One-Person Dinghy (ILCA 7), Men",NA
1502279,Hermann Tomasgaard,M,30,185.0,NA,NOR,NOR,2024 Summer,2024,Summer,Paris,Sailing,"Sailing One-Person Dinghy (ILCA 7), Men",NA
1502280,Micky Beckett,M,29,NA,NA,GBR,GBR,2024 Summer,2024,Summer,Paris,Sailing,"Sailing One-Person Dinghy (ILCA 7), Men",NA
1502281,Thomas Saunders,M,31,NA,NA,NZL,NZL,2024 Summer,2024,Summer,Paris,Sailing,"Sailing One-Person Dinghy (ILCA 7), Men",NA
1502282,Clemente Seguel,M,24,NA,NA,CHI,CHI,2024 Summer,2024,Summer,Paris,Sailing,"Sailing One-Person Dinghy (ILCA 7), Men",NA
1502283,Lorenzo Chiavarini,M,30,NA,NA,ITA,ITA,2024 Summer,2024,Summer,Paris,Sailing,"Sailing One-Person Dinghy (ILCA 7), Men",NA
1502284,Finn Lynch,M,28,182.0,82.0,IRL,IRL,2024 Summer,2024,Summer,Paris,Sailing,"Sailing One-Person Dinghy (ILCA 7), Men",NA
1502285,Eduardo Marques,M,30,186.0,84.0,POR,POR,2024 Summer,2024,Summer,Paris,Sailing,"Sailing One-Person Dinghy (ILCA 7), Men",NA
1502286,Jean-Baptiste Bernaz,M,36,190.0,80.0,FRA,FRA,2024 Summer,2024,Summer,Paris,Sailing,"Sailing One-Person Dinghy (ILCA 7), Men",NA
1502287,Philipp Buhl,M,34,187.0,85.0,GER,GER,2024 Summer,2024,Summer,Paris,Sailing,"Sailing One-Person Dinghy (ILCA 7), Men",NA
1502288,Milivoj Dukić,M,31,185.0,83.0,MNE,MNE,2024 Summer,2024,Summer,Paris,Sailing,"Sailing One-Person Dinghy (ILCA 7), Men",NA
1502289,Duko Bos,M,29,NA,NA,NED,NED,2024 Summer,2024,Summer,Paris,Sailing,"Sailing One-Person Dinghy (ILCA 7), Men",NA
1502290,Juan Ignacio Maegli,M,35,183.0,84.0,GUA,GUA,2024 Summer,2024,Summer,Paris,Sailing,"Sailing One-Person Dinghy (ILCA 7), Men",NA
1502291,Žan-Luka Zelko,M,29,NA,NA,SLO,SLO,2024 Summer,2024,Summer,Paris,Sailing,"Sailing One-Person Dinghy (ILCA 7), Men",NA
1502292,Vishnu Saravanan,M,25,NA,NA,IND,IND,2024 Summer,2024,Summer,Paris,Sailing,"Sailing One-Person Dinghy (ILCA 7), Men",NA
1502293,Filip Jurišic,M,31,NA,NA,CRO,CRO,2024 Summer,2024,Summer,Paris,Sailing,"Sailing One-Person Dinghy (ILCA 7), Men",NA
1502294,Enrique Arathoon,M,32,180.0,78.0,ESA,ESA,2024 Summer,2024,Summer,Paris,Sailing,"Sailing One-Person Dinghy (ILCA 7), Men",NA
1502295,Joaquín Blanco,M,35,181.0,80.0,ESP,ESP,2024 Summer,2024,Summer,Paris,Sailing,"Sailing One-Person Dinghy (ILCA 7), Men",NA
1502296,William De Smet,M,29,NA,NA,BEL,BEL,2024 Summer,2024,Summer,Paris,Sailing,"Sailing One-Person Dinghy (ILCA 7), Men",NA
1502297,Yiğit Yalçın Çitak,M,23,NA,NA,TUR,TUR,2024 Summer,2024,Summer,Paris,Sailing,"Sailing One-Person Dinghy (ILCA 7), Men",NA
1502298,Nicholas Halliday,M,25,NA,NA,HKG,HKG,2024 Summer,2024,Summer,Paris,Sailing,"Sailing One-Person Dinghy (ILCA 7), Men",NA
1502299,Ryan Lo,M,27,NA,NA,SGP,SGP,2024 Summer,2024,Summer,Paris,Sailing,"Sailing One-Person Dinghy (ILCA 7), Men",NA
1502300,Ha Ji-Min,M,35,186.0,83.0,KOR,KOR,2024 Summer,2024,Summer,Paris,Sailing,"Sailing One-Person Dinghy (ILCA 7), Men",NA
1502301,Francisco Guaragna,M,27,NA,NA,ARG,ARG,2024 Summer,2024,Summer,Paris,Sailing,"Sailing One-Person Dinghy (ILCA 7), Men",NA
1502302,Bruno Fontes,M,44,175.0,80.0,BRA,BRA,2024 Summer,2024,Summer,Paris,Sailing,"Sailing One-Person Dinghy (ILCA 7), Men",NA
1502303,Luc Chevrier,M,25,NA,NA,LCA,LCA,2024 Summer,2024,Summer,Paris,Sailing,"Sailing One-Person Dinghy (ILCA 7), Men",NA
1502304,Omer Vered Vilenchik,M,17,NA,NA,ISR,ISR,2024 Summer,2024,Summer,Paris,Sailing,"Sailing One-Person Dinghy (ILCA 7), Men",NA
1502305,Karl-Martin Rammo,M,35,190.0,82.0,EST,EST,2024 Summer,2024,Summer,Paris,Sailing,"Sailing One-Person Dinghy (ILCA 7), Men",NA
1502306,Khairulnizam Mohd Afendy,M,31,182.0,70.0,MAS,MAS,2024 Summer,2024,Summer,Paris,Sailing,"Sailing One-Person Dinghy (ILCA 7), Men",NA
1502307,Just van Aanholt,M,28,NA,NA,ARU,ARU,2024 Summer,2024,Summer,Paris,Sailing,"Sailing One-Person Dinghy (ILCA 7), Men",NA
1502308,Pedro Luis Fernández,M,26,NA,NA,PUR,PUR,2024 Summer,2024,Summer,Paris,Sailing,"Sailing One-Person Dinghy (ILCA 7), Men",NA
1502309,Arthit Mikhail Romanyk,M,23,NA,NA,THA,THA,2024 Summer,2024,Summer,Paris,Sailing,"Sailing One-Person Dinghy (ILCA 7), Men",NA
1502310,Johan Lundgaard Schubert,M,21,NA,NA,DEN,DEN,2024 Summer,2024,Summer,Paris,Sailing,"Sailing One-Person Dinghy (ILCA 7), Men",NA
1502311,Kaarle Tapper,M,28,190.0,84.0,FIN,FIN,2024 Summer,2024,Summer,Paris,Sailing,"Sailing One-Person Dinghy (ILCA 7), Men",NA
1502312,Thad Lettsome,M,22,NA,NA,IVB,IVB,2024 Summer,2024,Summer,Paris,Sailing,"Sailing One-Person Dinghy (ILCA 7), Men",NA
1502313,Filipe André,M,26,NA,NA,ANG,ANG,2024 Summer,2024,Summer,Paris,Sailing,"Sailing One-Person Dinghy (ILCA 7), Men",NA
1502314,Michał Krasodomski,M,21,NA,NA,POL,POL,2024 Summer,2024,Summer,Paris,Sailing,"Sailing One-Person Dinghy (ILCA 7), Men",NA
1502315,Aly Nabil,M,23,NA,NA,EGY,EGY,2024 Summer,2024,Summer,Paris,Sailing,"Sailing One-Person Dinghy (ILCA 7), Men",NA
1502316,Eroni Leilua,M,31,NA,NA,SAM,SAM,2024 Summer,2024,Summer,Paris,Sailing,"Sailing One-Person Dinghy (ILCA 7), Men",NA
1502317,Viliame Ratulu,M,24,NA,NA,FIJ,FIJ,2024 Summer,2024,Summer,Paris,Sailing,"Sailing One-Person Dinghy (ILCA 7), Men",NA
1502318,Diego Botín,M,30,183.0,81.0,,,2024 Summer,2024,Summer,Paris,Sailing,"Sailing Skiff (49er), Men",NA
1502319,Florián Trittel,M,30,186.0,80.0,,,2024 Summer,2024,Summer,Paris,Sailing,"Sailing Skiff (49er), Men",NA
1502320,Isaac McHardie,M,27,NA,NA,,,2024 Summer,2024,Summer,Paris,Sailing,"Sailing Skiff (49er), Men",NA
1502321,William McKenzie,M,27,NA,NA,,,2024 Summer,2024,Summer,Paris,Sailing,"Sailing Skiff (49er), Men",NA
1502322,Ian Barrows,M,29,NA,NA,,,2024 Summer,2024,Summer,Paris,Sailing,"Sailing Skiff (49er), Men",NA
1502323,Hans Henken,M,32,NA,NA,,,2024 Summer,2024,Summer,Paris,Sailing,"Sailing Skiff (49er), Men",NA
1502324,Robert Dickson,M,26,NA,NA,,,2024 Summer,2024,Summer,Paris,Sailing,"Sailing Skiff (49er), Men",NA
1502325,Sean Waddilove,M,27,NA,NA,,,2024 Summer,2024,Summer,Paris,Sailing,"Sailing Skiff (49er), Men",NA
1502326,Dominik Buksak,M,31,NA,NA,,,2024 Summer,2024,Summer,Paris,Sailing,"Sailing Skiff (49er), Men",NA
1502327,Szymon Wierzbicki,M,32,NA,NA,,,2024 Summer,2024,Summer,Paris,Sailing,"Sailing Skiff (49er), Men",NA
1502328,Bart Lambriex,M,25,NA,NA,,,2024 Summer,2024,Summer,Paris,Sailing,"Sailing Skiff (49er), Men",NA
1502329,Floris van de Werken,M,29,NA,NA,,,2024 Summer,2024,Summer,Paris,Sailing,"Sailing Skiff (49er), Men",NA
1502330,James Peters,M,31,NA,NA,,,2024 Summer,2024,Summer,Paris,Sailing,"Sailing Skiff (49er), Men",NA
1502331,Fynn Sterritt,M,35,NA,NA,,,2024 Summer,2024,Summer,Paris,Sailing,"Sailing Skiff (49er), Men",NA
1502332,Sébastien Schneiter,M,28,176.0,72.0,,,2024 Summer,2024,Summer,Paris,Sailing,"Sailing Skiff (49er), Men",NA
1502333,Arno de Planta,M,25,NA,NA,,,2024 Summer,2024,Summer,Paris,Sailing,"Sailing Skiff (49er), Men",NA
1502334,Šime Fantela,M,38,183.0,67.0,,,2024 Summer,2024,Summer,Paris,Sailing,"Sailing Skiff (49er), Men",NA
1502335,Mihovil Fantela,M,34,NA,NA,,,2024 Summer,2024,Summer,Paris,Sailing,"Sailing Skiff (49er), Men",NA
1502336,Hernán Umpierre,M,23,NA,NA,,,2024 Summer,2024,Summer,Paris,Sailing,"Sailing Skiff (49er), Men",NA
1502337,Fernando Diz,M,24,NA,NA,,,2024 Summer,2024,Summer,Paris,Sailing,"Sailing Skiff (49er), Men",NA
1502338,Jakob Meggendorfer,M,28,NA,NA,,,2024 Summer,2024,Summer,Paris,Sailing,"Sailing Skiff (49er), Men",NA
1502339,Andreas Spranger,M,27,NA,NA,,,2024 Summer,2024,Summer,Paris,Sailing,"Sailing Skiff (49er), Men",NA
1502340,Erwan Fischer,M,30,NA,NA,,,2024 Summer,2024,Summer,Paris,Sailing,"Sailing Skiff (49er), Men",NA
1502341,Clément Péquin,M,31,NA,NA,,,2024 Summer,2024,Summer,Paris,Sailing,"Sailing Skiff (49er), Men",NA
1502342,Wen Zaiding,M,23,NA,NA,,,2024 Summer,2024,Summer,Paris,Sailing,"Sailing Skiff (49er), Men",NA
1502343,Liu Tian,M,24,NA,NA,,,2024 Summer,2024,Summer,Paris,Sailing,"Sailing Skiff (49er), Men",NA
1502344,Benjamin Bildstein,M,32,NA,NA,,,2024 Summer,2024,Summer,Paris,Sailing,"Sailing Skiff (49er), Men",NA
1502345,David Hussl,M,32,NA,NA,,,2024 Summer,2024,Summer,Paris,Sailing,"Sailing Skiff (49er), Men",NA
1502346,Jim Colley,M,26,NA,NA,,,2024 Summer,2024,Summer,Paris,Sailing,"Sailing Skiff (49er), Men",NA
1502347,Shaun Connor,M,26,NA,NA,,,2024 Summer,2024,Summer,Paris,Sailing,"Sailing Skiff (49er), Men",NA
1502348,Yannick Lefèbvre,M,35,181.0,79.0,,,2024 Summer,2024,Summer,Paris,Sailing,"Sailing Skiff (49er), Men",NA
1502349,Jan Heuninck,M,23,NA,NA,,,2024 Summer,2024,Summer,Paris,Sailing,"Sailing Skiff (49er), Men",NA
1502350,Will Jones,M,29,NA,NA,,,2024 Summer,2024,Summer,Paris,Sailing,"Sailing Skiff (49er), Men",NA
1502351,Justin Barnes,M,33,NA,NA,,,2024 Summer,2024,Summer,Paris,Sailing,"Sailing Skiff (49er), Men",NA
1502352,Daniel Gunnar Nyborg,M,26,NA,NA,,,2024 Summer,2024,Summer,Paris,Sailing,"Sailing Skiff (49er), Men",NA
1502353,Nikolaj Hoffmann Buhl,M,31,NA,NA,,,2024 Summer,2024,Summer,Paris,Sailing,"Sailing Skiff (49er), Men",NA
1502354,Marco Grael,M,35,181.0,82.0,,,2024 Summer,2024,Summer,Paris,Sailing,"Sailing Skiff (49er), Men",NA
1502355,Gabriel Simões,M,22,NA,NA,,,2024 Summer,2024,Summer,Paris,Sailing,"Sailing Skiff (49er), Men",NA
1502356,Akira Luke Sakai,M,31,NA,NA,,,2024 Summer,2024,Summer,Paris,Sailing,"Sailing Skiff (49er), Men",NA
1502357,Russell Williams Aylsworth,M,23,NA,NA,,,2024 Summer,2024,Summer,Paris,Sailing,"Sailing Skiff (49er), Men",NA
1502358,Valentin Bontus,M,23,NA,NA,AUT,AUT,2024 Summer,2024,Summer,Paris,Sailing,"Sailing Kiteboarding (Formula Kite), Men",Gold
1502359,Toni Vodišek,M,24,NA,NA,SLO,SLO,2024 Summer,2024,Summer,Paris,Sailing,"Sailing Kiteboarding (Formula Kite), Men",Silver
1502360,Max Maeder,M,17,NA,NA,SGP,SGP,2024 Summer,2024,Summer,Paris,Sailing,"Sailing Kiteboarding (Formula Kite), Men",Bronze
1502361,Riccardo Pianosi,M,19,NA,NA,ITA,ITA,2024 Summer,2024,Summer,Paris,Sailing,"Sailing Kiteboarding (Formula Kite), Men",NA
1502362,Jannis Maus,M,28,NA,NA,GER,GER,2024 Summer,2024,Summer,Paris,Sailing,"Sailing Kiteboarding (Formula Kite), Men",NA
1502363,Axel Mazella,M,26,NA,NA,FRA,FRA,2024 Summer,2024,Summer,Paris,Sailing,"Sailing Kiteboarding (Formula Kite), Men",NA
1502364,Bruno Lobo,M,30,NA,NA,BRA,BRA,2024 Summer,2024,Summer,Paris,Sailing,"Sailing Kiteboarding (Formula Kite), Men",NA
1502365,Connor Bainbridge,M,30,NA,NA,GBR,GBR,2024 Summer,2024,Summer,Paris,Sailing,"Sailing Kiteboarding (Formula Kite), Men",NA
1502366,Markus Edegran,M,30,NA,NA,USA,USA,2024 Summer,2024,Summer,Paris,Sailing,"Sailing Kiteboarding (Formula Kite), Men",NA
1502367,Huang Qibin,M,18,NA,NA,CHN,CHN,2024 Summer,2024,Summer,Paris,Sailing,"Sailing Kiteboarding (Formula Kite), Men",NA
1502368,Kameron Maramenidis,M,22,NA,NA,GRE,GRE,2024 Summer,2024,Summer,Paris,Sailing,"Sailing Kiteboarding (Formula Kite), Men",NA
1502369,Denis Taradin,M,27,NA,NA,CYP,CYP,2024 Summer,2024,Summer,Paris,Sailing,"Sailing Kiteboarding (Formula Kite), Men",NA
1502370,Dor Zarka,M,30,NA,NA,ISR,ISR,2024 Summer,2024,Summer,Paris,Sailing,"Sailing Kiteboarding (Formula Kite), Men",NA
1502371,Martin Dolenc,M,24,NA,NA,CRO,CRO,2024 Summer,2024,Summer,Paris,Sailing,"Sailing Kiteboarding (Formula Kite), Men",NA
1502372,Lukas Walton-Keim,M,28,NA,NA,NZL,NZL,2024 Summer,2024,Summer,Paris,Sailing,"Sailing Kiteboarding (Formula Kite), Men",NA
1502373,Maks Zakowski,M,30,NA,NA,POL,POL,2024 Summer,2024,Summer,Paris,Sailing,"Sailing Kiteboarding (Formula Kite), Men",NA
1502374,Tiger Tyson,M,22,NA,NA,ANT,ANT,2024 Summer,2024,Summer,Paris,Sailing,"Sailing Kiteboarding (Formula Kite), Men",NA
1502375,Joseph Jonathan Weston,M,19,NA,NA,THA,THA,2024 Summer,2024,Summer,Paris,Sailing,"Sailing Kiteboarding (Formula Kite), Men",NA
1502376,Jean de Falbaire,M,26,NA,NA,MRI,MRI,2024 Summer,2024,Summer,Paris,Sailing,"Sailing Kiteboarding (Formula Kite), Men",NA
1502377,Víctor Bolaños,M,29,NA,NA,COL,COL,2024 Summer,2024,Summer,Paris,Sailing,"Sailing Kiteboarding (Formula Kite), Men",NA
1502378,Marta Maggetti,F,28,NA,NA,ITA,ITA,2024 Summer,2024,Summer,Paris,Sailing,"Sailing Windsurfer (iQFOiL), Women",Gold
1502379,Sharon Kantor,F,21,NA,NA,ISR,ISR,2024 Summer,2024,Summer,Paris,Sailing,"Sailing Windsurfer (iQFOiL), Women",Silver
1502380,Emma Wilson,F,25,NA,NA,GBR,GBR,2024 Summer,2024,Summer,Paris,Sailing,"Sailing Windsurfer (iQFOiL), Women",Bronze
1502381,María Belén Bazo,F,25,NA,NA,PER,PER,2024 Summer,2024,Summer,Paris,Sailing,"Sailing Windsurfer (iQFOiL), Women",NA
1502382,Yan Zheng,F,22,NA,NA,CHN,CHN,2024 Summer,2024,Summer,Paris,Sailing,"Sailing Windsurfer (iQFOiL), Women",NA
1502383,Theresa Steinlein,F,22,NA,NA,GER,GER,2024 Summer,2024,Summer,Paris,Sailing,"Sailing Windsurfer (iQFOiL), Women",NA
1502384,Hélène Noesmoen,F,31,NA,NA,FRA,FRA,2024 Summer,2024,Summer,Paris,Sailing,"Sailing Windsurfer (iQFOiL), Women",NA
1502385,Maja Dziarnowska,F,33,NA,NA,POL,POL,2024 Summer,2024,Summer,Paris,Sailing,"Sailing Windsurfer (iQFOiL), Women",NA
1502386,Kateřina Švíková,F,23,NA,NA,CZE,CZE,2024 Summer,2024,Summer,Paris,Sailing,"Sailing Windsurfer (iQFOiL), Women",NA
1502387,Veerle Ten Have,F,23,NA,NA,NZL,NZL,2024 Summer,2024,Summer,Paris,Sailing,"Sailing Windsurfer (iQFOiL), Women",NA
1502388,Mina Mobekk,F,20,NA,NA,NOR,NOR,2024 Summer,2024,Summer,Paris,Sailing,"Sailing Windsurfer (iQFOiL), Women",NA
1502389,Palma Čargo,F,24,NA,NA,CRO,CRO,2024 Summer,2024,Summer,Paris,Sailing,"Sailing Windsurfer (iQFOiL), Women",NA
1502390,Mariana Aguilar,F,25,NA,NA,MEX,MEX,2024 Summer,2024,Summer,Paris,Sailing,"Sailing Windsurfer (iQFOiL), Women",NA
1502391,Ma Kwan Ching,F,26,NA,NA,HKG,HKG,2024 Summer,2024,Summer,Paris,Sailing,"Sailing Windsurfer (iQFOiL), Women",NA
1502392,Pilar Lamadrid,F,27,NA,NA,ESP,ESP,2024 Summer,2024,Summer,Paris,Sailing,"Sailing Windsurfer (iQFOiL), Women",NA
1502393,Sara Wennekes,F,28,NA,NA,NED,NED,2024 Summer,2024,Summer,Paris,Sailing,"Sailing Windsurfer (iQFOiL), Women",NA
1502394,Ingrid Puusta,F,33,163.0,57.0,EST,EST,2024 Summer,2024,Summer,Paris,Sailing,"Sailing Windsurfer (iQFOiL), Women",NA
1502395,Merve Vatan,F,19,NA,NA,TUR,TUR,2024 Summer,2024,Summer,Paris,Sailing,"Sailing Windsurfer (iQFOiL), Women",NA
1502396,Natasa Lappa,F,22,NA,NA,CYP,CYP,2024 Summer,2024,Summer,Paris,Sailing,"Sailing Windsurfer (iQFOiL), Women",NA
1502397,Johanna Hjertberg,F,26,NA,NA,SWE,SWE,2024 Summer,2024,Summer,Paris,Sailing,"Sailing Windsurfer (iQFOiL), Women",NA
1502398,Lina Eržen,F,19,NA,NA,SLO,SLO,2024 Summer,2024,Summer,Paris,Sailing,"Sailing Windsurfer (iQFOiL), Women",NA
1502399,Dominique Stater,F,23,NA,NA,USA,USA,2024 Summer,2024,Summer,Paris,Sailing,"Sailing Windsurfer (iQFOiL), Women",NA
1502400,Lorena Abicht,F,30,NA,NA,AUT,AUT,2024 Summer,2024,Summer,Paris,Sailing,"Sailing Windsurfer (iQFOiL), Women",NA
1502401,Chiara Ferretti,F,17,NA,NA,ARG,ARG,2024 Summer,2024,Summer,Paris,Sailing,"Sailing Windsurfer (iQFOiL), Women",NA
1502402,Marit Bouwmeester,F,36,177.0,68.0,NED,NED,2024 Summer,2024,Summer,Paris,Sailing,"Sailing One-Person Dinghy (ILCA 6), Women",Gold
1502403,Anne-Marie Rindom,F,33,170.0,68.0,DEN,DEN,2024 Summer,2024,Summer,Paris,Sailing,"Sailing One-Person Dinghy (ILCA 6), Women",Silver
1502404,Line Høst,F,28,180.0,NA,NOR,NOR,2024 Summer,2024,Summer,Paris,Sailing,"Sailing One-Person Dinghy (ILCA 6), Women",Bronze
1502405,Maud Jayet,F,28,NA,NA,SUI,SUI,2024 Summer,2024,Summer,Paris,Sailing,"Sailing One-Person Dinghy (ILCA 6), Women",NA
1502406,Chiara Benini Floriani,F,22,NA,NA,ITA,ITA,2024 Summer,2024,Summer,Paris,Sailing,"Sailing One-Person Dinghy (ILCA 6), Women",NA
1502407,Yelena Vorobeva,F,36,178.0,71.0,CRO,CRO,2024 Summer,2024,Summer,Paris,Sailing,"Sailing One-Person Dinghy (ILCA 6), Women",NA
1502408,Emma Plasschaert,F,30,NA,NA,BEL,BEL,2024 Summer,2024,Summer,Paris,Sailing,"Sailing One-Person Dinghy (ILCA 6), Women",NA
1502409,Sarah Douglas,F,30,NA,NA,CAN,CAN,2024 Summer,2024,Summer,Paris,Sailing,"Sailing One-Person Dinghy (ILCA 6), Women",NA
1502410,Erika Reineke,F,30,NA,NA,USA,USA,2024 Summer,2024,Summer,Paris,Sailing,"Sailing One-Person Dinghy (ILCA 6), Women",NA
1502411,Louise Cervera,F,26,NA,NA,FRA,FRA,2024 Summer,2024,Summer,Paris,Sailing,"Sailing One-Person Dinghy (ILCA 6), Women",NA
1502412,Lucía Falasca,F,31,171.0,64.0,ARG,ARG,2024 Summer,2024,Summer,Paris,Sailing,"Sailing One-Person Dinghy (ILCA 6), Women",NA
1502413,Hannah Snellgrove,F,34,NA,NA,GBR,GBR,2024 Summer,2024,Summer,Paris,Sailing,"Sailing One-Person Dinghy (ILCA 6), Women",NA
1502414,Eve McMahon,F,20,NA,NA,IRL,IRL,2024 Summer,2024,Summer,Paris,Sailing,"Sailing One-Person Dinghy (ILCA 6), Women",NA
1502415,Mária Érdi,F,26,175.0,65.0,HUN,HUN,2024 Summer,2024,Summer,Paris,Sailing,"Sailing One-Person Dinghy (ILCA 6), Women",NA
1502416,Agata Barwińska,F,28,NA,NA,POL,POL,2024 Summer,2024,Summer,Paris,Sailing,"Sailing One-Person Dinghy (ILCA 6), Women",NA
1502417,Monika Mikkola,F,28,NA,NA,FIN,FIN,2024 Summer,2024,Summer,Paris,Sailing,"Sailing One-Person Dinghy (ILCA 6), Women",NA
1502418,Josefin Olsson,F,34,172.0,67.0,SWE,SWE,2024 Summer,2024,Summer,Paris,Sailing,"Sailing One-Person Dinghy (ILCA 6), Women",NA
1502419,Ecem Güzel,F,29,NA,NA,TUR,TUR,2024 Summer,2024,Summer,Paris,Sailing,"Sailing One-Person Dinghy (ILCA 6), Women",NA
1502420,Gu Min,F,29,168.0,50.0,CHN,CHN,2024 Summer,2024,Summer,Paris,Sailing,"Sailing One-Person Dinghy (ILCA 6), Women",NA
1502421,Zoe Thomson,F,26,NA,NA,AUS,AUS,2024 Summer,2024,Summer,Paris,Sailing,"Sailing One-Person Dinghy (ILCA 6), Women",NA
1502422,Nethra Kumanan,F,26,NA,NA,IND,IND,2024 Summer,2024,Summer,Paris,Sailing,"Sailing One-Person Dinghy (ILCA 6), Women",NA
1502423,Dolores Moreira,F,25,168.0,63.0,URU,URU,2024 Summer,2024,Summer,Paris,Sailing,"Sailing One-Person Dinghy (ILCA 6), Women",NA
1502424,Ebru Bolat,F,24,NA,NA,ROU,ROU,2024 Summer,2024,Summer,Paris,Sailing,"Sailing One-Person Dinghy (ILCA 6), Women",NA
1502425,Shay Kakon,F,21,NA,NA,ISR,ISR,2024 Summer,2024,Summer,Paris,Sailing,"Sailing One-Person Dinghy (ILCA 6), Women",NA
1502426,Julia Büsselberg,F,24,NA,NA,GER,GER,2024 Summer,2024,Summer,Paris,Sailing,"Sailing One-Person Dinghy (ILCA 6), Women",NA
1502427,Elena Oetling,F,31,NA,NA,MEX,MEX,2024 Summer,2024,Summer,Paris,Sailing,"Sailing One-Person Dinghy (ILCA 6), Women",NA
1502428,Sophia Montgomery,F,21,NA,NA,THA,THA,2024 Summer,2024,Summer,Paris,Sailing,"Sailing One-Person Dinghy (ILCA 6), Women",NA
1502429,Lin Pletikos,F,25,NA,NA,SLO,SLO,2024 Summer,2024,Summer,Paris,Sailing,"Sailing One-Person Dinghy (ILCA 6), Women",NA
1502430,Ana Moncada,F,23,NA,NA,ESP,ESP,2024 Summer,2024,Summer,Paris,Sailing,"Sailing One-Person Dinghy (ILCA 6), Women",NA
1502431,Marilena Makri,F,21,NA,NA,CYP,CYP,2024 Summer,2024,Summer,Paris,Sailing,"Sailing One-Person Dinghy (ILCA 6), Women",NA
1502432,Viktorija Andrulytė,F,32,NA,NA,LTU,LTU,2024 Summer,2024,Summer,Paris,Sailing,"Sailing One-Person Dinghy (ILCA 6), Women",NA
1502433,Florencia Chiarella,F,20,NA,NA,PER,PER,2024 Summer,2024,Summer,Paris,Sailing,"Sailing One-Person Dinghy (ILCA 6), Women",NA
1502434,Gabriella Kidd,F,27,NA,NA,BRA,BRA,2024 Summer,2024,Summer,Paris,Sailing,"Sailing One-Person Dinghy (ILCA 6), Women",NA
1502435,Greta Pilkington,F,21,NA,NA,NZL,NZL,2024 Summer,2024,Summer,Paris,Sailing,"Sailing One-Person Dinghy (ILCA 6), Women",NA
1502436,Shazrin Latif,F,26,167.0,63.0,MAS,MAS,2024 Summer,2024,Summer,Paris,Sailing,"Sailing One-Person Dinghy (ILCA 6), Women",NA
1502437,Adriana Penruddocke,F,24,NA,NA,BER,BER,2024 Summer,2024,Summer,Paris,Sailing,"Sailing One-Person Dinghy (ILCA 6), Women",NA
1502438,Sophia Morgan,F,20,NA,NA,FIJ,FIJ,2024 Summer,2024,Summer,Paris,Sailing,"Sailing One-Person Dinghy (ILCA 6), Women",NA
1502439,María José Poncell,F,28,NA,NA,CHI,CHI,2024 Summer,2024,Summer,Paris,Sailing,"Sailing One-Person Dinghy (ILCA 6), Women",NA
1502440,Khouloud Mansy,F,25,NA,NA,EGY,EGY,2024 Summer,2024,Summer,Paris,Sailing,"Sailing One-Person Dinghy (ILCA 6), Women",NA
1502441,Deizy Nhaquile,F,23,NA,NA,MOZ,MOZ,2024 Summer,2024,Summer,Paris,Sailing,"Sailing One-Person Dinghy (ILCA 6), Women",NA
1502442,Charlotte Webster,F,20,NA,NA,CAY,CAY,2024 Summer,2024,Summer,Paris,Sailing,"Sailing One-Person Dinghy (ILCA 6), Women",NA
1502443,Ameena Shah,F,23,NA,NA,KUW,KUW,2024 Summer,2024,Summer,Paris,Sailing,"Sailing One-Person Dinghy (ILCA 6), Women",NA
1502444,Vaimo'oi'a Ripley,F,34,NA,NA,SAM,SAM,2024 Summer,2024,Summer,Paris,Sailing,"Sailing One-Person Dinghy (ILCA 6), Women",NA
1502445,Odile van Aanholt,F,26,NA,NA,,,2024 Summer,2024,Summer,Paris,Sailing,"Sailing Skiff (49er FX), Women",NA
1502446,Annette Duetz,F,31,180.0,74.0,,,2024 Summer,2024,Summer,Paris,Sailing,"Sailing Skiff (49er FX), Women",NA
1502447,Vilma Bobeck,F,26,NA,NA,,,2024 Summer,2024,Summer,Paris,Sailing,"Sailing Skiff (49er FX), Women",NA
1502448,Rebecca Netzler,F,28,NA,NA,,,2024 Summer,2024,Summer,Paris,Sailing,"Sailing Skiff (49er FX), Women",NA
1502449,Sarah Steyaert,F,37,175.0,67.0,,,2024 Summer,2024,Summer,Paris,Sailing,"Sailing Skiff (49er FX), Women",NA
1502450,Charline Picon,F,39,169.0,57.0,,,2024 Summer,2024,Summer,Paris,Sailing,"Sailing Skiff (49er FX), Women",NA
1502451,Helene Næss,F,33,169.0,NA,,,2024 Summer,2024,Summer,Paris,Sailing,"Sailing Skiff (49er FX), Women",NA
1502452,Marie Rønningen,F,30,175.0,NA,,,2024 Summer,2024,Summer,Paris,Sailing,"Sailing Skiff (49er FX), Women",NA
1502453,Jana Germani,F,25,NA,NA,,,2024 Summer,2024,Summer,Paris,Sailing,"Sailing Skiff (49er FX), Women",NA
1502454,Giorgia Bertuzzi,F,22,NA,NA,,,2024 Summer,2024,Summer,Paris,Sailing,"Sailing Skiff (49er FX), Women",NA
1502455,Marla Bergmann,F,22,NA,NA,,,2024 Summer,2024,Summer,Paris,Sailing,"Sailing Skiff (49er FX), Women",NA
1502456,Hanna Wille,F,23,NA,NA,,,2024 Summer,2024,Summer,Paris,Sailing,"Sailing Skiff (49er FX), Women",NA
1502457,Jo Aleh,F,38,171.0,58.0,,,2024 Summer,2024,Summer,Paris,Sailing,"Sailing Skiff (49er FX), Women",NA
1502458,Molly Meech,F,31,178.0,74.0,,,2024 Summer,2024,Summer,Paris,Sailing,"Sailing Skiff (49er FX), Women",NA
1502459,Martine Grael,F,33,168.0,62.0,,,2024 Summer,2024,Summer,Paris,Sailing,"Sailing Skiff (49er FX), Women",NA
1502460,Kahena Kunze,F,33,172.0,68.0,,,2024 Summer,2024,Summer,Paris,Sailing,"Sailing Skiff (49er FX), Women",NA
1502461,Olivia Price,F,31,164.0,68.0,,,2024 Summer,2024,Summer,Paris,Sailing,"Sailing Skiff (49er FX), Women",NA
1502462,Evie Haseldine,F,21,NA,NA,,,2024 Summer,2024,Summer,Paris,Sailing,"Sailing Skiff (49er FX), Women",NA
1502463,Stephanie Roble,F,35,NA,NA,,,2024 Summer,2024,Summer,Paris,Sailing,"Sailing Skiff (49er FX), Women",NA
1502464,Maggie Shea,F,35,NA,NA,,,2024 Summer,2024,Summer,Paris,Sailing,"Sailing Skiff (49er FX), Women",NA
1502465,Antonia Lewin-LaFrance,F,27,NA,NA,,,2024 Summer,2024,Summer,Paris,Sailing,"Sailing Skiff (49er FX), Women",NA
1502466,Georgia Lewin-LaFrance,F,24,NA,NA,,,2024 Summer,2024,Summer,Paris,Sailing,"Sailing Skiff (49er FX), Women",NA
1502467,Támara Echegoyen,F,40,174.0,70.0,,,2024 Summer,2024,Summer,Paris,Sailing,"Sailing Skiff (49er FX), Women",NA
1502468,Paula Barceló,F,28,178.0,68.0,,,2024 Summer,2024,Summer,Paris,Sailing,"Sailing Skiff (49er FX), Women",NA
1502469,Johanne Schmidt,F,24,NA,NA,,,2024 Summer,2024,Summer,Paris,Sailing,"Sailing Skiff (49er FX), Women",NA
1502470,Andrea Schmidt,F,25,NA,NA,,,2024 Summer,2024,Summer,Paris,Sailing,"Sailing Skiff (49er FX), Women",NA
1502471,Isaura Maenhaut,F,25,NA,NA,,,2024 Summer,2024,Summer,Paris,Sailing,"Sailing Skiff (49er FX), Women",NA
1502472,Anouk Geurts,F,24,NA,NA,,,2024 Summer,2024,Summer,Paris,Sailing,"Sailing Skiff (49er FX), Women",NA
1502473,Ronja Grönblom,F,24,NA,NA,,,2024 Summer,2024,Summer,Paris,Sailing,"Sailing Skiff (49er FX), Women",NA
1502474,Veera Hokka,F,26,NA,NA,,,2024 Summer,2024,Summer,Paris,Sailing,"Sailing Skiff (49er FX), Women",NA
1502475,Freya Black,F,23,NA,NA,,,2024 Summer,2024,Summer,Paris,Sailing,"Sailing Skiff (49er FX), Women",NA
1502476,Saskia Tidey,F,31,183.0,70.0,,,2024 Summer,2024,Summer,Paris,Sailing,"Sailing Skiff (49er FX), Women",NA
1502477,Misaki Tanaka,F,26,NA,NA,,,2024 Summer,2024,Summer,Paris,Sailing,"Sailing Skiff (49er FX), Women",NA
1502478,Sera Nagamatsu,F,30,NA,NA,,,2024 Summer,2024,Summer,Paris,Sailing,"Sailing Skiff (49er FX), Women",NA
1502479,Aleksandra Melzacka,F,26,NA,NA,,,2024 Summer,2024,Summer,Paris,Sailing,"Sailing Skiff (49er FX), Women",NA
1502480,Sandra Jankowiak,F,28,NA,NA,,,2024 Summer,2024,Summer,Paris,Sailing,"Sailing Skiff (49er FX), Women",NA
1502481,Zofia Burska,F,23,NA,NA,,,2024 Summer,2024,Summer,Paris,Sailing,"Sailing Skiff (49er FX), Women",NA
1502482,Sara Tkadlecová,F,24,NA,NA,,,2024 Summer,2024,Summer,Paris,Sailing,"Sailing Skiff (49er FX), Women",NA
1502483,Hu Xiaoyu,F,24,NA,NA,,,2024 Summer,2024,Summer,Paris,Sailing,"Sailing Skiff (49er FX), Women",NA
1502484,Shan Mengyuan,F,23,NA,NA,,,2024 Summer,2024,Summer,Paris,Sailing,"Sailing Skiff (49er FX), Women",NA
1502485,Ellie Aldridge,F,27,NA,NA,GBR,GBR,2024 Summer,2024,Summer,Paris,Sailing,"Sailing Kiteboarding (Formula Kite), Women",Gold
1502486,Lauriane Nolot,F,25,NA,NA,FRA,FRA,2024 Summer,2024,Summer,Paris,Sailing,"Sailing Kiteboarding (Formula Kite), Women",Silver
1502487,Annelous Lammerts,F,30,NA,NA,NED,NED,2024 Summer,2024,Summer,Paris,Sailing,"Sailing Kiteboarding (Formula Kite), Women",Bronze
1502488,Daniela Moroz,F,23,NA,NA,USA,USA,2024 Summer,2024,Summer,Paris,Sailing,"Sailing Kiteboarding (Formula Kite), Women",NA
1502489,Leonie Meyer,F,31,NA,NA,GER,GER,2024 Summer,2024,Summer,Paris,Sailing,"Sailing Kiteboarding (Formula Kite), Women",NA
1502490,Elena Lengwiler,F,28,NA,NA,SUI,SUI,2024 Summer,2024,Summer,Paris,Sailing,"Sailing Kiteboarding (Formula Kite), Women",NA
1502491,Julia Damasiewicz,F,19,NA,NA,POL,POL,2024 Summer,2024,Summer,Paris,Sailing,"Sailing Kiteboarding (Formula Kite), Women",NA
1502492,Gal Zukerman,F,20,NA,NA,ISR,ISR,2024 Summer,2024,Summer,Paris,Sailing,"Sailing Kiteboarding (Formula Kite), Women",NA
1502493,Breiana Whitehead,F,24,NA,NA,AUS,AUS,2024 Summer,2024,Summer,Paris,Sailing,"Sailing Kiteboarding (Formula Kite), Women",NA
1502494,Maggie Pescetto,F,23,NA,NA,ITA,ITA,2024 Summer,2024,Summer,Paris,Sailing,"Sailing Kiteboarding (Formula Kite), Women",NA
1502495,Alina Kornelli,F,24,171.0,60.0,AUT,AUT,2024 Summer,2024,Summer,Paris,Sailing,"Sailing Kiteboarding (Formula Kite), Women",NA
1502496,Gisela Pulido,F,30,NA,NA,ESP,ESP,2024 Summer,2024,Summer,Paris,Sailing,"Sailing Kiteboarding (Formula Kite), Women",NA
1502497,Catalina Turienzo,F,18,NA,NA,ARG,ARG,2024 Summer,2024,Summer,Paris,Sailing,"Sailing Kiteboarding (Formula Kite), Women",NA
1502498,Mafalda Pires de Lima,F,26,163.0,67.0,POR,POR,2024 Summer,2024,Summer,Paris,Sailing,"Sailing Kiteboarding (Formula Kite), Women",NA
1502499,Chen Jingyue,F,23,NA,NA,CHN,CHN,2024 Summer,2024,Summer,Paris,Sailing,"Sailing Kiteboarding (Formula Kite), Women",NA
1502500,Derin Atakan,F,18,NA,NA,TUR,TUR,2024 Summer,2024,Summer,Paris,Sailing,"Sailing Kiteboarding (Formula Kite), Women",NA
1502501,Justina Kitchen,F,35,NA,NA,NZL,NZL,2024 Summer,2024,Summer,Paris,Sailing,"Sailing Kiteboarding (Formula Kite), Women",NA
1502502,Emily Bugeja,F,25,NA,NA,CAN,CAN,2024 Summer,2024,Summer,Paris,Sailing,"Sailing Kiteboarding (Formula Kite), Women",NA
1502503,Benyapa Jantawan,F,40,NA,NA,THA,THA,2024 Summer,2024,Summer,Paris,Sailing,"Sailing Kiteboarding (Formula Kite), Women",NA
1502504,Julie Paturau,F,23,NA,NA,MRI,MRI,2024 Summer,2024,Summer,Paris,Sailing,"Sailing Kiteboarding (Formula Kite), Women",NA
1502505,Ruggero Tita,M,32,174.0,71.0,,,2024 Summer,2024,Summer,Paris,Sailing,"Sailing Multihull (Nacra 17), Mixed",NA
1502506,Caterina Banti,F,37,NA,NA,,,2024 Summer,2024,Summer,Paris,Sailing,"Sailing Multihull (Nacra 17), Mixed",NA
1502507,Mateo Majdalani,M,30,NA,NA,,,2024 Summer,2024,Summer,Paris,Sailing,"Sailing Multihull (Nacra 17), Mixed",NA
1502508,Eugenia Bosco,F,27,NA,NA,,,2024 Summer,2024,Summer,Paris,Sailing,"Sailing Multihull (Nacra 17), Mixed",NA
1502509,Micah Wilkinson,M,28,173.0,NA,,,2024 Summer,2024,Summer,Paris,Sailing,"Sailing Multihull (Nacra 17), Mixed",NA
1502510,Erica Dawson,F,29,165.0,NA,,,2024 Summer,2024,Summer,Paris,Sailing,"Sailing Multihull (Nacra 17), Mixed",NA
1502511,John Gimson,M,41,NA,NA,,,2024 Summer,2024,Summer,Paris,Sailing,"Sailing Multihull (Nacra 17), Mixed",NA
1502512,Anna Burnet,F,31,NA,NA,,,2024 Summer,2024,Summer,Paris,Sailing,"Sailing Multihull (Nacra 17), Mixed",NA
1502513,Tim Mourniac,M,26,NA,NA,,,2024 Summer,2024,Summer,Paris,Sailing,"Sailing Multihull (Nacra 17), Mixed",NA
1502514,Lou Berthomieu,F,23,NA,NA,,,2024 Summer,2024,Summer,Paris,Sailing,"Sailing Multihull (Nacra 17), Mixed",NA
1502515,Laila van der Meer,F,24,NA,NA,,,2024 Summer,2024,Summer,Paris,Sailing,"Sailing Multihull (Nacra 17), Mixed",NA
1502516,Bjarne Bouwer,M,21,NA,NA,,,2024 Summer,2024,Summer,Paris,Sailing,"Sailing Multihull (Nacra 17), Mixed",NA
1502517,Sinem Kurtbay,F,33,NA,NA,,,2024 Summer,2024,Summer,Paris,Sailing,"Sailing Multihull (Nacra 17), Mixed",NA
1502518,Akseli Keskinen,M,24,NA,NA,,,2024 Summer,2024,Summer,Paris,Sailing,"Sailing Multihull (Nacra 17), Mixed",NA
1502519,Paul Kohlhoff,M,29,187.0,83.0,,,2024 Summer,2024,Summer,Paris,Sailing,"Sailing Multihull (Nacra 17), Mixed",NA
1502520,Alica Stuhlemmer,F,24,NA,NA,,,2024 Summer,2024,Summer,Paris,Sailing,"Sailing Multihull (Nacra 17), Mixed",NA
1502521,João Siemsen,M,32,NA,NA,,,2024 Summer,2024,Summer,Paris,Sailing,"Sailing Multihull (Nacra 17), Mixed",NA
1502522,Marina Arndt,F,23,NA,NA,,,2024 Summer,2024,Summer,Paris,Sailing,"Sailing Multihull (Nacra 17), Mixed",NA
1502523,Emil Järudd,M,26,NA,NA,,,2024 Summer,2024,Summer,Paris,Sailing,"Sailing Multihull (Nacra 17), Mixed",NA
1502524,Hanna Jonsson,F,25,NA,NA,,,2024 Summer,2024,Summer,Paris,Sailing,"Sailing Multihull (Nacra 17), Mixed",NA
1502525,Tara Pacheco,F,35,167.0,63.0,,,2024 Summer,2024,Summer,Paris,Sailing,"Sailing Multihull (Nacra 17), Mixed",NA
1502526,Andrés Barrio,M,24,NA,NA,,,2024 Summer,2024,Summer,Paris,Sailing,"Sailing Multihull (Nacra 17), Mixed",NA
1502527,Natacha Saouma-Pedersen,F,26,NA,NA,,,2024 Summer,2024,Summer,Paris,Sailing,"Sailing Multihull (Nacra 17), Mixed",NA
1502528,Mathias Bruun Borreskov,M,27,NA,NA,,,2024 Summer,2024,Summer,Paris,Sailing,"Sailing Multihull (Nacra 17), Mixed",NA
1502529,Brin Liddell,M,22,NA,NA,,,2024 Summer,2024,Summer,Paris,Sailing,"Sailing Multihull (Nacra 17), Mixed",NA
1502530,Rhiannan Brown,F,21,NA,NA,,,2024 Summer,2024,Summer,Paris,Sailing,"Sailing Multihull (Nacra 17), Mixed",NA
1502531,Mai Huicong,M,28,NA,NA,,,2024 Summer,2024,Summer,Paris,Sailing,"Sailing Multihull (Nacra 17), Mixed",NA
1502532,Chen Linlin,F,25,NA,NA,,,2024 Summer,2024,Summer,Paris,Sailing,"Sailing Multihull (Nacra 17), Mixed",NA
1502533,Lukas Haberl,M,25,NA,NA,,,2024 Summer,2024,Summer,Paris,Sailing,"Sailing Multihull (Nacra 17), Mixed",NA
1502534,Tanja Frank,F,31,167.0,57.0,,,2024 Summer,2024,Summer,Paris,Sailing,"Sailing Multihull (Nacra 17), Mixed",NA
1502535,Sarah Newberry-Moore,F,36,NA,NA,,,2024 Summer,2024,Summer,Paris,Sailing,"Sailing Multihull (Nacra 17), Mixed",NA
1502536,David Liebenberg,M,32,NA,NA,,,2024 Summer,2024,Summer,Paris,Sailing,"Sailing Multihull (Nacra 17), Mixed",NA
1502537,Shibuki Iitsuka,M,35,NA,NA,,,2024 Summer,2024,Summer,Paris,Sailing,"Sailing Multihull (Nacra 17), Mixed",NA
1502538,Nishida Oura,F,21,NA,NA,,,2024 Summer,2024,Summer,Paris,Sailing,"Sailing Multihull (Nacra 17), Mixed",NA
1502539,Alican Kaynar,M,35,191.0,98.0,,,2024 Summer,2024,Summer,Paris,Sailing,"Sailing Multihull (Nacra 17), Mixed",NA
1502540,Beste Kaynakçı,F,30,NA,NA,,,2024 Summer,2024,Summer,Paris,Sailing,"Sailing Multihull (Nacra 17), Mixed",NA
1502541,Lucas Claeyssens,M,20,NA,NA,,,2024 Summer,2024,Summer,Paris,Sailing,"Sailing Multihull (Nacra 17), Mixed",NA
1502542,Eline Verstraelen,F,22,NA,NA,,,2024 Summer,2024,Summer,Paris,Sailing,"Sailing Multihull (Nacra 17), Mixed",NA
1502543,Lara Vadlau,F,30,165.0,56.0,,,2024 Summer,2024,Summer,Paris,Sailing,"Sailing Two-Person Dinghy (470), Mixed",NA
1502544,Lukas Mähr,M,34,NA,NA,,,2024 Summer,2024,Summer,Paris,Sailing,"Sailing Two-Person Dinghy (470), Mixed",NA
1502545,Keiju Okada,M,28,NA,NA,,,2024 Summer,2024,Summer,Paris,Sailing,"Sailing Two-Person Dinghy (470), Mixed",NA
1502546,Miho Yoshioka,F,33,177.0,68.0,,,2024 Summer,2024,Summer,Paris,Sailing,"Sailing Two-Person Dinghy (470), Mixed",NA
1502547,Anton Dahlberg,M,39,182.0,71.0,,,2024 Summer,2024,Summer,Paris,Sailing,"Sailing Two-Person Dinghy (470), Mixed",NA
1502548,Lovisa Karlsson,F,29,NA,NA,,,2024 Summer,2024,Summer,Paris,Sailing,"Sailing Two-Person Dinghy (470), Mixed",NA
1502549,Jordi Xammar,M,30,176.0,63.0,,,2024 Summer,2024,Summer,Paris,Sailing,"Sailing Two-Person Dinghy (470), Mixed",NA
1502550,Nora Brugman,F,32,NA,NA,,,2024 Summer,2024,Summer,Paris,Sailing,"Sailing Two-Person Dinghy (470), Mixed",NA
1502551,Diogo Costa,M,26,169.0,64.0,,,2024 Summer,2024,Summer,Paris,Sailing,"Sailing Two-Person Dinghy (470), Mixed",NA
1502552,Carolina João,F,27,173.0,69.0,,,2024 Summer,2024,Summer,Paris,Sailing,"Sailing Two-Person Dinghy (470), Mixed",NA
1502553,Camille Lecointre,F,39,159.0,56.0,,,2024 Summer,2024,Summer,Paris,Sailing,"Sailing Two-Person Dinghy (470), Mixed",NA
1502554,Jérémie Mion,M,35,187.0,74.0,,,2024 Summer,2024,Summer,Paris,Sailing,"Sailing Two-Person Dinghy (470), Mixed",NA
1502555,Nitai Hasson,M,26,NA,NA,,,2024 Summer,2024,Summer,Paris,Sailing,"Sailing Two-Person Dinghy (470), Mixed",NA
1502556,Noa Lasry,F,25,NA,NA,,,2024 Summer,2024,Summer,Paris,Sailing,"Sailing Two-Person Dinghy (470), Mixed",NA
1502557,Yves Mermod,M,27,NA,NA,,,2024 Summer,2024,Summer,Paris,Sailing,"Sailing Two-Person Dinghy (470), Mixed",NA
1502558,Maja Siegenthaler,F,31,172.0,66.0,,,2024 Summer,2024,Summer,Paris,Sailing,"Sailing Two-Person Dinghy (470), Mixed",NA
1502559,Nia Jerwood,F,26,NA,NA,,,2024 Summer,2024,Summer,Paris,Sailing,"Sailing Two-Person Dinghy (470), Mixed",NA
1502560,Conor Nicholas,M,26,NA,NA,,,2024 Summer,2024,Summer,Paris,Sailing,"Sailing Two-Person Dinghy (470), Mixed",NA
1502561,Henrique Haddad,M,37,165.0,63.0,,,2024 Summer,2024,Summer,Paris,Sailing,"Sailing Two-Person Dinghy (470), Mixed",NA
1502562,Isabel Swan,F,40,181.0,69.0,,,2024 Summer,2024,Summer,Paris,Sailing,"Sailing Two-Person Dinghy (470), Mixed",NA
1502563,Vita Heathcote,F,23,NA,NA,,,2024 Summer,2024,Summer,Paris,Sailing,"Sailing Two-Person Dinghy (470), Mixed",NA
1502564,Chris Grube,M,39,194.0,72.0,,,2024 Summer,2024,Summer,Paris,Sailing,"Sailing Two-Person Dinghy (470), Mixed",NA
1502565,Ariadne Paraskevi Spanaki,F,23,160.0,53.0,,,2024 Summer,2024,Summer,Paris,Sailing,"Sailing Two-Person Dinghy (470), Mixed",NA
1502566,Odysseas Spanakis,M,21,NA,NA,,,2024 Summer,2024,Summer,Paris,Sailing,"Sailing Two-Person Dinghy (470), Mixed",NA
1502567,Stu McNay,M,42,171.0,65.0,,,2024 Summer,2024,Summer,Paris,Sailing,"Sailing Two-Person Dinghy (470), Mixed",NA
1502568,Lara Dallman-Weiss,F,35,NA,NA,,,2024 Summer,2024,Summer,Paris,Sailing,"Sailing Two-Person Dinghy (470), Mixed",NA
1502569,Simon Diesch,M,29,NA,NA,,,2024 Summer,2024,Summer,Paris,Sailing,"Sailing Two-Person Dinghy (470), Mixed",NA
1502570,Anna Markfort,F,31,NA,NA,,,2024 Summer,2024,Summer,Paris,Sailing,"Sailing Two-Person Dinghy (470), Mixed",NA
1502571,Elena Berta,F,32,171.0,58.0,,,2024 Summer,2024,Summer,Paris,Sailing,"Sailing Two-Person Dinghy (470), Mixed",NA
1502572,Bruno Festo,M,25,NA,NA,,,2024 Summer,2024,Summer,Paris,Sailing,"Sailing Two-Person Dinghy (470), Mixed",NA
1502573,Deniz Çınar,M,39,172.0,65.0,,,2024 Summer,2024,Summer,Paris,Sailing,"Sailing Two-Person Dinghy (470), Mixed",NA
1502574,Lara Nalbantoğlu,F,22,NA,NA,,,2024 Summer,2024,Summer,Paris,Sailing,"Sailing Two-Person Dinghy (470), Mixed",NA
1502575,Xu Zangjun,M,32,175.0,65.0,,,2024 Summer,2024,Summer,Paris,Sailing,"Sailing Two-Person Dinghy (470), Mixed",NA
1502576,Lv Yixiao,F,29,NA,NA,,,2024 Summer,2024,Summer,Paris,Sailing,"Sailing Two-Person Dinghy (470), Mixed",NA
1502577,Tina Mrak,F,36,165.0,62.0,,,2024 Summer,2024,Summer,Paris,Sailing,"Sailing Two-Person Dinghy (470), Mixed",NA
1502578,Jakob Božič,M,32,NA,NA,,,2024 Summer,2024,Summer,Paris,Sailing,"Sailing Two-Person Dinghy (470), Mixed",NA
1502579,Matias Montinho,M,34,167.0,68.0,,,2024 Summer,2024,Summer,Paris,Sailing,"Sailing Two-Person Dinghy (470), Mixed",NA
1502580,Manuela Paulo,F,22,NA,NA,,,2024 Summer,2024,Summer,Paris,Sailing,"Sailing Two-Person Dinghy (470), Mixed",NA
1502581,Ben Maher,M,37,183.0,68.0,GBR,GBR,2020 Summer,2020,Summer,Tokyo,Equestrian Jumping,"Equestrian Jumping Individual, Open",Gold
1502582,Peder Fredricson,M,48,189.0,80.0,SWE,SWE,2020 Summer,2020,Summer,Tokyo,Equestrian Jumping,"Equestrian Jumping Individual, Open",Silver
1502583,Maikel van der Vleuten,M,32,170.0,60.0,NED,NED,2020 Summer,2020,Summer,Tokyo,Equestrian Jumping,"Equestrian Jumping Individual, Open",Bronze
1502584,Henrik von Eckermann,M,39,186.0,77.0,SWE,SWE,2020 Summer,2020,Summer,Tokyo,Equestrian Jumping,"Equestrian Jumping Individual, Open",NA
1502585,Malin Baryard-Johnsson,F,45,172.0,52.0,SWE,SWE,2020 Summer,2020,Summer,Tokyo,Equestrian Jumping,"Equestrian Jumping Individual, Open",NA
1502586,Daisuke Fukushima,M,42,178.0,68.0,JPN,JPN,2020 Summer,2020,Summer,Tokyo,Equestrian Jumping,"Equestrian Jumping Individual, Open",NA
1502587,Cian O'Connor,M,40,176.0,74.0,IRL,IRL,2020 Summer,2020,Summer,Tokyo,Equestrian Jumping,"Equestrian Jumping Individual, Open",NA
1502588,Scott Brash,M,34,171.0,64.0,GBR,GBR,2020 Summer,2020,Summer,Tokyo,Equestrian Jumping,"Equestrian Jumping Individual, Open",NA
1502589,Grégory Wathelet,M,39,190.0,85.0,BEL,BEL,2020 Summer,2020,Summer,Tokyo,Equestrian Jumping,"Equestrian Jumping Individual, Open",NA
1502590,Luciana Diniz,F,49,176.0,55.0,POR,POR,2020 Summer,2020,Summer,Tokyo,Equestrian Jumping,"Equestrian Jumping Individual, Open",NA
1502591,Ashlee Bond,F,35,NA,NA,ISR,ISR,2020 Summer,2020,Summer,Tokyo,Equestrian Jumping,"Equestrian Jumping Individual, Open",NA
1502592,Nicolas Delmotte,M,41,NA,NA,FRA,FRA,2020 Summer,2020,Summer,Tokyo,Equestrian Jumping,"Equestrian Jumping Individual, Open",NA
1502593,Koki Saito,M,30,NA,NA,JPN,JPN,2020 Summer,2020,Summer,Tokyo,Equestrian Jumping,"Equestrian Jumping Individual, Open",NA
1502594,Jérôme Guéry,M,39,184.0,69.0,BEL,BEL,2020 Summer,2020,Summer,Tokyo,Equestrian Jumping,"Equestrian Jumping Individual, Open",NA
1502595,Bertram Allen,M,24,NA,NA,IRL,IRL,2020 Summer,2020,Summer,Tokyo,Equestrian Jumping,"Equestrian Jumping Individual, Open",NA
1502596,Martin Fuchs,M,28,184.0,71.0,SUI,SUI,2020 Summer,2020,Summer,Tokyo,Equestrian Jumping,"Equestrian Jumping Individual, Open",NA
1502597,Darragh Kenny,M,32,NA,NA,IRL,IRL,2020 Summer,2020,Summer,Tokyo,Equestrian Jumping,"Equestrian Jumping Individual, Open",NA
1502598,Daniel Deußer,M,38,190.0,76.0,GER,GER,2020 Summer,2020,Summer,Tokyo,Equestrian Jumping,"Equestrian Jumping Individual, Open",NA
1502599,Muhammad Tahir Zeyada,M,25,NA,NA,EGY,EGY,2020 Summer,2020,Summer,Tokyo,Equestrian Jumping,"Equestrian Jumping Individual, Open",NA
1502600,Yuri Mansur,M,41,179.0,67.0,BRA,BRA,2020 Summer,2020,Summer,Tokyo,Equestrian Jumping,"Equestrian Jumping Individual, Open",NA
1502601,Marc Houtzager,M,49,192.0,85.0,NED,NED,2020 Summer,2020,Summer,Tokyo,Equestrian Jumping,"Equestrian Jumping Individual, Open",NA
1502602,Mario Deslauriers,M,55,180.0,75.0,CAN,CAN,2020 Summer,2020,Summer,Tokyo,Equestrian Jumping,"Equestrian Jumping Individual, Open",NA
1502603,Kristaps Neretnieks,M,30,NA,NA,LAT,LAT,2020 Summer,2020,Summer,Tokyo,Equestrian Jumping,"Equestrian Jumping Individual, Open",NA
1502604,Nayel Nassar,M,29,NA,NA,EGY,EGY,2020 Summer,2020,Summer,Tokyo,Equestrian Jumping,"Equestrian Jumping Individual, Open",NA
1502605,Eiken Sato,M,34,164.0,55.0,JPN,JPN,2020 Summer,2020,Summer,Tokyo,Equestrian Jumping,"Equestrian Jumping Individual, Open",NA
1502606,Niels Bruynseels,M,36,NA,NA,BEL,BEL,2020 Summer,2020,Summer,Tokyo,Equestrian Jumping,"Equestrian Jumping Individual, Open",NA
1502607,Daniel Meech,M,46,174.0,70.0,NZL,NZL,2020 Summer,2020,Summer,Tokyo,Equestrian Jumping,"Equestrian Jumping Individual, Open",NA
1502608,Harry Charles,M,21,NA,NA,GBR,GBR,2020 Summer,2020,Summer,Tokyo,Equestrian Jumping,"Equestrian Jumping Individual, Open",NA
1502609,Geir Gulliksen,M,60,183.0,85.0,NOR,NOR,2020 Summer,2020,Summer,Tokyo,Equestrian Jumping,"Equestrian Jumping Individual, Open",NA
1502610,Beat Mändli,M,50,182.0,72.0,SUI,SUI,2020 Summer,2020,Summer,Tokyo,Equestrian Jumping,"Equestrian Jumping Individual, Open",NA
1502611,Eduardo Álvarez,M,36,173.0,67.0,ESP,ESP,2020 Summer,2020,Summer,Tokyo,Equestrian Jumping,"Equestrian Jumping Individual, Open",NA
1502612,Marlon Zanotelli,M,32,170.0,68.0,BRA,BRA,2020 Summer,2020,Summer,Tokyo,Equestrian Jumping,"Equestrian Jumping Individual, Open",NA
1502613,Steve Guerdat,M,38,182.0,70.0,SUI,SUI,2020 Summer,2020,Summer,Tokyo,Equestrian Jumping,"Equestrian Jumping Individual, Open",NA
1502614,Willem Greve,M,37,NA,NA,NED,NED,2020 Summer,2020,Summer,Tokyo,Equestrian Jumping,"Equestrian Jumping Individual, Open",NA
1502615,Andre Thieme,M,45,NA,NA,GER,GER,2020 Summer,2020,Summer,Tokyo,Equestrian Jumping,"Equestrian Jumping Individual, Open",NA
1502616,Jessica Springsteen,F,28,NA,NA,USA,USA,2020 Summer,2020,Summer,Tokyo,Equestrian Jumping,"Equestrian Jumping Individual, Open",NA
1502617,Aleš Opatrný,M,38,NA,NA,CZE,CZE,2020 Summer,2020,Summer,Tokyo,Equestrian Jumping,"Equestrian Jumping Individual, Open",NA
1502618,Samuel Parot,M,55,170.0,80.0,CHI,CHI,2020 Summer,2020,Summer,Tokyo,Equestrian Jumping,"Equestrian Jumping Individual, Open",NA
1502619,Edwina Tops-Alexander,F,46,164.0,50.0,AUS,AUS,2020 Summer,2020,Summer,Tokyo,Equestrian Jumping,"Equestrian Jumping Individual, Open",NA
1502620,Christian Kukuk,M,30,185.0,70.0,GER,GER,2020 Summer,2020,Summer,Tokyo,Equestrian Jumping,"Equestrian Jumping Individual, Open",NA
1502621,Kent Farrington,M,39,173.0,66.0,USA,USA,2020 Summer,2020,Summer,Tokyo,Equestrian Jumping,"Equestrian Jumping Individual, Open",NA
1502622,Teddy Vlock,M,22,NA,NA,ISR,ISR,2020 Summer,2020,Summer,Tokyo,Equestrian Jumping,"Equestrian Jumping Individual, Open",NA
1502623,Mathieu Billot,M,34,NA,NA,FRA,FRA,2020 Summer,2020,Summer,Tokyo,Equestrian Jumping,"Equestrian Jumping Individual, Open",NA
1502624,"José la Rocca, Jr.",M,51,187.0,83.0,ARG,ARG,2020 Summer,2020,Summer,Tokyo,Equestrian Jumping,"Equestrian Jumping Individual, Open",NA
1502625,Laura Kraut,F,54,168.0,58.0,USA,USA,2020 Summer,2020,Summer,Tokyo,Equestrian Jumping,"Equestrian Jumping Individual, Open",NA
1502626,Enrique González,M,56,176.0,77.0,MEX,MEX,2020 Summer,2020,Summer,Tokyo,Equestrian Jumping,"Equestrian Jumping Individual, Open",NA
1502627,Eugenio Garza,M,23,NA,NA,MEX,MEX,2020 Summer,2020,Summer,Tokyo,Equestrian Jumping,"Equestrian Jumping Individual, Open",NA
1502628,Emanuele Gaudiano,M,34,175.0,70.0,ITA,ITA,2020 Summer,2020,Summer,Tokyo,Equestrian Jumping,"Equestrian Jumping Individual, Open",NA
1502629,Andreas Schou,M,33,NA,NA,DEN,DEN,2020 Summer,2020,Summer,Tokyo,Equestrian Jumping,"Equestrian Jumping Individual, Open",NA
1502630,Roberto Terán,M,43,NA,NA,COL,COL,2020 Summer,2020,Summer,Tokyo,Equestrian Jumping,"Equestrian Jumping Individual, Open",NA
1502631,Jasmine Chen,F,31,NA,NA,TPE,TPE,2020 Summer,2020,Summer,Tokyo,Equestrian Jumping,"Equestrian Jumping Individual, Open",NA
1502632,Martín Dopazo,M,51,179.0,79.0,ARG,ARG,2020 Summer,2020,Summer,Tokyo,Equestrian Jumping,"Equestrian Jumping Individual, Open",NA
1502633,Li Zhenqiang,M,51,168.0,65.0,CHN,CHN,2020 Summer,2020,Summer,Tokyo,Equestrian Jumping,"Equestrian Jumping Individual, Open",NA
1502634,Pénélope Leprévost,F,39,175.0,55.0,FRA,FRA,2020 Summer,2020,Summer,Tokyo,Equestrian Jumping,"Equestrian Jumping Individual, Open",NA
1502635,Anna Kellnerová,F,23,NA,NA,CZE,CZE,2020 Summer,2020,Summer,Tokyo,Equestrian Jumping,"Equestrian Jumping Individual, Open",NA
1502636,Manuel González,M,26,NA,NA,MEX,MEX,2020 Summer,2020,Summer,Tokyo,Equestrian Jumping,"Equestrian Jumping Individual, Open",NA
1502637,Bruce Goodin,M,50,186.0,87.0,NZL,NZL,2020 Summer,2020,Summer,Tokyo,Equestrian Jumping,"Equestrian Jumping Individual, Open",NA
1502638,Oleksandr Prodan,M,22,NA,NA,UKR,UKR,2020 Summer,2020,Summer,Tokyo,Equestrian Jumping,"Equestrian Jumping Individual, Open",NA
1502639,Fabián Sejanes,M,50,NA,NA,ARG,ARG,2020 Summer,2020,Summer,Tokyo,Equestrian Jumping,"Equestrian Jumping Individual, Open",NA
1502640,El Ghali Boukaa,M,38,NA,NA,MAR,MAR,2020 Summer,2020,Summer,Tokyo,Equestrian Jumping,"Equestrian Jumping Individual, Open",NA
1502641,Héctor Florentino,M,47,NA,NA,DOM,DOM,2020 Summer,2020,Summer,Tokyo,Equestrian Jumping,"Equestrian Jumping Individual, Open",NA
1502642,Abdel Said,M,31,NA,NA,EGY,EGY,2020 Summer,2020,Summer,Tokyo,Equestrian Jumping,"Equestrian Jumping Individual, Open",NA
1502643,Abdelkebir Ouaddar,M,58,174.0,67.0,MAR,MAR,2020 Summer,2020,Summer,Tokyo,Equestrian Jumping,"Equestrian Jumping Individual, Open",NA
1502644,Uma O'Neill,F,25,NA,NA,NZL,NZL,2020 Summer,2020,Summer,Tokyo,Equestrian Jumping,"Equestrian Jumping Individual, Open",NA
1502645,Zhang Xingjia,M,21,NA,NA,CHN,CHN,2020 Summer,2020,Summer,Tokyo,Equestrian Jumping,"Equestrian Jumping Individual, Open",NA
1502646,Alberto Michán,M,41,173.0,70.0,ISR,ISR,2020 Summer,2020,Summer,Tokyo,Equestrian Jumping,"Equestrian Jumping Individual, Open",NA
1502647,Ali Al-Ahrach,M,36,NA,NA,MAR,MAR,2020 Summer,2020,Summer,Tokyo,Equestrian Jumping,"Equestrian Jumping Individual, Open",NA
1502648,Mathilda Karlsson,F,35,NA,NA,SRI,SRI,2020 Summer,2020,Summer,Tokyo,Equestrian Jumping,"Equestrian Jumping Individual, Open",NA
1502649,Ahmad Hamcho,M,27,168.0,72.0,SYR,SYR,2020 Summer,2020,Summer,Tokyo,Equestrian Jumping,"Equestrian Jumping Individual, Open",NA
1502650,Katie Laurie,F,34,174.0,65.0,AUS,AUS,2020 Summer,2020,Summer,Tokyo,Equestrian Jumping,"Equestrian Jumping Individual, Open",NA
1502651,Zhang You,M,19,NA,NA,CHN,CHN,2020 Summer,2020,Summer,Tokyo,Equestrian Jumping,"Equestrian Jumping Individual, Open",NA
1502652,Kamil Papoušek,M,43,NA,NA,CZE,CZE,2020 Summer,2020,Summer,Tokyo,Equestrian Jumping,"Equestrian Jumping Individual, Open",NA
1502653,Ibrahim Bisharat,M,36,175.0,66.0,JOR,JOR,2020 Summer,2020,Summer,Tokyo,Equestrian Jumping,"Equestrian Jumping Individual, Open",NA
1502654,Henrik von Eckermann,M,39,186.0,77.0,,,2020 Summer,2020,Summer,Tokyo,Equestrian Jumping,"Equestrian Jumping Team, Open",NA
1502655,Malin Baryard-Johnsson,F,45,172.0,52.0,,,2020 Summer,2020,Summer,Tokyo,Equestrian Jumping,"Equestrian Jumping Team, Open",NA
1502656,Peder Fredricson,M,48,189.0,80.0,,,2020 Summer,2020,Summer,Tokyo,Equestrian Jumping,"Equestrian Jumping Team, Open",NA
1502657,Rolf-Göran Bengtsson,M,58,171.0,67.0,,,2020 Summer,2020,Summer,Tokyo,Equestrian Jumping,"Equestrian Jumping Team, Open",NA
1502658,Laura Kraut,F,54,168.0,58.0,,,2020 Summer,2020,Summer,Tokyo,Equestrian Jumping,"Equestrian Jumping Team, Open",NA
1502659,Jessica Springsteen,F,28,NA,NA,,,2020 Summer,2020,Summer,Tokyo,Equestrian Jumping,"Equestrian Jumping Team, Open",NA
1502660,McLain Ward,M,44,176.0,70.0,,,2020 Summer,2020,Summer,Tokyo,Equestrian Jumping,"Equestrian Jumping Team, Open",NA
1502661,Kent Farrington,M,39,173.0,66.0,,,2020 Summer,2020,Summer,Tokyo,Equestrian Jumping,"Equestrian Jumping Team, Open",NA
1502662,Pieter Devos,M,34,NA,NA,,,2020 Summer,2020,Summer,Tokyo,Equestrian Jumping,"Equestrian Jumping Team, Open",NA
1502663,Jérôme Guéry,M,39,184.0,69.0,,,2020 Summer,2020,Summer,Tokyo,Equestrian Jumping,"Equestrian Jumping Team, Open",NA
1502664,Grégory Wathelet,M,39,190.0,85.0,,,2020 Summer,2020,Summer,Tokyo,Equestrian Jumping,"Equestrian Jumping Team, Open",NA
1502665,Niels Bruynseels,M,36,NA,NA,,,2020 Summer,2020,Summer,Tokyo,Equestrian Jumping,"Equestrian Jumping Team, Open",NA
1502666,Willem Greve,M,37,NA,NA,,,2020 Summer,2020,Summer,Tokyo,Equestrian Jumping,"Equestrian Jumping Team, Open",NA
1502667,Marc Houtzager,M,49,192.0,85.0,,,2020 Summer,2020,Summer,Tokyo,Equestrian Jumping,"Equestrian Jumping Team, Open",NA
1502668,Maikel van der Vleuten,M,32,170.0,60.0,,,2020 Summer,2020,Summer,Tokyo,Equestrian Jumping,"Equestrian Jumping Team, Open",NA
1502669,Harrie Smolders,M,40,183.0,75.0,,,2020 Summer,2020,Summer,Tokyo,Equestrian Jumping,"Equestrian Jumping Team, Open",NA
1502670,Martin Fuchs,M,28,184.0,71.0,,,2020 Summer,2020,Summer,Tokyo,Equestrian Jumping,"Equestrian Jumping Team, Open",NA
1502671,Bryan Balsiger,M,23,NA,NA,,,2020 Summer,2020,Summer,Tokyo,Equestrian Jumping,"Equestrian Jumping Team, Open",NA
1502672,Steve Guerdat,M,38,182.0,70.0,,,2020 Summer,2020,Summer,Tokyo,Equestrian Jumping,"Equestrian Jumping Team, Open",NA
1502673,Beat Mändli,M,50,182.0,72.0,,,2020 Summer,2020,Summer,Tokyo,Equestrian Jumping,"Equestrian Jumping Team, Open",NA
1502674,Marlon Zanotelli,M,32,170.0,68.0,,,2020 Summer,2020,Summer,Tokyo,Equestrian Jumping,"Equestrian Jumping Team, Open",NA
1502675,Pedro Veniss,M,37,181.0,66.0,,,2020 Summer,2020,Summer,Tokyo,Equestrian Jumping,"Equestrian Jumping Team, Open",NA
1502676,Rodrigo Pessoa,M,47,177.0,67.0,,,2020 Summer,2020,Summer,Tokyo,Equestrian Jumping,"Equestrian Jumping Team, Open",NA
1502677,Yuri Mansur,M,41,179.0,67.0,,,2020 Summer,2020,Summer,Tokyo,Equestrian Jumping,"Equestrian Jumping Team, Open",NA
1502678,Fabián Sejanes,M,50,NA,NA,,,2020 Summer,2020,Summer,Tokyo,Equestrian Jumping,"Equestrian Jumping Team, Open",NA
1502679,Martín Dopazo,M,51,179.0,79.0,,,2020 Summer,2020,Summer,Tokyo,Equestrian Jumping,"Equestrian Jumping Team, Open",NA
1502680,Matías Albarracín,M,40,174.0,65.0,,,2020 Summer,2020,Summer,Tokyo,Equestrian Jumping,"Equestrian Jumping Team, Open",NA
1502681,"José la Rocca, Jr.",M,51,187.0,83.0,,,2020 Summer,2020,Summer,Tokyo,Equestrian Jumping,"Equestrian Jumping Team, Open",NA
1502682,Simon Delestre,M,39,174.0,67.0,,,2020 Summer,2020,Summer,Tokyo,Equestrian Jumping,"Equestrian Jumping Team, Open",NA
1502683,Pénélope Leprévost,F,39,175.0,55.0,,,2020 Summer,2020,Summer,Tokyo,Equestrian Jumping,"Equestrian Jumping Team, Open",NA
1502684,Mathieu Billot,M,34,NA,NA,,,2020 Summer,2020,Summer,Tokyo,Equestrian Jumping,"Equestrian Jumping Team, Open",NA
1502685,Nicolas Delmotte,M,41,NA,NA,,,2020 Summer,2020,Summer,Tokyo,Equestrian Jumping,"Equestrian Jumping Team, Open",NA
1502686,Andre Thieme,M,45,NA,NA,,,2020 Summer,2020,Summer,Tokyo,Equestrian Jumping,"Equestrian Jumping Team, Open",NA
1502687,Maurice Tebbel,M,26,NA,NA,,,2020 Summer,2020,Summer,Tokyo,Equestrian Jumping,"Equestrian Jumping Team, Open",NA
1502688,Daniel Deußer,M,38,190.0,76.0,,,2020 Summer,2020,Summer,Tokyo,Equestrian Jumping,"Equestrian Jumping Team, Open",NA
1502689,Christian Kukuk,M,30,185.0,70.0,,,2020 Summer,2020,Summer,Tokyo,Equestrian Jumping,"Equestrian Jumping Team, Open",NA
1502690,Holly Smith,F,31,NA,NA,,,2020 Summer,2020,Summer,Tokyo,Equestrian Jumping,"Equestrian Jumping Team, Open",NA
1502691,Harry Charles,M,21,NA,NA,,,2020 Summer,2020,Summer,Tokyo,Equestrian Jumping,"Equestrian Jumping Team, Open",NA
1502692,Ben Maher,M,37,183.0,68.0,,,2020 Summer,2020,Summer,Tokyo,Equestrian Jumping,"Equestrian Jumping Team, Open",NA
1502693,Scott Brash,M,34,171.0,64.0,,,2020 Summer,2020,Summer,Tokyo,Equestrian Jumping,"Equestrian Jumping Team, Open",NA
1502694,Li Yaofeng,M,22,NA,NA,,,2020 Summer,2020,Summer,Tokyo,Equestrian Jumping,"Equestrian Jumping Team, Open",NA
1502695,Zhang Xingjia,M,21,NA,NA,,,2020 Summer,2020,Summer,Tokyo,Equestrian Jumping,"Equestrian Jumping Team, Open",NA
1502696,Li Zhenqiang,M,51,168.0,65.0,,,2020 Summer,2020,Summer,Tokyo,Equestrian Jumping,"Equestrian Jumping Team, Open",NA
1502697,Zhang You,M,19,NA,NA,,,2020 Summer,2020,Summer,Tokyo,Equestrian Jumping,"Equestrian Jumping Team, Open",NA
1502698,Ali Al-Ahrach,M,36,NA,NA,,,2020 Summer,2020,Summer,Tokyo,Equestrian Jumping,"Equestrian Jumping Team, Open",NA
1502699,El Ghali Boukaa,M,38,NA,NA,,,2020 Summer,2020,Summer,Tokyo,Equestrian Jumping,"Equestrian Jumping Team, Open",NA
1502700,Abdelkebir Ouaddar,M,58,174.0,67.0,,,2020 Summer,2020,Summer,Tokyo,Equestrian Jumping,"Equestrian Jumping Team, Open",NA
1502701,Bruce Goodin,M,50,186.0,87.0,,,2020 Summer,2020,Summer,Tokyo,Equestrian Jumping,"Equestrian Jumping Team, Open",NA
1502702,Tom Tarver-Priebe,M,34,NA,NA,,,2020 Summer,2020,Summer,Tokyo,Equestrian Jumping,"Equestrian Jumping Team, Open",NA
1502703,Daniel Meech,M,46,174.0,70.0,,,2020 Summer,2020,Summer,Tokyo,Equestrian Jumping,"Equestrian Jumping Team, Open",NA
1502704,Uma O'Neill,F,25,NA,NA,,,2020 Summer,2020,Summer,Tokyo,Equestrian Jumping,"Equestrian Jumping Team, Open",NA
1502705,Ondřej Zvára,M,36,NA,NA,,,2020 Summer,2020,Summer,Tokyo,Equestrian Jumping,"Equestrian Jumping Team, Open",NA
1502706,Anna Kellnerová,F,23,NA,NA,,,2020 Summer,2020,Summer,Tokyo,Equestrian Jumping,"Equestrian Jumping Team, Open",NA
1502707,Aleš Opatrný,M,38,NA,NA,,,2020 Summer,2020,Summer,Tokyo,Equestrian Jumping,"Equestrian Jumping Team, Open",NA
1502708,Kamil Papoušek,M,43,NA,NA,,,2020 Summer,2020,Summer,Tokyo,Equestrian Jumping,"Equestrian Jumping Team, Open",NA
1502709,Enrique González,M,56,176.0,77.0,,,2020 Summer,2020,Summer,Tokyo,Equestrian Jumping,"Equestrian Jumping Team, Open",NA
1502710,Eugenio Garza,M,23,NA,NA,,,2020 Summer,2020,Summer,Tokyo,Equestrian Jumping,"Equestrian Jumping Team, Open",NA
1502711,Patricio Pasquel,M,48,188.0,NA,,,2020 Summer,2020,Summer,Tokyo,Equestrian Jumping,"Equestrian Jumping Team, Open",NA
1502712,Manuel González,M,26,NA,NA,,,2020 Summer,2020,Summer,Tokyo,Equestrian Jumping,"Equestrian Jumping Team, Open",NA
1502713,Alberto Michán,M,41,173.0,70.0,,,2020 Summer,2020,Summer,Tokyo,Equestrian Jumping,"Equestrian Jumping Team, Open",NA
1502714,Teddy Vlock,M,22,NA,NA,,,2020 Summer,2020,Summer,Tokyo,Equestrian Jumping,"Equestrian Jumping Team, Open",NA
1502715,Ashlee Bond,F,35,NA,NA,,,2020 Summer,2020,Summer,Tokyo,Equestrian Jumping,"Equestrian Jumping Team, Open",NA
1502716,Daisuke Fukushima,M,42,178.0,68.0,,,2020 Summer,2020,Summer,Tokyo,Equestrian Jumping,"Equestrian Jumping Team, Open",NA
1502717,Koki Saito,M,30,NA,NA,,,2020 Summer,2020,Summer,Tokyo,Equestrian Jumping,"Equestrian Jumping Team, Open",NA
1502718,Eiken Sato,M,34,164.0,55.0,,,2020 Summer,2020,Summer,Tokyo,Equestrian Jumping,"Equestrian Jumping Team, Open",NA
1502719,Mike Kawai,M,22,NA,NA,,,2020 Summer,2020,Summer,Tokyo,Equestrian Jumping,"Equestrian Jumping Team, Open",NA
1502720,Shane Sweetnam,M,39,NA,NA,,,2020 Summer,2020,Summer,Tokyo,Equestrian Jumping,"Equestrian Jumping Team, Open",NA
1502721,Bertram Allen,M,24,NA,NA,,,2020 Summer,2020,Summer,Tokyo,Equestrian Jumping,"Equestrian Jumping Team, Open",NA
1502722,Darragh Kenny,M,32,NA,NA,,,2020 Summer,2020,Summer,Tokyo,Equestrian Jumping,"Equestrian Jumping Team, Open",NA
1502723,Nayel Nassar,M,29,NA,NA,,,2020 Summer,2020,Summer,Tokyo,Equestrian Jumping,"Equestrian Jumping Team, Open",NA
1502724,Mohamed Talaat,M,31,NA,NA,,,2020 Summer,2020,Summer,Tokyo,Equestrian Jumping,"Equestrian Jumping Team, Open",NA
1502725,Muhammad Tahir Zeyada,M,25,NA,NA,,,2020 Summer,2020,Summer,Tokyo,Equestrian Jumping,"Equestrian Jumping Team, Open",NA
1502726,Abdel Said,M,31,NA,NA,,,2020 Summer,2020,Summer,Tokyo,Equestrian Jumping,"Equestrian Jumping Team, Open",NA
1502727,Christian Kukuk,M,34,185.0,70.0,GER,GER,2024 Summer,2024,Summer,Paris,Equestrian Jumping,"Equestrian Jumping Individual, Open",Gold
1502728,Steve Guerdat,M,42,182.0,70.0,SUI,SUI,2024 Summer,2024,Summer,Paris,Equestrian Jumping,"Equestrian Jumping Individual, Open",Silver
1502729,Maikel van der Vleuten,M,36,170.0,60.0,NED,NED,2024 Summer,2024,Summer,Paris,Equestrian Jumping,"Equestrian Jumping Individual, Open",Bronze
1502730,Julien Epaillard,M,46,NA,NA,FRA,FRA,2024 Summer,2024,Summer,Paris,Equestrian Jumping,"Equestrian Jumping Individual, Open",NA
1502731,Stephan Barcha,M,34,171.0,70.0,BRA,BRA,2024 Summer,2024,Summer,Paris,Equestrian Jumping,"Equestrian Jumping Individual, Open",NA
1502732,Scott Brash,M,38,171.0,64.0,GBR,GBR,2024 Summer,2024,Summer,Paris,Equestrian Jumping,"Equestrian Jumping Individual, Open",NA
1502733,Max Kühner,M,50,NA,NA,AUT,AUT,2024 Summer,2024,Summer,Paris,Equestrian Jumping,"Equestrian Jumping Individual, Open",NA
1502734,Laura Kraut,F,58,168.0,58.0,USA,USA,2024 Summer,2024,Summer,Paris,Equestrian Jumping,"Equestrian Jumping Individual, Open",NA
1502735,Ben Maher,M,41,183.0,68.0,GBR,GBR,2024 Summer,2024,Summer,Paris,Equestrian Jumping,"Equestrian Jumping Individual, Open",NA
1502736,Martin Fuchs,M,32,184.0,71.0,SUI,SUI,2024 Summer,2024,Summer,Paris,Equestrian Jumping,"Equestrian Jumping Individual, Open",NA
1502737,Ramzy Al-Duhami,M,52,162.0,70.0,KSA,KSA,2024 Summer,2024,Summer,Paris,Equestrian Jumping,"Equestrian Jumping Individual, Open",NA
1502738,Philipp Weishaupt,M,38,NA,NA,GER,GER,2024 Summer,2024,Summer,Paris,Equestrian Jumping,"Equestrian Jumping Individual, Open",NA
1502739,Abdulrahman Al-Rajhi,M,29,NA,NA,KSA,KSA,2024 Summer,2024,Summer,Paris,Equestrian Jumping,"Equestrian Jumping Individual, Open",NA
1502740,Harrie Smolders,M,44,183.0,75.0,NED,NED,2024 Summer,2024,Summer,Paris,Equestrian Jumping,"Equestrian Jumping Individual, Open",NA
1502741,Grégory Wathelet,M,43,190.0,85.0,BEL,BEL,2024 Summer,2024,Summer,Paris,Equestrian Jumping,"Equestrian Jumping Individual, Open",NA
1502742,Karl Cook,M,33,NA,NA,USA,USA,2024 Summer,2024,Summer,Paris,Equestrian Jumping,"Equestrian Jumping Individual, Open",NA
1502743,Simon Delestre,M,43,174.0,67.0,FRA,FRA,2024 Summer,2024,Summer,Paris,Equestrian Jumping,"Equestrian Jumping Individual, Open",NA
1502744,Mario Deslauriers,M,59,180.0,75.0,CAN,CAN,2024 Summer,2024,Summer,Paris,Equestrian Jumping,"Equestrian Jumping Individual, Open",NA
1502745,Omar Al Marzooqi,M,21,169.0,80.0,UAE,UAE,2024 Summer,2024,Summer,Paris,Equestrian Jumping,"Equestrian Jumping Individual, Open",NA
1502746,Gilles Thomas,M,26,NA,NA,BEL,BEL,2024 Summer,2024,Summer,Paris,Equestrian Jumping,"Equestrian Jumping Individual, Open",NA
1502747,Emanuele Camilli,M,41,NA,NA,ITA,ITA,2024 Summer,2024,Summer,Paris,Equestrian Jumping,"Equestrian Jumping Individual, Open",NA
1502748,Shane Sweetnam,M,43,NA,NA,IRL,IRL,2024 Summer,2024,Summer,Paris,Equestrian Jumping,"Equestrian Jumping Individual, Open",NA
1502749,Kim Emmen,F,29,NA,NA,NED,NED,2024 Summer,2024,Summer,Paris,Equestrian Jumping,"Equestrian Jumping Individual, Open",NA
1502750,Victoria Gulliksen,F,32,NA,NA,NOR,NOR,2024 Summer,2024,Summer,Paris,Equestrian Jumping,"Equestrian Jumping Individual, Open",NA
1502751,"José la Rocca, Jr.",M,55,187.0,83.0,ARG,ARG,2024 Summer,2024,Summer,Paris,Equestrian Jumping,"Equestrian Jumping Individual, Open",NA
1502752,Andrés Azcárraga,M,31,NA,NA,MEX,MEX,2024 Summer,2024,Summer,Paris,Equestrian Jumping,"Equestrian Jumping Individual, Open",NA
1502753,Henrik von Eckermann,M,43,186.0,77.0,SWE,SWE,2024 Summer,2024,Summer,Paris,Equestrian Jumping,"Equestrian Jumping Individual, Open",NA
1502754,Rodrigo Pessoa,M,51,177.0,67.0,BRA,BRA,2024 Summer,2024,Summer,Paris,Equestrian Jumping,"Equestrian Jumping Individual, Open",NA
1502755,Daniel Coyle,M,29,NA,NA,IRL,IRL,2024 Summer,2024,Summer,Paris,Equestrian Jumping,"Equestrian Jumping Individual, Open",NA
1502756,Takashi Haase Shibayama,M,44,NA,NA,JPN,JPN,2024 Summer,2024,Summer,Paris,Equestrian Jumping,"Equestrian Jumping Individual, Open",NA
1502757,Harry Charles,M,25,NA,NA,GBR,GBR,2024 Summer,2024,Summer,Paris,Equestrian Jumping,"Equestrian Jumping Individual, Open",NA
1502758,Rolf-Göran Bengtsson,M,62,171.0,67.0,SWE,SWE,2024 Summer,2024,Summer,Paris,Equestrian Jumping,"Equestrian Jumping Individual, Open",NA
1502759,Cian O'Connor,M,44,176.0,74.0,IRL,IRL,2024 Summer,2024,Summer,Paris,Equestrian Jumping,"Equestrian Jumping Individual, Open",NA
1502760,McLain Ward,M,48,176.0,70.0,USA,USA,2024 Summer,2024,Summer,Paris,Equestrian Jumping,"Equestrian Jumping Individual, Open",NA
1502761,Jérôme Guéry,M,43,184.0,69.0,BEL,BEL,2024 Summer,2024,Summer,Paris,Equestrian Jumping,"Equestrian Jumping Individual, Open",NA
1502762,Katharina Rhomberg,F,31,NA,NA,AUT,AUT,2024 Summer,2024,Summer,Paris,Equestrian Jumping,"Equestrian Jumping Individual, Open",NA
1502763,Erynn Ballard,F,43,NA,NA,CAN,CAN,2024 Summer,2024,Summer,Paris,Equestrian Jumping,"Equestrian Jumping Individual, Open",NA
1502764,Olivier Perreau,M,38,NA,NA,FRA,FRA,2024 Summer,2024,Summer,Paris,Equestrian Jumping,"Equestrian Jumping Individual, Open",NA
1502765,Ismael García Roque,M,42,NA,NA,ESP,ESP,2024 Summer,2024,Summer,Paris,Equestrian Jumping,"Equestrian Jumping Individual, Open",NA
1502766,Eugenio Garza,M,27,NA,NA,MEX,MEX,2024 Summer,2024,Summer,Paris,Equestrian Jumping,"Equestrian Jumping Individual, Open",NA
1502767,Andreas Schou,M,37,NA,NA,DEN,DEN,2024 Summer,2024,Summer,Paris,Equestrian Jumping,"Equestrian Jumping Individual, Open",NA
1502768,Robin Muhr,M,29,NA,NA,ISR,ISR,2024 Summer,2024,Summer,Paris,Equestrian Jumping,"Equestrian Jumping Individual, Open",NA
1502769,Peder Fredricson,M,52,189.0,80.0,SWE,SWE,2024 Summer,2024,Summer,Paris,Equestrian Jumping,"Equestrian Jumping Individual, Open",NA
1502770,Hilary Scott,F,36,NA,NA,AUS,AUS,2024 Summer,2024,Summer,Paris,Equestrian Jumping,"Equestrian Jumping Individual, Open",NA
1502771,Edouard Schmitz,M,24,NA,NA,SUI,SUI,2024 Summer,2024,Summer,Paris,Equestrian Jumping,"Equestrian Jumping Individual, Open",NA
1502772,Khaled Al-Mobty,M,25,NA,NA,KSA,KSA,2024 Summer,2024,Summer,Paris,Equestrian Jumping,"Equestrian Jumping Individual, Open",NA
1502773,Edwina Tops-Alexander,F,50,164.0,50.0,AUS,AUS,2024 Summer,2024,Summer,Paris,Equestrian Jumping,"Equestrian Jumping Individual, Open",NA
1502774,Duarte Seabra,M,38,174.0,70.0,POR,POR,2024 Summer,2024,Summer,Paris,Equestrian Jumping,"Equestrian Jumping Individual, Open",NA
1502775,Federico Fernández,M,56,173.0,80.0,MEX,MEX,2024 Summer,2024,Summer,Paris,Equestrian Jumping,"Equestrian Jumping Individual, Open",NA
1502776,Tiffany Foster,F,39,164.0,50.0,CAN,CAN,2024 Summer,2024,Summer,Paris,Equestrian Jumping,"Equestrian Jumping Individual, Open",NA
1502777,Thaisa Erwin,F,43,NA,NA,AUS,AUS,2024 Summer,2024,Summer,Paris,Equestrian Jumping,"Equestrian Jumping Individual, Open",NA
1502778,Adam Grzegorzewski,M,26,NA,NA,POL,POL,2024 Summer,2024,Summer,Paris,Equestrian Jumping,"Equestrian Jumping Individual, Open",NA
1502779,Dawid Kubiak,M,37,NA,NA,POL,POL,2024 Summer,2024,Summer,Paris,Equestrian Jumping,"Equestrian Jumping Individual, Open",NA
1502780,Taizo Sugitani,M,48,170.0,63.0,JPN,JPN,2024 Summer,2024,Summer,Paris,Equestrian Jumping,"Equestrian Jumping Individual, Open",NA
1502781,Richard Vogel,M,27,NA,NA,GER,GER,2024 Summer,2024,Summer,Paris,Equestrian Jumping,"Equestrian Jumping Individual, Open",NA
1502782,Kristaps Neretnieks,M,34,NA,NA,LAT,LAT,2024 Summer,2024,Summer,Paris,Equestrian Jumping,"Equestrian Jumping Individual, Open",NA
1502783,Ioli Mytilineou,F,26,NA,NA,GRE,GRE,2024 Summer,2024,Summer,Paris,Equestrian Jumping,"Equestrian Jumping Individual, Open",NA
1502784,Maksymilian Wechta,M,31,NA,NA,POL,POL,2024 Summer,2024,Summer,Paris,Equestrian Jumping,"Equestrian Jumping Individual, Open",NA
1502785,Gerfried Puck,M,51,NA,NA,AUT,AUT,2024 Summer,2024,Summer,Paris,Equestrian Jumping,"Equestrian Jumping Individual, Open",NA
1502786,Sergio Álvarez,M,39,174.0,74.0,ESP,ESP,2024 Summer,2024,Summer,Paris,Equestrian Jumping,"Equestrian Jumping Individual, Open",NA
1502787,Salim Ahmed Al-Suwaidi,M,35,NA,NA,UAE,UAE,2024 Summer,2024,Summer,Paris,Equestrian Jumping,"Equestrian Jumping Individual, Open",NA
1502788,Yuri Mansur,M,45,179.0,67.0,BRA,BRA,2024 Summer,2024,Summer,Paris,Equestrian Jumping,"Equestrian Jumping Individual, Open",NA
1502789,Luis Fernando Larrazabal,M,31,NA,NA,VEN,VEN,2024 Summer,2024,Summer,Paris,Equestrian Jumping,"Equestrian Jumping Individual, Open",NA
1502790,Isabella Russekoff,F,24,NA,NA,ISR,ISR,2024 Summer,2024,Summer,Paris,Equestrian Jumping,"Equestrian Jumping Individual, Open",NA
1502791,Agustín Covarrubias,M,41,NA,NA,CHI,CHI,2024 Summer,2024,Summer,Paris,Equestrian Jumping,"Equestrian Jumping Individual, Open",NA
1502792,René López,M,60,168.0,70.0,COL,COL,2024 Summer,2024,Summer,Paris,Equestrian Jumping,"Equestrian Jumping Individual, Open",NA
1502793,Janakabhorn Karunayadhaj,F,26,NA,NA,THA,THA,2024 Summer,2024,Summer,Paris,Equestrian Jumping,"Equestrian Jumping Individual, Open",NA
1502794,Eduardo Álvarez,M,40,173.0,67.0,ESP,ESP,2024 Summer,2024,Summer,Paris,Equestrian Jumping,"Equestrian Jumping Individual, Open",NA
1502795,My Relander,F,25,NA,NA,EST,EST,2024 Summer,2024,Summer,Paris,Equestrian Jumping,"Equestrian Jumping Individual, Open",NA
1502796,Daniel Bluman,M,34,182.0,72.0,ISR,ISR,2024 Summer,2024,Summer,Paris,Equestrian Jumping,"Equestrian Jumping Individual, Open",NA
1502797,Eiken Sato,M,38,164.0,55.0,JPN,JPN,2024 Summer,2024,Summer,Paris,Equestrian Jumping,"Equestrian Jumping Individual, Open",NA
1502798,Andrius Petrovas,M,51,NA,NA,LTU,LTU,2024 Summer,2024,Summer,Paris,Equestrian Jumping,"Equestrian Jumping Individual, Open",NA
1502799,Abdullah Al-Marri,M,40,NA,NA,UAE,UAE,2024 Summer,2024,Summer,Paris,Equestrian Jumping,"Equestrian Jumping Individual, Open",NA
1502800,Amre Hamcho,M,29,NA,NA,SYR,SYR,2024 Summer,2024,Summer,Paris,Equestrian Jumping,"Equestrian Jumping Individual, Open",NA
1502801,Ben Maher,M,41,183.0,68.0,,,2024 Summer,2024,Summer,Paris,Equestrian Jumping,"Equestrian Jumping Team, Open",NA
1502802,Harry Charles,M,25,NA,NA,,,2024 Summer,2024,Summer,Paris,Equestrian Jumping,"Equestrian Jumping Team, Open",NA
1502803,Scott Brash,M,38,171.0,64.0,,,2024 Summer,2024,Summer,Paris,Equestrian Jumping,"Equestrian Jumping Team, Open",NA
1502804,Laura Kraut,F,58,168.0,58.0,,,2024 Summer,2024,Summer,Paris,Equestrian Jumping,"Equestrian Jumping Team, Open",NA
1502805,Karl Cook,M,33,NA,NA,,,2024 Summer,2024,Summer,Paris,Equestrian Jumping,"Equestrian Jumping Team, Open",NA
1502806,McLain Ward,M,48,176.0,70.0,,,2024 Summer,2024,Summer,Paris,Equestrian Jumping,"Equestrian Jumping Team, Open",NA
1502807,Simon Delestre,M,43,174.0,67.0,,,2024 Summer,2024,Summer,Paris,Equestrian Jumping,"Equestrian Jumping Team, Open",NA
1502808,Olivier Perreau,M,38,NA,NA,,,2024 Summer,2024,Summer,Paris,Equestrian Jumping,"Equestrian Jumping Team, Open",NA
1502809,Julien Epaillard,M,46,NA,NA,,,2024 Summer,2024,Summer,Paris,Equestrian Jumping,"Equestrian Jumping Team, Open",NA
1502810,Maikel van der Vleuten,M,36,170.0,60.0,,,2024 Summer,2024,Summer,Paris,Equestrian Jumping,"Equestrian Jumping Team, Open",NA
1502811,Kim Emmen,F,29,NA,NA,,,2024 Summer,2024,Summer,Paris,Equestrian Jumping,"Equestrian Jumping Team, Open",NA
1502812,Harrie Smolders,M,44,183.0,75.0,,,2024 Summer,2024,Summer,Paris,Equestrian Jumping,"Equestrian Jumping Team, Open",NA
1502813,Christian Kukuk,M,34,185.0,70.0,,,2024 Summer,2024,Summer,Paris,Equestrian Jumping,"Equestrian Jumping Team, Open",NA
1502814,Richard Vogel,M,27,NA,NA,,,2024 Summer,2024,Summer,Paris,Equestrian Jumping,"Equestrian Jumping Team, Open",NA
1502815,Philipp Weishaupt,M,38,NA,NA,,,2024 Summer,2024,Summer,Paris,Equestrian Jumping,"Equestrian Jumping Team, Open",NA
1502816,Henrik von Eckermann,M,43,186.0,77.0,,,2024 Summer,2024,Summer,Paris,Equestrian Jumping,"Equestrian Jumping Team, Open",NA
1502817,Rolf-Göran Bengtsson,M,62,171.0,67.0,,,2024 Summer,2024,Summer,Paris,Equestrian Jumping,"Equestrian Jumping Team, Open",NA
1502818,Peder Fredricson,M,52,189.0,80.0,,,2024 Summer,2024,Summer,Paris,Equestrian Jumping,"Equestrian Jumping Team, Open",NA
1502819,Shane Sweetnam,M,43,NA,NA,,,2024 Summer,2024,Summer,Paris,Equestrian Jumping,"Equestrian Jumping Team, Open",NA
1502820,Daniel Coyle,M,29,NA,NA,,,2024 Summer,2024,Summer,Paris,Equestrian Jumping,"Equestrian Jumping Team, Open",NA
1502821,Cian O'Connor,M,44,176.0,74.0,,,2024 Summer,2024,Summer,Paris,Equestrian Jumping,"Equestrian Jumping Team, Open",NA
1502822,Gilles Thomas,M,26,NA,NA,,,2024 Summer,2024,Summer,Paris,Equestrian Jumping,"Equestrian Jumping Team, Open",NA
1502823,Wilm Vermeir,M,45,NA,NA,,,2024 Summer,2024,Summer,Paris,Equestrian Jumping,"Equestrian Jumping Team, Open",NA
1502824,Jérôme Guéry,M,43,184.0,69.0,,,2024 Summer,2024,Summer,Paris,Equestrian Jumping,"Equestrian Jumping Team, Open",NA
1502825,Robin Muhr,M,29,NA,NA,,,2024 Summer,2024,Summer,Paris,Equestrian Jumping,"Equestrian Jumping Team, Open",NA
1502826,Ashlee Bond,F,39,NA,NA,,,2024 Summer,2024,Summer,Paris,Equestrian Jumping,"Equestrian Jumping Team, Open",NA
1502827,Daniel Bluman,M,34,182.0,72.0,,,2024 Summer,2024,Summer,Paris,Equestrian Jumping,"Equestrian Jumping Team, Open",NA
1502828,Carlos Hank Guerreiro,M,24,NA,NA,,,2024 Summer,2024,Summer,Paris,Equestrian Jumping,"Equestrian Jumping Team, Open",NA
1502829,Federico Fernández,M,56,173.0,80.0,,,2024 Summer,2024,Summer,Paris,Equestrian Jumping,"Equestrian Jumping Team, Open",NA
1502830,Eugenio Garza,M,27,NA,NA,,,2024 Summer,2024,Summer,Paris,Equestrian Jumping,"Equestrian Jumping Team, Open",NA
1502831,Ismael García Roque,M,42,NA,NA,,,2024 Summer,2024,Summer,Paris,Equestrian Jumping,"Equestrian Jumping Team, Open",NA
1502832,Sergio Álvarez,M,39,174.0,74.0,,,2024 Summer,2024,Summer,Paris,Equestrian Jumping,"Equestrian Jumping Team, Open",NA
1502833,Eduardo Álvarez,M,40,173.0,67.0,,,2024 Summer,2024,Summer,Paris,Equestrian Jumping,"Equestrian Jumping Team, Open",NA
1502834,Steve Guerdat,M,42,182.0,70.0,,,2024 Summer,2024,Summer,Paris,Equestrian Jumping,"Equestrian Jumping Team, Open",NA
1502835,Pius Schwizer,M,61,175.0,65.0,,,2024 Summer,2024,Summer,Paris,Equestrian Jumping,"Equestrian Jumping Team, Open",NA
1502836,Martin Fuchs,M,32,184.0,71.0,,,2024 Summer,2024,Summer,Paris,Equestrian Jumping,"Equestrian Jumping Team, Open",NA
1502837,Katharina Rhomberg,F,31,NA,NA,,,2024 Summer,2024,Summer,Paris,Equestrian Jumping,"Equestrian Jumping Team, Open",NA
1502838,Gerfried Puck,M,51,NA,NA,,,2024 Summer,2024,Summer,Paris,Equestrian Jumping,"Equestrian Jumping Team, Open",NA
1502839,Max Kühner,M,50,NA,NA,,,2024 Summer,2024,Summer,Paris,Equestrian Jumping,"Equestrian Jumping Team, Open",NA
1502840,Mario Deslauriers,M,59,180.0,75.0,,,2024 Summer,2024,Summer,Paris,Equestrian Jumping,"Equestrian Jumping Team, Open",NA
1502841,Erynn Ballard,F,43,NA,NA,,,2024 Summer,2024,Summer,Paris,Equestrian Jumping,"Equestrian Jumping Team, Open",NA
1502842,Amy Millar,F,47,183.0,59.0,,,2024 Summer,2024,Summer,Paris,Equestrian Jumping,"Equestrian Jumping Team, Open",NA
1502843,Hilary Scott,F,36,NA,NA,,,2024 Summer,2024,Summer,Paris,Equestrian Jumping,"Equestrian Jumping Team, Open",NA
1502844,Thaisa Erwin,F,43,NA,NA,,,2024 Summer,2024,Summer,Paris,Equestrian Jumping,"Equestrian Jumping Team, Open",NA
1502845,Edwina Tops-Alexander,F,50,164.0,50.0,,,2024 Summer,2024,Summer,Paris,Equestrian Jumping,"Equestrian Jumping Team, Open",NA
1502846,Taizo Sugitani,M,48,170.0,63.0,,,2024 Summer,2024,Summer,Paris,Equestrian Jumping,"Equestrian Jumping Team, Open",NA
1502847,Takashi Haase Shibayama,M,44,NA,NA,,,2024 Summer,2024,Summer,Paris,Equestrian Jumping,"Equestrian Jumping Team, Open",NA
1502848,Eiken Sato,M,38,164.0,55.0,,,2024 Summer,2024,Summer,Paris,Equestrian Jumping,"Equestrian Jumping Team, Open",NA
1502849,Adam Grzegorzewski,M,26,NA,NA,,,2024 Summer,2024,Summer,Paris,Equestrian Jumping,"Equestrian Jumping Team, Open",NA
1502850,Dawid Kubiak,M,37,NA,NA,,,2024 Summer,2024,Summer,Paris,Equestrian Jumping,"Equestrian Jumping Team, Open",NA
1502851,Maksymilian Wechta,M,31,NA,NA,,,2024 Summer,2024,Summer,Paris,Equestrian Jumping,"Equestrian Jumping Team, Open",NA
1502852,Omar Al Marzooqi,M,21,169.0,80.0,,,2024 Summer,2024,Summer,Paris,Equestrian Jumping,"Equestrian Jumping Team, Open",NA
1502853,Ali Hamad Al-Kirbi,M,23,NA,NA,,,2024 Summer,2024,Summer,Paris,Equestrian Jumping,"Equestrian Jumping Team, Open",NA
1502854,Abdullah Al-Marri,M,40,NA,NA,,,2024 Summer,2024,Summer,Paris,Equestrian Jumping,"Equestrian Jumping Team, Open",NA
1502855,Abdulrahman Al-Rajhi,M,29,NA,NA,,,2024 Summer,2024,Summer,Paris,Equestrian Jumping,"Equestrian Jumping Team, Open",NA
1502856,Khaled Al-Mobty,M,25,NA,NA,,,2024 Summer,2024,Summer,Paris,Equestrian Jumping,"Equestrian Jumping Team, Open",NA
1502857,Ramzy Al-Duhami,M,52,162.0,70.0,,,2024 Summer,2024,Summer,Paris,Equestrian Jumping,"Equestrian Jumping Team, Open",NA
1502858,Pedro Veniss,M,41,181.0,66.0,,,2024 Summer,2024,Summer,Paris,Equestrian Jumping,"Equestrian Jumping Team, Open",NA
1502859,Stephan Barcha,M,34,171.0,70.0,,,2024 Summer,2024,Summer,Paris,Equestrian Jumping,"Equestrian Jumping Team, Open",NA
1502860,Rodrigo Pessoa,M,51,177.0,67.0,,,2024 Summer,2024,Summer,Paris,Equestrian Jumping,"Equestrian Jumping Team, Open",NA
1502861,Julia Krajewski,F,31,168.0,65.0,GER,GER,2020 Summer,2020,Summer,Tokyo,Equestrian Eventing,"Equestrian Eventing Individual, Open",Gold
1502862,Tom McEwen,M,29,NA,NA,GBR,GBR,2020 Summer,2020,Summer,Tokyo,Equestrian Eventing,"Equestrian Eventing Individual, Open",Silver
1502863,Andrew Hoy,M,61,172.0,63.0,AUS,AUS,2020 Summer,2020,Summer,Tokyo,Equestrian Eventing,"Equestrian Eventing Individual, Open",Bronze
1502864,Kazuma Tomoto,M,37,NA,NA,JPN,JPN,2020 Summer,2020,Summer,Tokyo,Equestrian Eventing,"Equestrian Eventing Individual, Open",NA
1502865,Oliver Townend,M,37,NA,NA,GBR,GBR,2020 Summer,2020,Summer,Tokyo,Equestrian Eventing,"Equestrian Eventing Individual, Open",NA
1502866,Nicolas Touzaint,M,40,174.0,60.0,FRA,FRA,2020 Summer,2020,Summer,Tokyo,Equestrian Eventing,"Equestrian Eventing Individual, Open",NA
1502867,Christopher Six,M,34,NA,NA,FRA,FRA,2020 Summer,2020,Summer,Tokyo,Equestrian Eventing,"Equestrian Eventing Individual, Open",NA
1502868,Michael Jung,M,37,168.0,70.0,GER,GER,2020 Summer,2020,Summer,Tokyo,Equestrian Eventing,"Equestrian Eventing Individual, Open",NA
1502869,Laura Collett,F,30,NA,NA,GBR,GBR,2020 Summer,2020,Summer,Tokyo,Equestrian Eventing,"Equestrian Eventing Individual, Open",NA
1502870,Shane Rose,M,47,181.0,80.0,AUS,AUS,2020 Summer,2020,Summer,Tokyo,Equestrian Eventing,"Equestrian Eventing Individual, Open",NA
1502871,Jonelle Richards-Price,F,39,162.0,57.0,NZL,NZL,2020 Summer,2020,Summer,Tokyo,Equestrian Eventing,"Equestrian Eventing Individual, Open",NA
1502872,Karim Laghouag,M,44,177.0,70.0,FRA,FRA,2020 Summer,2020,Summer,Tokyo,Equestrian Eventing,"Equestrian Eventing Individual, Open",NA
1502873,Austin O'Connor,M,45,170.0,70.0,IRL,IRL,2020 Summer,2020,Summer,Tokyo,Equestrian Eventing,"Equestrian Eventing Individual, Open",NA
1502874,Kevin McNab,M,42,NA,NA,AUS,AUS,2020 Summer,2020,Summer,Tokyo,Equestrian Eventing,"Equestrian Eventing Individual, Open",NA
1502875,Lea Siegl,F,21,NA,NA,AUT,AUT,2020 Summer,2020,Summer,Tokyo,Equestrian Eventing,"Equestrian Eventing Individual, Open",NA
1502876,Doug Payne,M,38,NA,NA,USA,USA,2020 Summer,2020,Summer,Tokyo,Equestrian Eventing,"Equestrian Eventing Individual, Open",NA
1502877,Melody Johner,F,36,NA,NA,SUI,SUI,2020 Summer,2020,Summer,Tokyo,Equestrian Eventing,"Equestrian Eventing Individual, Open",NA
1502878,Susanna Bordone,F,38,160.0,46.0,ITA,ITA,2020 Summer,2020,Summer,Tokyo,Equestrian Eventing,"Equestrian Eventing Individual, Open",NA
1502879,Felix Vogg,M,30,180.0,68.0,SUI,SUI,2020 Summer,2020,Summer,Tokyo,Equestrian Eventing,"Equestrian Eventing Individual, Open",NA
1502880,Boyd Martin,M,40,188.0,79.0,USA,USA,2020 Summer,2020,Summer,Tokyo,Equestrian Eventing,"Equestrian Eventing Individual, Open",NA
1502881,Phillip Dutton,M,56,168.0,68.0,USA,USA,2020 Summer,2020,Summer,Tokyo,Equestrian Eventing,"Equestrian Eventing Individual, Open",NA
1502882,Jesse Campbell,M,30,198.0,NA,NZL,NZL,2020 Summer,2020,Summer,Tokyo,Equestrian Eventing,"Equestrian Eventing Individual, Open",NA
1502883,Fouaad Mirza,M,28,NA,NA,IND,IND,2020 Summer,2020,Summer,Tokyo,Equestrian Eventing,"Equestrian Eventing Individual, Open",NA
1502884,Tim Price,M,41,189.0,75.0,NZL,NZL,2020 Summer,2020,Summer,Tokyo,Equestrian Eventing,"Equestrian Eventing Individual, Open",NA
1502885,Alex Hua,M,30,190.0,70.0,CHN,CHN,2020 Summer,2020,Summer,Tokyo,Equestrian Eventing,"Equestrian Eventing Individual, Open",NA
1502886,Arianna Schivo,F,33,158.0,47.0,ITA,ITA,2020 Summer,2020,Summer,Tokyo,Equestrian Eventing,"Equestrian Eventing Individual, Open",NA
1502887,Vittoria Panizzon,F,36,168.0,58.0,ITA,ITA,2020 Summer,2020,Summer,Tokyo,Equestrian Eventing,"Equestrian Eventing Individual, Open",NA
1502888,Colleen Loach,F,37,179.0,61.0,CAN,CAN,2020 Summer,2020,Summer,Tokyo,Equestrian Eventing,"Equestrian Eventing Individual, Open",NA
1502889,Jan Kamiński,M,27,NA,NA,POL,POL,2020 Summer,2020,Summer,Tokyo,Equestrian Eventing,"Equestrian Eventing Individual, Open",NA
1502890,Sam Watson,M,34,NA,NA,IRL,IRL,2020 Summer,2020,Summer,Tokyo,Equestrian Eventing,"Equestrian Eventing Individual, Open",NA
1502891,Sandra Auffarth,F,33,170.0,57.0,GER,GER,2020 Summer,2020,Summer,Tokyo,Equestrian Eventing,"Equestrian Eventing Individual, Open",NA
1502892,Carlos Parro,M,41,179.0,76.0,BRA,BRA,2020 Summer,2020,Summer,Tokyo,Equestrian Eventing,"Equestrian Eventing Individual, Open",NA
1502893,"Miloslav Příhoda, Jr.",M,30,NA,NA,CZE,CZE,2020 Summer,2020,Summer,Tokyo,Equestrian Eventing,"Equestrian Eventing Individual, Open",NA
1502894,Toshiyuki Tanaka,M,35,170.0,65.0,JPN,JPN,2020 Summer,2020,Summer,Tokyo,Equestrian Eventing,"Equestrian Eventing Individual, Open",NA
1502895,Bao Yingfeng,M,32,NA,NA,CHN,CHN,2020 Summer,2020,Summer,Tokyo,Equestrian Eventing,"Equestrian Eventing Individual, Open",NA
1502896,Sarah Ennis,F,45,NA,NA,IRL,IRL,2020 Summer,2020,Summer,Tokyo,Equestrian Eventing,"Equestrian Eventing Individual, Open",NA
1502897,Sun Huadong,M,29,NA,NA,CHN,CHN,2020 Summer,2020,Summer,Tokyo,Equestrian Eventing,"Equestrian Eventing Individual, Open",NA
1502898,Andrey Mitin,M,50,174.0,80.0,ROC,ROC,2020 Summer,2020,Summer,Tokyo,Equestrian Eventing,"Equestrian Eventing Individual, Open",NA
1502899,Miroslav Trunda,M,35,NA,NA,CZE,CZE,2020 Summer,2020,Summer,Tokyo,Equestrian Eventing,"Equestrian Eventing Individual, Open",NA
1502900,Peter Flarup,M,44,170.0,56.0,DEN,DEN,2020 Summer,2020,Summer,Tokyo,Equestrian Eventing,"Equestrian Eventing Individual, Open",NA
1502901,Nicolás Wettstein,M,39,171.0,71.0,ECU,ECU,2020 Summer,2020,Summer,Tokyo,Equestrian Eventing,"Equestrian Eventing Individual, Open",NA
1502902,Thomas Heffernan Ho,M,31,NA,NA,HKG,HKG,2020 Summer,2020,Summer,Tokyo,Equestrian Eventing,"Equestrian Eventing Individual, Open",NA
1502903,Mikhail Nastenko,M,53,178.0,71.0,ROC,ROC,2020 Summer,2020,Summer,Tokyo,Equestrian Eventing,"Equestrian Eventing Individual, Open",NA
1502904,Francisco Gavino,M,23,169.0,63.0,ESP,ESP,2020 Summer,2020,Summer,Tokyo,Equestrian Eventing,"Equestrian Eventing Individual, Open",NA
1502905,Joanna Pawlak,F,29,NA,NA,POL,POL,2020 Summer,2020,Summer,Tokyo,Equestrian Eventing,"Equestrian Eventing Individual, Open",NA
1502906,Marcelo Tosi,M,50,180.0,73.0,BRA,BRA,2020 Summer,2020,Summer,Tokyo,Equestrian Eventing,"Equestrian Eventing Individual, Open",NA
1502907,Aliaksandr Zelianko,M,43,182.0,72.0,BLR,BLR,2020 Summer,2020,Summer,Tokyo,Equestrian Eventing,"Equestrian Eventing Individual, Open",NA
1502908,Victoria Scott-Legendre,F,31,NA,NA,RSA,RSA,2020 Summer,2020,Summer,Tokyo,Equestrian Eventing,"Equestrian Eventing Individual, Open",NA
1502909,Rafael Losano,M,22,184.0,70.0,BRA,BRA,2020 Summer,2020,Summer,Tokyo,Equestrian Eventing,"Equestrian Eventing Individual, Open",NA
1502910,Robin Godel,M,21,NA,NA,SUI,SUI,2020 Summer,2020,Summer,Tokyo,Equestrian Eventing,"Equestrian Eventing Individual, Open",NA
1502911,Arinadtha Chavatanont,F,27,NA,NA,THA,THA,2020 Summer,2020,Summer,Tokyo,Equestrian Eventing,"Equestrian Eventing Individual, Open",NA
1502912,Therese Viklund,F,33,NA,NA,SWE,SWE,2020 Summer,2020,Summer,Tokyo,Equestrian Eventing,"Equestrian Eventing Individual, Open",NA
1502913,Lauren Billys,F,32,161.0,59.0,PUR,PUR,2020 Summer,2020,Summer,Tokyo,Equestrian Eventing,"Equestrian Eventing Individual, Open",NA
1502914,Weerapat Pitakanonda,M,36,NA,NA,THA,THA,2020 Summer,2020,Summer,Tokyo,Equestrian Eventing,"Equestrian Eventing Individual, Open",NA
1502915,Małgorzata Cybulska,F,22,NA,NA,POL,POL,2020 Summer,2020,Summer,Tokyo,Equestrian Eventing,"Equestrian Eventing Individual, Open",NA
1502916,Louise Romeike,F,29,NA,NA,SWE,SWE,2020 Summer,2020,Summer,Tokyo,Equestrian Eventing,"Equestrian Eventing Individual, Open",NA
1502917,Janneke Boonzaaijer,F,23,NA,NA,NED,NED,2020 Summer,2020,Summer,Tokyo,Equestrian Eventing,"Equestrian Eventing Individual, Open",NA
1502918,Merel Blom,F,33,171.0,60.0,NED,NED,2020 Summer,2020,Summer,Tokyo,Equestrian Eventing,"Equestrian Eventing Individual, Open",NA
1502919,Korntawat Samran,M,22,NA,NA,THA,THA,2020 Summer,2020,Summer,Tokyo,Equestrian Eventing,"Equestrian Eventing Individual, Open",NA
1502920,Yoshiaki Oiwa,M,43,170.0,67.0,JPN,JPN,2020 Summer,2020,Summer,Tokyo,Equestrian Eventing,"Equestrian Eventing Individual, Open",NA
1502921,Lara de Liedekerke-Meier,F,32,NA,NA,BEL,BEL,2020 Summer,2020,Summer,Tokyo,Equestrian Eventing,"Equestrian Eventing Individual, Open",NA
1502922,Ludwig Svennerstål,M,29,184.0,72.0,SWE,SWE,2020 Summer,2020,Summer,Tokyo,Equestrian Eventing,"Equestrian Eventing Individual, Open",NA
1502923,Katrin Khoddam Hazrati,F,33,NA,NA,AUT,AUT,2020 Summer,2020,Summer,Tokyo,Equestrian Eventing,"Equestrian Eventing Individual, Open",NA
1502924,Tom McEwen,M,29,NA,NA,,,2020 Summer,2020,Summer,Tokyo,Equestrian Eventing,"Equestrian Eventing Team, Open",NA
1502925,Laura Collett,F,30,NA,NA,,,2020 Summer,2020,Summer,Tokyo,Equestrian Eventing,"Equestrian Eventing Team, Open",NA
1502926,Oliver Townend,M,37,NA,NA,,,2020 Summer,2020,Summer,Tokyo,Equestrian Eventing,"Equestrian Eventing Team, Open",NA
1502927,Ros Canter,F,34,NA,NA,,,2020 Summer,2020,Summer,Tokyo,Equestrian Eventing,"Equestrian Eventing Team, Open",NA
1502928,Kevin McNab,M,42,NA,NA,,,2020 Summer,2020,Summer,Tokyo,Equestrian Eventing,"Equestrian Eventing Team, Open",NA
1502929,Shane Rose,M,47,181.0,80.0,,,2020 Summer,2020,Summer,Tokyo,Equestrian Eventing,"Equestrian Eventing Team, Open",NA
1502930,Andrew Hoy,M,61,172.0,63.0,,,2020 Summer,2020,Summer,Tokyo,Equestrian Eventing,"Equestrian Eventing Team, Open",NA
1502931,Stuart Tinney,M,55,180.0,71.0,,,2020 Summer,2020,Summer,Tokyo,Equestrian Eventing,"Equestrian Eventing Team, Open",NA
1502932,Nicolas Touzaint,M,40,174.0,60.0,,,2020 Summer,2020,Summer,Tokyo,Equestrian Eventing,"Equestrian Eventing Team, Open",NA
1502933,Karim Laghouag,M,44,177.0,70.0,,,2020 Summer,2020,Summer,Tokyo,Equestrian Eventing,"Equestrian Eventing Team, Open",NA
1502934,Christopher Six,M,34,NA,NA,,,2020 Summer,2020,Summer,Tokyo,Equestrian Eventing,"Equestrian Eventing Team, Open",NA
1502935,Sandra Auffarth,F,33,170.0,57.0,,,2020 Summer,2020,Summer,Tokyo,Equestrian Eventing,"Equestrian Eventing Team, Open",NA
1502936,Michael Jung,M,37,168.0,70.0,,,2020 Summer,2020,Summer,Tokyo,Equestrian Eventing,"Equestrian Eventing Team, Open",NA
1502937,Julia Krajewski,F,31,168.0,65.0,,,2020 Summer,2020,Summer,Tokyo,Equestrian Eventing,"Equestrian Eventing Team, Open",NA
1502938,Andreas Dibowski,M,54,181.0,73.0,,,2020 Summer,2020,Summer,Tokyo,Equestrian Eventing,"Equestrian Eventing Team, Open",NA
1502939,Jesse Campbell,M,30,198.0,NA,,,2020 Summer,2020,Summer,Tokyo,Equestrian Eventing,"Equestrian Eventing Team, Open",NA
1502940,Jonelle Richards-Price,F,39,162.0,57.0,,,2020 Summer,2020,Summer,Tokyo,Equestrian Eventing,"Equestrian Eventing Team, Open",NA
1502941,Tim Price,M,41,189.0,75.0,,,2020 Summer,2020,Summer,Tokyo,Equestrian Eventing,"Equestrian Eventing Team, Open",NA
1502942,Bundy Philpott,F,37,NA,NA,,,2020 Summer,2020,Summer,Tokyo,Equestrian Eventing,"Equestrian Eventing Team, Open",NA
1502943,Doug Payne,M,38,NA,NA,,,2020 Summer,2020,Summer,Tokyo,Equestrian Eventing,"Equestrian Eventing Team, Open",NA
1502944,Phillip Dutton,M,56,168.0,68.0,,,2020 Summer,2020,Summer,Tokyo,Equestrian Eventing,"Equestrian Eventing Team, Open",NA
1502945,Boyd Martin,M,40,188.0,79.0,,,2020 Summer,2020,Summer,Tokyo,Equestrian Eventing,"Equestrian Eventing Team, Open",NA
1502946,Tamra Smith,F,45,NA,NA,,,2020 Summer,2020,Summer,Tokyo,Equestrian Eventing,"Equestrian Eventing Team, Open",NA
1502947,Arianna Schivo,F,33,158.0,47.0,,,2020 Summer,2020,Summer,Tokyo,Equestrian Eventing,"Equestrian Eventing Team, Open",NA
1502948,Susanna Bordone,F,38,160.0,46.0,,,2020 Summer,2020,Summer,Tokyo,Equestrian Eventing,"Equestrian Eventing Team, Open",NA
1502949,Vittoria Panizzon,F,36,168.0,58.0,,,2020 Summer,2020,Summer,Tokyo,Equestrian Eventing,"Equestrian Eventing Team, Open",NA
1502950,Stefano Brecciaroli,M,45,177.0,71.0,,,2020 Summer,2020,Summer,Tokyo,Equestrian Eventing,"Equestrian Eventing Team, Open",NA
1502951,Sarah Ennis,F,45,NA,NA,,,2020 Summer,2020,Summer,Tokyo,Equestrian Eventing,"Equestrian Eventing Team, Open",NA
1502952,Sam Watson,M,34,NA,NA,,,2020 Summer,2020,Summer,Tokyo,Equestrian Eventing,"Equestrian Eventing Team, Open",NA
1502953,Austin O'Connor,M,45,170.0,70.0,,,2020 Summer,2020,Summer,Tokyo,Equestrian Eventing,"Equestrian Eventing Team, Open",NA
1502954,Cathal Daniels,M,23,NA,NA,,,2020 Summer,2020,Summer,Tokyo,Equestrian Eventing,"Equestrian Eventing Team, Open",NA
1502955,Sun Huadong,M,29,NA,NA,,,2020 Summer,2020,Summer,Tokyo,Equestrian Eventing,"Equestrian Eventing Team, Open",NA
1502956,Bao Yingfeng,M,32,NA,NA,,,2020 Summer,2020,Summer,Tokyo,Equestrian Eventing,"Equestrian Eventing Team, Open",NA
1502957,Alex Hua,M,30,190.0,70.0,,,2020 Summer,2020,Summer,Tokyo,Equestrian Eventing,"Equestrian Eventing Team, Open",NA
1502958,Liang Ruiji,M,36,NA,NA,,,2020 Summer,2020,Summer,Tokyo,Equestrian Eventing,"Equestrian Eventing Team, Open",NA
1502959,Felix Vogg,M,30,180.0,68.0,,,2020 Summer,2020,Summer,Tokyo,Equestrian Eventing,"Equestrian Eventing Team, Open",NA
1502960,Melody Johner,F,36,NA,NA,,,2020 Summer,2020,Summer,Tokyo,Equestrian Eventing,"Equestrian Eventing Team, Open",NA
1502961,Robin Godel,M,21,NA,NA,,,2020 Summer,2020,Summer,Tokyo,Equestrian Eventing,"Equestrian Eventing Team, Open",NA
1502962,Eveline Bodenmüller,F,34,NA,NA,,,2020 Summer,2020,Summer,Tokyo,Equestrian Eventing,"Equestrian Eventing Team, Open",NA
1502963,Toshiyuki Tanaka,M,35,170.0,65.0,,,2020 Summer,2020,Summer,Tokyo,Equestrian Eventing,"Equestrian Eventing Team, Open",NA
1502964,Kazuma Tomoto,M,37,NA,NA,,,2020 Summer,2020,Summer,Tokyo,Equestrian Eventing,"Equestrian Eventing Team, Open",NA
1502965,Yoshiaki Oiwa,M,43,170.0,67.0,,,2020 Summer,2020,Summer,Tokyo,Equestrian Eventing,"Equestrian Eventing Team, Open",NA
1502966,Ryuzo Kitajima,M,34,171.0,68.0,,,2020 Summer,2020,Summer,Tokyo,Equestrian Eventing,"Equestrian Eventing Team, Open",NA
1502967,Carlos Parro,M,41,179.0,76.0,,,2020 Summer,2020,Summer,Tokyo,Equestrian Eventing,"Equestrian Eventing Team, Open",NA
1502968,Rafael Losano,M,22,184.0,70.0,,,2020 Summer,2020,Summer,Tokyo,Equestrian Eventing,"Equestrian Eventing Team, Open",NA
1502969,Marcelo Tosi,M,50,180.0,73.0,,,2020 Summer,2020,Summer,Tokyo,Equestrian Eventing,"Equestrian Eventing Team, Open",NA
1502970,Márcio Appel,M,41,172.0,73.0,,,2020 Summer,2020,Summer,Tokyo,Equestrian Eventing,"Equestrian Eventing Team, Open",NA
1502971,Małgorzata Cybulska,F,22,NA,NA,,,2020 Summer,2020,Summer,Tokyo,Equestrian Eventing,"Equestrian Eventing Team, Open",NA
1502972,Jan Kamiński,M,27,NA,NA,,,2020 Summer,2020,Summer,Tokyo,Equestrian Eventing,"Equestrian Eventing Team, Open",NA
1502973,Joanna Pawlak,F,29,NA,NA,,,2020 Summer,2020,Summer,Tokyo,Equestrian Eventing,"Equestrian Eventing Team, Open",NA
1502974,Therese Viklund,F,33,NA,NA,,,2020 Summer,2020,Summer,Tokyo,Equestrian Eventing,"Equestrian Eventing Team, Open",NA
1502975,Louise Romeike,F,29,NA,NA,,,2020 Summer,2020,Summer,Tokyo,Equestrian Eventing,"Equestrian Eventing Team, Open",NA
1502976,Ludwig Svennerstål,M,29,184.0,72.0,,,2020 Summer,2020,Summer,Tokyo,Equestrian Eventing,"Equestrian Eventing Team, Open",NA
1502977,Sara Algotsson Ostholt,F,45,163.0,56.0,,,2020 Summer,2020,Summer,Tokyo,Equestrian Eventing,"Equestrian Eventing Team, Open",NA
1502978,Arinadtha Chavatanont,F,27,NA,NA,,,2020 Summer,2020,Summer,Tokyo,Equestrian Eventing,"Equestrian Eventing Team, Open",NA
1502979,Weerapat Pitakanonda,M,36,NA,NA,,,2020 Summer,2020,Summer,Tokyo,Equestrian Eventing,"Equestrian Eventing Team, Open",NA
1502980,Korntawat Samran,M,22,NA,NA,,,2020 Summer,2020,Summer,Tokyo,Equestrian Eventing,"Equestrian Eventing Team, Open",NA
1502981,Michael Jung,M,41,168.0,70.0,GER,GER,2024 Summer,2024,Summer,Paris,Equestrian Eventing,"Equestrian Eventing Individual, Open",Gold
1502982,Christopher Burton,M,42,180.0,70.0,AUS,AUS,2024 Summer,2024,Summer,Paris,Equestrian Eventing,"Equestrian Eventing Individual, Open",Silver
1502983,Laura Collett,F,34,NA,NA,GBR,GBR,2024 Summer,2024,Summer,Paris,Equestrian Eventing,"Equestrian Eventing Individual, Open",Bronze
1502984,Tom McEwen,M,33,NA,NA,GBR,GBR,2024 Summer,2024,Summer,Paris,Equestrian Eventing,"Equestrian Eventing Individual, Open",NA
1502985,Kazuma Tomoto,M,41,NA,NA,JPN,JPN,2024 Summer,2024,Summer,Paris,Equestrian Eventing,"Equestrian Eventing Individual, Open",NA
1502986,Tim Price,M,45,189.0,75.0,NZL,NZL,2024 Summer,2024,Summer,Paris,Equestrian Eventing,"Equestrian Eventing Individual, Open",NA
1502987,Yoshiaki Oiwa,M,47,170.0,67.0,JPN,JPN,2024 Summer,2024,Summer,Paris,Equestrian Eventing,"Equestrian Eventing Individual, Open",NA
1502988,Felix Vogg,M,34,180.0,68.0,SUI,SUI,2024 Summer,2024,Summer,Paris,Equestrian Eventing,"Equestrian Eventing Individual, Open",NA
1502989,Janneke Boonzaaijer,F,27,NA,NA,NED,NED,2024 Summer,2024,Summer,Paris,Equestrian Eventing,"Equestrian Eventing Individual, Open",NA
1502990,Boyd Martin,M,44,188.0,79.0,USA,USA,2024 Summer,2024,Summer,Paris,Equestrian Eventing,"Equestrian Eventing Individual, Open",NA
1502991,Julia Krajewski,F,35,168.0,65.0,GER,GER,2024 Summer,2024,Summer,Paris,Equestrian Eventing,"Equestrian Eventing Individual, Open",NA
1502992,Frida Andersén,F,34,164.0,67.0,SWE,SWE,2024 Summer,2024,Summer,Paris,Equestrian Eventing,"Equestrian Eventing Individual, Open",NA
1502993,Lara de Liedekerke-Meier,F,36,NA,NA,BEL,BEL,2024 Summer,2024,Summer,Paris,Equestrian Eventing,"Equestrian Eventing Individual, Open",NA
1502994,Stéphane Landois,M,30,NA,NA,FRA,FRA,2024 Summer,2024,Summer,Paris,Equestrian Eventing,"Equestrian Eventing Individual, Open",NA
1502995,Karim Laghouag,M,48,177.0,70.0,FRA,FRA,2024 Summer,2024,Summer,Paris,Equestrian Eventing,"Equestrian Eventing Individual, Open",NA
1502996,Karin Donckers,F,53,168.0,57.0,BEL,BEL,2024 Summer,2024,Summer,Paris,Equestrian Eventing,"Equestrian Eventing Individual, Open",NA
1502997,Austin O'Connor,M,49,170.0,70.0,IRL,IRL,2024 Summer,2024,Summer,Paris,Equestrian Eventing,"Equestrian Eventing Individual, Open",NA
1502998,Clarke Johnstone,M,37,194.0,80.0,NZL,NZL,2024 Summer,2024,Summer,Paris,Equestrian Eventing,"Equestrian Eventing Individual, Open",NA
1502999,Liz Halliday-Sharp,F,45,NA,NA,USA,USA,2024 Summer,2024,Summer,Paris,Equestrian Eventing,"Equestrian Eventing Individual, Open",NA
1503000,Shane Rose,M,51,181.0,80.0,AUS,AUS,2024 Summer,2024,Summer,Paris,Equestrian Eventing,"Equestrian Eventing Individual, Open",NA
1503001,Ros Canter,F,38,NA,NA,GBR,GBR,2024 Summer,2024,Summer,Paris,Equestrian Eventing,"Equestrian Eventing Individual, Open",NA
1503002,Evelina Bertoli,F,38,NA,NA,ITA,ITA,2024 Summer,2024,Summer,Paris,Equestrian Eventing,"Equestrian Eventing Individual, Open",NA
1503003,Alex Hua,M,34,190.0,70.0,CHN,CHN,2024 Summer,2024,Summer,Paris,Equestrian Eventing,"Equestrian Eventing Individual, Open",NA
1503004,Louise Romeike,F,33,NA,NA,SWE,SWE,2024 Summer,2024,Summer,Paris,Equestrian Eventing,"Equestrian Eventing Individual, Open",NA
1503005,Nicolas Touzaint,M,44,174.0,60.0,FRA,FRA,2024 Summer,2024,Summer,Paris,Equestrian Eventing,"Equestrian Eventing Individual, Open",NA
1503006,Raf Kooremans,M,47,NA,NA,NED,NED,2024 Summer,2024,Summer,Paris,Equestrian Eventing,"Equestrian Eventing Individual, Open",NA
1503007,Rafael Losano,M,26,184.0,70.0,BRA,BRA,2024 Summer,2024,Summer,Paris,Equestrian Eventing,"Equestrian Eventing Individual, Open",NA
1503008,Melody Johner,F,40,NA,NA,SUI,SUI,2024 Summer,2024,Summer,Paris,Equestrian Eventing,"Equestrian Eventing Individual, Open",NA
1503009,Robin Godel,M,25,NA,NA,SUI,SUI,2024 Summer,2024,Summer,Paris,Equestrian Eventing,"Equestrian Eventing Individual, Open",NA
1503010,Susie Berry,F,28,NA,NA,IRL,IRL,2024 Summer,2024,Summer,Paris,Equestrian Eventing,"Equestrian Eventing Individual, Open",NA
1503011,Karl Slezak,M,42,NA,NA,CAN,CAN,2024 Summer,2024,Summer,Paris,Equestrian Eventing,"Equestrian Eventing Individual, Open",NA
1503012,Sofia Sjöberg,F,26,NA,NA,SWE,SWE,2024 Summer,2024,Summer,Paris,Equestrian Eventing,"Equestrian Eventing Individual, Open",NA
1503013,Harald Ambros,M,44,177.0,72.0,AUT,AUT,2024 Summer,2024,Summer,Paris,Equestrian Eventing,"Equestrian Eventing Individual, Open",NA
1503014,Mike Winter,M,49,171.0,63.0,CAN,CAN,2024 Summer,2024,Summer,Paris,Equestrian Eventing,"Equestrian Eventing Individual, Open",NA
1503015,Veera Manninen,F,24,NA,NA,FIN,FIN,2024 Summer,2024,Summer,Paris,Equestrian Eventing,"Equestrian Eventing Individual, Open",NA
1503016,Caroline Pamukcu,F,29,NA,NA,USA,USA,2024 Summer,2024,Summer,Paris,Equestrian Eventing,"Equestrian Eventing Individual, Open",NA
1503017,Jessica Phoenix,F,40,157.0,57.0,CAN,CAN,2024 Summer,2024,Summer,Paris,Equestrian Eventing,"Equestrian Eventing Individual, Open",NA
1503018,Gosia Korycka,F,31,NA,NA,POL,POL,2024 Summer,2024,Summer,Paris,Equestrian Eventing,"Equestrian Eventing Individual, Open",NA
1503019,Jonelle Richards-Price,F,43,162.0,57.0,NZL,NZL,2024 Summer,2024,Summer,Paris,Equestrian Eventing,"Equestrian Eventing Individual, Open",NA
1503020,Balázs Kaizinger,M,45,NA,NA,HUN,HUN,2024 Summer,2024,Summer,Paris,Equestrian Eventing,"Equestrian Eventing Individual, Open",NA
1503021,Peter Flarup,M,48,170.0,56.0,DEN,DEN,2024 Summer,2024,Summer,Paris,Equestrian Eventing,"Equestrian Eventing Individual, Open",NA
1503022,Alexander Peternell,M,43,181.0,76.0,RSA,RSA,2024 Summer,2024,Summer,Paris,Equestrian Eventing,"Equestrian Eventing Individual, Open",NA
1503023,Marcio Jorge,M,49,186.0,80.0,BRA,BRA,2024 Summer,2024,Summer,Paris,Equestrian Eventing,"Equestrian Eventing Individual, Open",NA
1503024,Noor Slaoui,F,29,NA,NA,MAR,MAR,2024 Summer,2024,Summer,Paris,Equestrian Eventing,"Equestrian Eventing Individual, Open",NA
1503025,Giovanni Ugolotti,M,41,NA,NA,ITA,ITA,2024 Summer,2024,Summer,Paris,Equestrian Eventing,"Equestrian Eventing Individual, Open",NA
1503026,Sanne de Jong,F,29,NA,NA,NED,NED,2024 Summer,2024,Summer,Paris,Equestrian Eventing,"Equestrian Eventing Individual, Open",NA
1503027,Robert Powała,M,52,NA,NA,POL,POL,2024 Summer,2024,Summer,Paris,Equestrian Eventing,"Equestrian Eventing Individual, Open",NA
1503028,Esteban Benítez Valle,M,32,NA,NA,ESP,ESP,2024 Summer,2024,Summer,Paris,Equestrian Eventing,"Equestrian Eventing Individual, Open",NA
1503029,Miroslav Trunda,M,39,NA,NA,CZE,CZE,2024 Summer,2024,Summer,Paris,Equestrian Eventing,"Equestrian Eventing Individual, Open",NA
1503030,Nicolás Wettstein,M,43,171.0,71.0,ECU,ECU,2024 Summer,2024,Summer,Paris,Equestrian Eventing,"Equestrian Eventing Individual, Open",NA
1503031,Sarah Ennis,F,49,NA,NA,IRL,IRL,2024 Summer,2024,Summer,Paris,Equestrian Eventing,"Equestrian Eventing Individual, Open",NA
1503032,Carlos Parro,M,45,179.0,76.0,BRA,BRA,2024 Summer,2024,Summer,Paris,Equestrian Eventing,"Equestrian Eventing Individual, Open",NA
1503033,Ryuzo Kitajima,M,38,171.0,68.0,JPN,JPN,2024 Summer,2024,Summer,Paris,Equestrian Eventing,"Equestrian Eventing Individual, Open",NA
1503034,Carlos Díaz Fernández,M,40,NA,NA,ESP,ESP,2024 Summer,2024,Summer,Paris,Equestrian Eventing,"Equestrian Eventing Individual, Open",NA
1503035,Sanna Siltakorpi,F,37,NA,NA,FIN,FIN,2024 Summer,2024,Summer,Paris,Equestrian Eventing,"Equestrian Eventing Individual, Open",NA
1503036,Kevin McNab,M,46,NA,NA,AUS,AUS,2024 Summer,2024,Summer,Paris,Equestrian Eventing,"Equestrian Eventing Individual, Open",NA
1503037,Ronald Zabala,M,57,170.0,69.0,ECU,ECU,2024 Summer,2024,Summer,Paris,Equestrian Eventing,"Equestrian Eventing Individual, Open",NA
1503038,Christoph Wahler,M,30,NA,NA,GER,GER,2024 Summer,2024,Summer,Paris,Equestrian Eventing,"Equestrian Eventing Individual, Open",NA
1503039,Jan Kamiński,M,31,NA,NA,POL,POL,2024 Summer,2024,Summer,Paris,Equestrian Eventing,"Equestrian Eventing Individual, Open",NA
1503040,Manuel Grave,M,34,187.0,88.0,POR,POR,2024 Summer,2024,Summer,Paris,Equestrian Eventing,"Equestrian Eventing Individual, Open",NA
1503041,"Miloslav Příhoda, Jr.",M,34,NA,NA,CZE,CZE,2024 Summer,2024,Summer,Paris,Equestrian Eventing,"Equestrian Eventing Individual, Open",NA
1503042,Sun Huadong,M,33,NA,NA,CHN,CHN,2024 Summer,2024,Summer,Paris,Equestrian Eventing,"Equestrian Eventing Individual, Open",NA
1503043,Emiliano Portale,M,40,NA,NA,ITA,ITA,2024 Summer,2024,Summer,Paris,Equestrian Eventing,"Equestrian Eventing Individual, Open",NA
1503044,Tine Magnus,F,32,NA,NA,BEL,BEL,2024 Summer,2024,Summer,Paris,Equestrian Eventing,"Equestrian Eventing Individual, Open",NA
1503045,Ros Canter,F,38,NA,NA,,,2024 Summer,2024,Summer,Paris,Equestrian Eventing,"Equestrian Eventing Team, Open",NA
1503046,Tom McEwen,M,33,NA,NA,,,2024 Summer,2024,Summer,Paris,Equestrian Eventing,"Equestrian Eventing Team, Open",NA
1503047,Laura Collett,F,34,NA,NA,,,2024 Summer,2024,Summer,Paris,Equestrian Eventing,"Equestrian Eventing Team, Open",NA
1503048,Nicolas Touzaint,M,44,174.0,60.0,,,2024 Summer,2024,Summer,Paris,Equestrian Eventing,"Equestrian Eventing Team, Open",NA
1503049,Karim Laghouag,M,48,177.0,70.0,,,2024 Summer,2024,Summer,Paris,Equestrian Eventing,"Equestrian Eventing Team, Open",NA
1503050,Stéphane Landois,M,30,NA,NA,,,2024 Summer,2024,Summer,Paris,Equestrian Eventing,"Equestrian Eventing Team, Open",NA
1503051,Toshiyuki Tanaka,M,39,170.0,65.0,,,2024 Summer,2024,Summer,Paris,Equestrian Eventing,"Equestrian Eventing Team, Open",NA
1503052,Kazuma Tomoto,M,41,NA,NA,,,2024 Summer,2024,Summer,Paris,Equestrian Eventing,"Equestrian Eventing Team, Open",NA
1503053,Yoshiaki Oiwa,M,47,170.0,67.0,,,2024 Summer,2024,Summer,Paris,Equestrian Eventing,"Equestrian Eventing Team, Open",NA
1503054,Ryuzo Kitajima,M,38,171.0,68.0,,,2024 Summer,2024,Summer,Paris,Equestrian Eventing,"Equestrian Eventing Team, Open",NA
1503055,Melody Johner,F,40,NA,NA,,,2024 Summer,2024,Summer,Paris,Equestrian Eventing,"Equestrian Eventing Team, Open",NA
1503056,Robin Godel,M,25,NA,NA,,,2024 Summer,2024,Summer,Paris,Equestrian Eventing,"Equestrian Eventing Team, Open",NA
1503057,Felix Vogg,M,34,180.0,68.0,,,2024 Summer,2024,Summer,Paris,Equestrian Eventing,"Equestrian Eventing Team, Open",NA
1503058,Sofia Sjöberg,F,26,NA,NA,,,2024 Summer,2024,Summer,Paris,Equestrian Eventing,"Equestrian Eventing Team, Open",NA
1503059,Louise Romeike,F,33,NA,NA,,,2024 Summer,2024,Summer,Paris,Equestrian Eventing,"Equestrian Eventing Team, Open",NA
1503060,Frida Andersén,F,34,164.0,67.0,,,2024 Summer,2024,Summer,Paris,Equestrian Eventing,"Equestrian Eventing Team, Open",NA
1503061,Caroline Pamukcu,F,29,NA,NA,,,2024 Summer,2024,Summer,Paris,Equestrian Eventing,"Equestrian Eventing Team, Open",NA
1503062,Liz Halliday-Sharp,F,45,NA,NA,,,2024 Summer,2024,Summer,Paris,Equestrian Eventing,"Equestrian Eventing Team, Open",NA
1503063,Boyd Martin,M,44,188.0,79.0,,,2024 Summer,2024,Summer,Paris,Equestrian Eventing,"Equestrian Eventing Team, Open",NA
1503064,Jonelle Richards-Price,F,43,162.0,57.0,,,2024 Summer,2024,Summer,Paris,Equestrian Eventing,"Equestrian Eventing Team, Open",NA
1503065,Clarke Johnstone,M,37,194.0,80.0,,,2024 Summer,2024,Summer,Paris,Equestrian Eventing,"Equestrian Eventing Team, Open",NA
1503066,Tim Price,M,45,189.0,75.0,,,2024 Summer,2024,Summer,Paris,Equestrian Eventing,"Equestrian Eventing Team, Open",NA
1503067,Aoife Clark,F,42,173.0,65.0,,,2024 Summer,2024,Summer,Paris,Equestrian Eventing,"Equestrian Eventing Team, Open",NA
1503068,Susie Berry,F,28,NA,NA,,,2024 Summer,2024,Summer,Paris,Equestrian Eventing,"Equestrian Eventing Team, Open",NA
1503069,Austin O'Connor,M,49,170.0,70.0,,,2024 Summer,2024,Summer,Paris,Equestrian Eventing,"Equestrian Eventing Team, Open",NA
1503070,Sarah Ennis,F,49,NA,NA,,,2024 Summer,2024,Summer,Paris,Equestrian Eventing,"Equestrian Eventing Team, Open",NA
1503071,Sanne de Jong,F,29,NA,NA,,,2024 Summer,2024,Summer,Paris,Equestrian Eventing,"Equestrian Eventing Team, Open",NA
1503072,Raf Kooremans,M,47,NA,NA,,,2024 Summer,2024,Summer,Paris,Equestrian Eventing,"Equestrian Eventing Team, Open",NA
1503073,Janneke Boonzaaijer,F,27,NA,NA,,,2024 Summer,2024,Summer,Paris,Equestrian Eventing,"Equestrian Eventing Team, Open",NA
1503074,Jessica Phoenix,F,40,157.0,57.0,,,2024 Summer,2024,Summer,Paris,Equestrian Eventing,"Equestrian Eventing Team, Open",NA
1503075,Mike Winter,M,49,171.0,63.0,,,2024 Summer,2024,Summer,Paris,Equestrian Eventing,"Equestrian Eventing Team, Open",NA
1503076,Karl Slezak,M,42,NA,NA,,,2024 Summer,2024,Summer,Paris,Equestrian Eventing,"Equestrian Eventing Team, Open",NA
1503077,Ruy Fonseca,M,51,181.0,76.0,,,2024 Summer,2024,Summer,Paris,Equestrian Eventing,"Equestrian Eventing Team, Open",NA
1503078,Marcio Jorge,M,49,186.0,80.0,,,2024 Summer,2024,Summer,Paris,Equestrian Eventing,"Equestrian Eventing Team, Open",NA
1503079,Rafael Losano,M,26,184.0,70.0,,,2024 Summer,2024,Summer,Paris,Equestrian Eventing,"Equestrian Eventing Team, Open",NA
1503080,Carlos Parro,M,45,179.0,76.0,,,2024 Summer,2024,Summer,Paris,Equestrian Eventing,"Equestrian Eventing Team, Open",NA
1503081,Pietro Sandei,M,32,NA,NA,,,2024 Summer,2024,Summer,Paris,Equestrian Eventing,"Equestrian Eventing Team, Open",NA
1503082,Giovanni Ugolotti,M,41,NA,NA,,,2024 Summer,2024,Summer,Paris,Equestrian Eventing,"Equestrian Eventing Team, Open",NA
1503083,Evelina Bertoli,F,38,NA,NA,,,2024 Summer,2024,Summer,Paris,Equestrian Eventing,"Equestrian Eventing Team, Open",NA
1503084,Emiliano Portale,M,40,NA,NA,,,2024 Summer,2024,Summer,Paris,Equestrian Eventing,"Equestrian Eventing Team, Open",NA
1503085,Christoph Wahler,M,30,NA,NA,,,2024 Summer,2024,Summer,Paris,Equestrian Eventing,"Equestrian Eventing Team, Open",NA
1503086,Julia Krajewski,F,35,168.0,65.0,,,2024 Summer,2024,Summer,Paris,Equestrian Eventing,"Equestrian Eventing Team, Open",NA
1503087,Michael Jung,M,41,168.0,70.0,,,2024 Summer,2024,Summer,Paris,Equestrian Eventing,"Equestrian Eventing Team, Open",NA
1503088,Shenae Lowings,F,27,NA,NA,,,2024 Summer,2024,Summer,Paris,Equestrian Eventing,"Equestrian Eventing Team, Open",NA
1503089,Shane Rose,M,51,181.0,80.0,,,2024 Summer,2024,Summer,Paris,Equestrian Eventing,"Equestrian Eventing Team, Open",NA
1503090,Christopher Burton,M,42,180.0,70.0,,,2024 Summer,2024,Summer,Paris,Equestrian Eventing,"Equestrian Eventing Team, Open",NA
1503091,Kevin McNab,M,46,NA,NA,,,2024 Summer,2024,Summer,Paris,Equestrian Eventing,"Equestrian Eventing Team, Open",NA
1503092,Wiktoria Knap,F,25,NA,NA,,,2024 Summer,2024,Summer,Paris,Equestrian Eventing,"Equestrian Eventing Team, Open",NA
1503093,Robert Powała,M,52,NA,NA,,,2024 Summer,2024,Summer,Paris,Equestrian Eventing,"Equestrian Eventing Team, Open",NA
1503094,Gosia Korycka,F,31,NA,NA,,,2024 Summer,2024,Summer,Paris,Equestrian Eventing,"Equestrian Eventing Team, Open",NA
1503095,Jan Kamiński,M,31,NA,NA,,,2024 Summer,2024,Summer,Paris,Equestrian Eventing,"Equestrian Eventing Team, Open",NA
1503096,Tine Magnus,F,32,NA,NA,,,2024 Summer,2024,Summer,Paris,Equestrian Eventing,"Equestrian Eventing Team, Open",NA
1503097,Karin Donckers,F,53,168.0,57.0,,,2024 Summer,2024,Summer,Paris,Equestrian Eventing,"Equestrian Eventing Team, Open",NA
1503098,Lara de Liedekerke-Meier,F,36,NA,NA,,,2024 Summer,2024,Summer,Paris,Equestrian Eventing,"Equestrian Eventing Team, Open",NA
1503099,Jessica von Bredow-Werndl,F,34,NA,NA,GER,GER,2020 Summer,2020,Summer,Tokyo,Equestrian Dressage,"Equestrian Dressage Individual, Open",Gold
1503100,Isabell Werth,F,50,169.0,66.0,GER,GER,2020 Summer,2020,Summer,Tokyo,Equestrian Dressage,"Equestrian Dressage Individual, Open",Silver
1503101,Charlotte Dujardin,F,35,170.0,57.0,GBR,GBR,2020 Summer,2020,Summer,Tokyo,Equestrian Dressage,"Equestrian Dressage Individual, Open",Bronze
1503102,Cathrine Dufour,F,28,170.0,68.0,DEN,DEN,2020 Summer,2020,Summer,Tokyo,Equestrian Dressage,"Equestrian Dressage Individual, Open",NA
1503103,Sabine Schut-Kery,F,51,NA,NA,USA,USA,2020 Summer,2020,Summer,Tokyo,Equestrian Dressage,"Equestrian Dressage Individual, Open",NA
1503104,Edward Gal,M,50,182.0,72.0,NED,NED,2020 Summer,2020,Summer,Tokyo,Equestrian Dressage,"Equestrian Dressage Individual, Open",NA
1503105,Carina Cassøe Krüth,F,35,NA,NA,DEN,DEN,2020 Summer,2020,Summer,Tokyo,Equestrian Dressage,"Equestrian Dressage Individual, Open",NA
1503106,Carl Hester,M,53,182.0,86.0,GBR,GBR,2020 Summer,2020,Summer,Tokyo,Equestrian Dressage,"Equestrian Dressage Individual, Open",NA
1503107,Juliette Ramel,F,33,171.0,55.0,SWE,SWE,2020 Summer,2020,Summer,Tokyo,Equestrian Dressage,"Equestrian Dressage Individual, Open",NA
1503108,Steffen Peters,M,55,173.0,68.0,USA,USA,2020 Summer,2020,Summer,Tokyo,Equestrian Dressage,"Equestrian Dressage Individual, Open",NA
1503109,Nanna Merrald Rasmussen,F,26,NA,NA,DEN,DEN,2020 Summer,2020,Summer,Tokyo,Equestrian Dressage,"Equestrian Dressage Individual, Open",NA
1503110,Hans Peter Minderhoud,M,46,190.0,75.0,NED,NED,2020 Summer,2020,Summer,Tokyo,Equestrian Dressage,"Equestrian Dressage Individual, Open",NA
1503111,Lottie Fry,F,24,NA,NA,GBR,GBR,2020 Summer,2020,Summer,Tokyo,Equestrian Dressage,"Equestrian Dressage Individual, Open",NA
1503112,Therese Nilshagen,F,37,NA,NA,SWE,SWE,2020 Summer,2020,Summer,Tokyo,Equestrian Dressage,"Equestrian Dressage Individual, Open",NA
1503113,Dorothee Schneider,F,51,169.0,63.0,GER,GER,2020 Summer,2020,Summer,Tokyo,Equestrian Dressage,"Equestrian Dressage Individual, Open",NA
1503114,Rodrigo Torres,M,43,186.0,76.0,POR,POR,2020 Summer,2020,Summer,Tokyo,Equestrian Dressage,"Equestrian Dressage Individual, Open",NA
1503115,Beatriz Ferrer-Salat Serra,F,54,176.0,58.0,ESP,ESP,2020 Summer,2020,Summer,Tokyo,Equestrian Dressage,"Equestrian Dressage Individual, Open",NA
1503116,Brittany Fraser-Beaulieu,F,31,NA,NA,CAN,CAN,2020 Summer,2020,Summer,Tokyo,Equestrian Dressage,"Equestrian Dressage Individual, Open",NA
1503117,Adrienne Lyle,F,35,180.0,75.0,USA,USA,2020 Summer,2020,Summer,Tokyo,Equestrian Dressage,"Equestrian Dressage Individual, Open",NA
1503118,Marlies Anne van Baalen,F,39,168.0,55.0,NED,NED,2020 Summer,2020,Summer,Tokyo,Equestrian Dressage,"Equestrian Dressage Individual, Open",NA
1503119,Christian Schumach,M,38,NA,NA,AUT,AUT,2020 Summer,2020,Summer,Tokyo,Equestrian Dressage,"Equestrian Dressage Individual, Open",NA
1503120,Yvonne Losos de Muñiz,F,52,183.0,64.0,DOM,DOM,2020 Summer,2020,Summer,Tokyo,Equestrian Dressage,"Equestrian Dressage Individual, Open",NA
1503121,Laurence Roos,F,26,NA,NA,BEL,BEL,2020 Summer,2020,Summer,Tokyo,Equestrian Dressage,"Equestrian Dressage Individual, Open",NA
1503122,Morgan Barbançon,F,27,171.0,56.0,FRA,FRA,2020 Summer,2020,Summer,Tokyo,Equestrian Dressage,"Equestrian Dressage Individual, Open",NA
1503123,Nicolas Wagner Ehlinger,M,28,NA,NA,LUX,LUX,2020 Summer,2020,Summer,Tokyo,Equestrian Dressage,"Equestrian Dressage Individual, Open",NA
1503124,João Victor Oliva,M,24,182.0,65.0,BRA,BRA,2020 Summer,2020,Summer,Tokyo,Equestrian Dressage,"Equestrian Dressage Individual, Open",NA
1503125,Maria Caetano,F,33,164.0,52.0,POR,POR,2020 Summer,2020,Summer,Tokyo,Equestrian Dressage,"Equestrian Dressage Individual, Open",NA
1503126,Domien Michiels,M,36,NA,NA,BEL,BEL,2020 Summer,2020,Summer,Tokyo,Equestrian Dressage,"Equestrian Dressage Individual, Open",NA
1503127,João Miguel Torrão,M,27,173.0,60.0,POR,POR,2020 Summer,2020,Summer,Tokyo,Equestrian Dressage,"Equestrian Dressage Individual, Open",NA
1503128,Florian Bacher,M,34,NA,NA,AUT,AUT,2020 Summer,2020,Summer,Tokyo,Equestrian Dressage,"Equestrian Dressage Individual, Open",NA
1503129,Inessa Merkulova,F,55,170.0,65.0,ROC,ROC,2020 Summer,2020,Summer,Tokyo,Equestrian Dressage,"Equestrian Dressage Individual, Open",NA
1503130,José Antonio García,M,39,173.0,68.0,ESP,ESP,2020 Summer,2020,Summer,Tokyo,Equestrian Dressage,"Equestrian Dressage Individual, Open",NA
1503131,Maxime Collard,F,33,NA,NA,FRA,FRA,2020 Summer,2020,Summer,Tokyo,Equestrian Dressage,"Equestrian Dressage Individual, Open",NA
1503132,Alexandre Ayache,M,37,NA,NA,FRA,FRA,2020 Summer,2020,Summer,Tokyo,Equestrian Dressage,"Equestrian Dressage Individual, Open",NA
1503133,Antonia Ramel,F,35,NA,NA,SWE,SWE,2020 Summer,2020,Summer,Tokyo,Equestrian Dressage,"Equestrian Dressage Individual, Open",NA
1503134,Simone Pearce,F,28,NA,NA,AUS,AUS,2020 Summer,2020,Summer,Tokyo,Equestrian Dressage,"Equestrian Dressage Individual, Open",NA
1503135,Heike Holstein,F,48,170.0,60.0,IRL,IRL,2020 Summer,2020,Summer,Tokyo,Equestrian Dressage,"Equestrian Dressage Individual, Open",NA
1503136,Severo Jurado,M,31,172.0,71.0,ESP,ESP,2020 Summer,2020,Summer,Tokyo,Equestrian Dressage,"Equestrian Dressage Individual, Open",NA
1503137,Chris von Martels,M,37,NA,NA,CAN,CAN,2020 Summer,2020,Summer,Tokyo,Equestrian Dressage,"Equestrian Dressage Individual, Open",NA
1503138,Mary Hanna,F,65,173.0,63.0,AUS,AUS,2020 Summer,2020,Summer,Tokyo,Equestrian Dressage,"Equestrian Dressage Individual, Open",NA
1503139,Estelle Wettstein,F,23,NA,NA,SUI,SUI,2020 Summer,2020,Summer,Tokyo,Equestrian Dressage,"Equestrian Dressage Individual, Open",NA
1503140,Larissa Pauluis,F,40,NA,NA,BEL,BEL,2020 Summer,2020,Summer,Tokyo,Equestrian Dressage,"Equestrian Dressage Individual, Open",NA
1503141,Francesco Zaza,M,36,NA,NA,ITA,ITA,2020 Summer,2020,Summer,Tokyo,Equestrian Dressage,"Equestrian Dressage Individual, Open",NA
1503142,Yassine Rahmouni,M,35,184.0,NA,MAR,MAR,2020 Summer,2020,Summer,Tokyo,Equestrian Dressage,"Equestrian Dressage Individual, Open",NA
1503143,Hiroyuki Kitahara,M,48,NA,NA,JPN,JPN,2020 Summer,2020,Summer,Tokyo,Equestrian Dressage,"Equestrian Dressage Individual, Open",NA
1503144,Virginia Yarur,F,53,NA,NA,CHI,CHI,2020 Summer,2020,Summer,Tokyo,Equestrian Dressage,"Equestrian Dressage Individual, Open",NA
1503145,Inna Lohutenkova,F,33,172.0,63.0,UKR,UKR,2020 Summer,2020,Summer,Tokyo,Equestrian Dressage,"Equestrian Dressage Individual, Open",NA
1503146,Shingo Hayashi,M,35,NA,NA,JPN,JPN,2020 Summer,2020,Summer,Tokyo,Equestrian Dressage,"Equestrian Dressage Individual, Open",NA
1503147,Dina Ellermann,F,39,NA,NA,EST,EST,2020 Summer,2020,Summer,Tokyo,Equestrian Dressage,"Equestrian Dressage Individual, Open",NA
1503148,Lindsay Kellock,F,30,NA,NA,CAN,CAN,2020 Summer,2020,Summer,Tokyo,Equestrian Dressage,"Equestrian Dressage Individual, Open",NA
1503149,Martha del Valle,F,31,NA,NA,MEX,MEX,2020 Summer,2020,Summer,Tokyo,Equestrian Dressage,"Equestrian Dressage Individual, Open",NA
1503150,Henri Ruoste,M,38,NA,NA,FIN,FIN,2020 Summer,2020,Summer,Tokyo,Equestrian Dressage,"Equestrian Dressage Individual, Open",NA
1503151,Aleksandra Maksakova,F,22,NA,NA,ROC,ROC,2020 Summer,2020,Summer,Tokyo,Equestrian Dressage,"Equestrian Dressage Individual, Open",NA
1503152,Tatyana Kosterina,F,42,NA,NA,ROC,ROC,2020 Summer,2020,Summer,Tokyo,Equestrian Dressage,"Equestrian Dressage Individual, Open",NA
1503153,Kim Dong-Seon,M,31,189.0,80.0,KOR,KOR,2020 Summer,2020,Summer,Tokyo,Equestrian Dressage,"Equestrian Dressage Individual, Open",NA
1503154,Kazuki Sado,M,35,NA,NA,JPN,JPN,2020 Summer,2020,Summer,Tokyo,Equestrian Dressage,"Equestrian Dressage Individual, Open",NA
1503155,Kelly Layne,F,45,NA,NA,AUS,AUS,2020 Summer,2020,Summer,Tokyo,Equestrian Dressage,"Equestrian Dressage Individual, Open",NA
1503156,Caroline Rosanna Chew,F,28,NA,NA,SGP,SGP,2020 Summer,2020,Summer,Tokyo,Equestrian Dressage,"Equestrian Dressage Individual, Open",NA
1503157,Victoria Max-Theurer,F,34,168.0,58.0,AUT,AUT,2020 Summer,2020,Summer,Tokyo,Equestrian Dressage,"Equestrian Dressage Individual, Open",NA
1503158,Dorothee Schneider,F,51,169.0,63.0,,,2020 Summer,2020,Summer,Tokyo,Equestrian Dressage,"Equestrian Dressage Team, Open",NA
1503159,Isabell Werth,F,50,169.0,66.0,,,2020 Summer,2020,Summer,Tokyo,Equestrian Dressage,"Equestrian Dressage Team, Open",NA
1503160,Jessica von Bredow-Werndl,F,34,NA,NA,,,2020 Summer,2020,Summer,Tokyo,Equestrian Dressage,"Equestrian Dressage Team, Open",NA
1503161,Helen Langehanenberg,F,38,164.0,48.0,,,2020 Summer,2020,Summer,Tokyo,Equestrian Dressage,"Equestrian Dressage Team, Open",NA
1503162,Adrienne Lyle,F,35,180.0,75.0,,,2020 Summer,2020,Summer,Tokyo,Equestrian Dressage,"Equestrian Dressage Team, Open",NA
1503163,Steffen Peters,M,55,173.0,68.0,,,2020 Summer,2020,Summer,Tokyo,Equestrian Dressage,"Equestrian Dressage Team, Open",NA
1503164,Sabine Schut-Kery,F,51,NA,NA,,,2020 Summer,2020,Summer,Tokyo,Equestrian Dressage,"Equestrian Dressage Team, Open",NA
1503165,Carl Hester,M,53,182.0,86.0,,,2020 Summer,2020,Summer,Tokyo,Equestrian Dressage,"Equestrian Dressage Team, Open",NA
1503166,Lottie Fry,F,24,NA,NA,,,2020 Summer,2020,Summer,Tokyo,Equestrian Dressage,"Equestrian Dressage Team, Open",NA
1503167,Charlotte Dujardin,F,35,170.0,57.0,,,2020 Summer,2020,Summer,Tokyo,Equestrian Dressage,"Equestrian Dressage Team, Open",NA
1503168,Gareth Hughes,M,49,NA,NA,,,2020 Summer,2020,Summer,Tokyo,Equestrian Dressage,"Equestrian Dressage Team, Open",NA
1503169,Nanna Merrald Rasmussen,F,26,NA,NA,,,2020 Summer,2020,Summer,Tokyo,Equestrian Dressage,"Equestrian Dressage Team, Open",NA
1503170,Carina Cassøe Krüth,F,35,NA,NA,,,2020 Summer,2020,Summer,Tokyo,Equestrian Dressage,"Equestrian Dressage Team, Open",NA
1503171,Cathrine Dufour,F,28,170.0,68.0,,,2020 Summer,2020,Summer,Tokyo,Equestrian Dressage,"Equestrian Dressage Team, Open",NA
1503172,Charlotte Heering,F,34,NA,NA,,,2020 Summer,2020,Summer,Tokyo,Equestrian Dressage,"Equestrian Dressage Team, Open",NA
1503173,Marlies Anne van Baalen,F,39,168.0,55.0,,,2020 Summer,2020,Summer,Tokyo,Equestrian Dressage,"Equestrian Dressage Team, Open",NA
1503174,Hans Peter Minderhoud,M,46,190.0,75.0,,,2020 Summer,2020,Summer,Tokyo,Equestrian Dressage,"Equestrian Dressage Team, Open",NA
1503175,Edward Gal,M,50,182.0,72.0,,,2020 Summer,2020,Summer,Tokyo,Equestrian Dressage,"Equestrian Dressage Team, Open",NA
1503176,Dinja van Liere,F,29,NA,NA,,,2020 Summer,2020,Summer,Tokyo,Equestrian Dressage,"Equestrian Dressage Team, Open",NA
1503177,Antonia Ramel,F,35,NA,NA,,,2020 Summer,2020,Summer,Tokyo,Equestrian Dressage,"Equestrian Dressage Team, Open",NA
1503178,Juliette Ramel,F,33,171.0,55.0,,,2020 Summer,2020,Summer,Tokyo,Equestrian Dressage,"Equestrian Dressage Team, Open",NA
1503179,Therese Nilshagen,F,37,NA,NA,,,2020 Summer,2020,Summer,Tokyo,Equestrian Dressage,"Equestrian Dressage Team, Open",NA
1503180,Severo Jurado,M,31,172.0,71.0,,,2020 Summer,2020,Summer,Tokyo,Equestrian Dressage,"Equestrian Dressage Team, Open",NA
1503181,José Antonio García,M,39,173.0,68.0,,,2020 Summer,2020,Summer,Tokyo,Equestrian Dressage,"Equestrian Dressage Team, Open",NA
1503182,Beatriz Ferrer-Salat Serra,F,54,176.0,58.0,,,2020 Summer,2020,Summer,Tokyo,Equestrian Dressage,"Equestrian Dressage Team, Open",NA
1503183,Maria Caetano,F,33,164.0,52.0,,,2020 Summer,2020,Summer,Tokyo,Equestrian Dressage,"Equestrian Dressage Team, Open",NA
1503184,João Miguel Torrão,M,27,173.0,60.0,,,2020 Summer,2020,Summer,Tokyo,Equestrian Dressage,"Equestrian Dressage Team, Open",NA
1503185,Rodrigo Torres,M,43,186.0,76.0,,,2020 Summer,2020,Summer,Tokyo,Equestrian Dressage,"Equestrian Dressage Team, Open",NA
1503186,Carlos Pinto,M,60,170.0,62.0,,,2020 Summer,2020,Summer,Tokyo,Equestrian Dressage,"Equestrian Dressage Team, Open",NA
1503187,Alexandre Ayache,M,37,NA,NA,,,2020 Summer,2020,Summer,Tokyo,Equestrian Dressage,"Equestrian Dressage Team, Open",NA
1503188,Morgan Barbançon,F,27,171.0,56.0,,,2020 Summer,2020,Summer,Tokyo,Equestrian Dressage,"Equestrian Dressage Team, Open",NA
1503189,Maxime Collard,F,33,NA,NA,,,2020 Summer,2020,Summer,Tokyo,Equestrian Dressage,"Equestrian Dressage Team, Open",NA
1503190,Isabelle Pinto,F,48,NA,NA,,,2020 Summer,2020,Summer,Tokyo,Equestrian Dressage,"Equestrian Dressage Team, Open",NA
1503191,Larissa Pauluis,F,40,NA,NA,,,2020 Summer,2020,Summer,Tokyo,Equestrian Dressage,"Equestrian Dressage Team, Open",NA
1503192,Laurence Roos,F,26,NA,NA,,,2020 Summer,2020,Summer,Tokyo,Equestrian Dressage,"Equestrian Dressage Team, Open",NA
1503193,Domien Michiels,M,36,NA,NA,,,2020 Summer,2020,Summer,Tokyo,Equestrian Dressage,"Equestrian Dressage Team, Open",NA
1503194,Alexa Fairchild,F,25,NA,NA,,,2020 Summer,2020,Summer,Tokyo,Equestrian Dressage,"Equestrian Dressage Team, Open",NA
1503195,Chris von Martels,M,37,NA,NA,,,2020 Summer,2020,Summer,Tokyo,Equestrian Dressage,"Equestrian Dressage Team, Open",NA
1503196,Lindsay Kellock,F,30,NA,NA,,,2020 Summer,2020,Summer,Tokyo,Equestrian Dressage,"Equestrian Dressage Team, Open",NA
1503197,Brittany Fraser-Beaulieu,F,31,NA,NA,,,2020 Summer,2020,Summer,Tokyo,Equestrian Dressage,"Equestrian Dressage Team, Open",NA
1503198,Naïma Moreira Laliberté,F,23,NA,NA,,,2020 Summer,2020,Summer,Tokyo,Equestrian Dressage,"Equestrian Dressage Team, Open",NA
1503199,Inessa Merkulova,F,55,170.0,65.0,,,2020 Summer,2020,Summer,Tokyo,Equestrian Dressage,"Equestrian Dressage Team, Open",NA
1503200,Aleksandra Maksakova,F,22,NA,NA,,,2020 Summer,2020,Summer,Tokyo,Equestrian Dressage,"Equestrian Dressage Team, Open",NA
1503201,Tatyana Kosterina,F,42,NA,NA,,,2020 Summer,2020,Summer,Tokyo,Equestrian Dressage,"Equestrian Dressage Team, Open",NA
1503202,Mariya Shuvalova,F,35,NA,NA,,,2020 Summer,2020,Summer,Tokyo,Equestrian Dressage,"Equestrian Dressage Team, Open",NA
1503203,Mary Hanna,F,65,173.0,63.0,,,2020 Summer,2020,Summer,Tokyo,Equestrian Dressage,"Equestrian Dressage Team, Open",NA
1503204,Simone Pearce,F,28,NA,NA,,,2020 Summer,2020,Summer,Tokyo,Equestrian Dressage,"Equestrian Dressage Team, Open",NA
1503205,Kelly Layne,F,45,NA,NA,,,2020 Summer,2020,Summer,Tokyo,Equestrian Dressage,"Equestrian Dressage Team, Open",NA
1503206,Kazuki Sado,M,35,NA,NA,,,2020 Summer,2020,Summer,Tokyo,Equestrian Dressage,"Equestrian Dressage Team, Open",NA
1503207,Shingo Hayashi,M,35,NA,NA,,,2020 Summer,2020,Summer,Tokyo,Equestrian Dressage,"Equestrian Dressage Team, Open",NA
1503208,Hiroyuki Kitahara,M,48,NA,NA,,,2020 Summer,2020,Summer,Tokyo,Equestrian Dressage,"Equestrian Dressage Team, Open",NA
1503209,Masanao Takahashi,M,38,170.0,65.0,,,2020 Summer,2020,Summer,Tokyo,Equestrian Dressage,"Equestrian Dressage Team, Open",NA
1503210,Victoria Max-Theurer,F,34,168.0,58.0,,,2020 Summer,2020,Summer,Tokyo,Equestrian Dressage,"Equestrian Dressage Team, Open",NA
1503211,Christian Schumach,M,38,NA,NA,,,2020 Summer,2020,Summer,Tokyo,Equestrian Dressage,"Equestrian Dressage Team, Open",NA
1503212,Florian Bacher,M,34,NA,NA,,,2020 Summer,2020,Summer,Tokyo,Equestrian Dressage,"Equestrian Dressage Team, Open",NA
1503213,Jessica von Bredow-Werndl,F,38,NA,NA,GER,GER,2024 Summer,2024,Summer,Paris,Equestrian Dressage,"Equestrian Dressage Individual, Open",Gold
1503214,Isabell Werth,F,54,169.0,66.0,GER,GER,2024 Summer,2024,Summer,Paris,Equestrian Dressage,"Equestrian Dressage Individual, Open",Silver
1503215,Lottie Fry,F,28,NA,NA,GBR,GBR,2024 Summer,2024,Summer,Paris,Equestrian Dressage,"Equestrian Dressage Individual, Open",Bronze
1503216,Dinja van Liere,F,33,NA,NA,NED,NED,2024 Summer,2024,Summer,Paris,Equestrian Dressage,"Equestrian Dressage Individual, Open",NA
1503217,Cathrine Laudrup-Dufour,F,32,170.0,68.0,DEN,DEN,2024 Summer,2024,Summer,Paris,Equestrian Dressage,"Equestrian Dressage Individual, Open",NA
1503218,Carl Hester,M,57,182.0,86.0,GBR,GBR,2024 Summer,2024,Summer,Paris,Equestrian Dressage,"Equestrian Dressage Individual, Open",NA
1503219,Daniel Bachmann Andersen,M,34,NA,NA,DEN,DEN,2024 Summer,2024,Summer,Paris,Equestrian Dressage,"Equestrian Dressage Individual, Open",NA
1503220,Becky Moody,F,44,NA,NA,GBR,GBR,2024 Summer,2024,Summer,Paris,Equestrian Dressage,"Equestrian Dressage Individual, Open",NA
1503221,Nanna Merrald Rasmussen,F,30,NA,NA,DEN,DEN,2024 Summer,2024,Summer,Paris,Equestrian Dressage,"Equestrian Dressage Individual, Open",NA
1503222,Isabel Freese,F,45,NA,NA,NOR,NOR,2024 Summer,2024,Summer,Paris,Equestrian Dressage,"Equestrian Dressage Individual, Open",NA
1503223,Emmelie Scholtens,F,38,NA,NA,NED,NED,2024 Summer,2024,Summer,Paris,Equestrian Dressage,"Equestrian Dressage Individual, Open",NA
1503224,Emma Kanerva,F,39,168.0,60.0,FIN,FIN,2024 Summer,2024,Summer,Paris,Equestrian Dressage,"Equestrian Dressage Individual, Open",NA
1503225,Frederic Wandres,M,37,NA,NA,GER,GER,2024 Summer,2024,Summer,Paris,Equestrian Dressage,"Equestrian Dressage Individual, Open",NA
1503226,Patrik Kittel,M,48,186.0,79.0,SWE,SWE,2024 Summer,2024,Summer,Paris,Equestrian Dressage,"Equestrian Dressage Individual, Open",NA
1503227,Sandra Sysojeva,F,40,NA,NA,POL,POL,2024 Summer,2024,Summer,Paris,Equestrian Dressage,"Equestrian Dressage Individual, Open",NA
1503228,Pauline Basquin,F,45,NA,NA,FRA,FRA,2024 Summer,2024,Summer,Paris,Equestrian Dressage,"Equestrian Dressage Individual, Open",NA
1503229,Victoria Max-Theurer,F,38,168.0,58.0,AUT,AUT,2024 Summer,2024,Summer,Paris,Equestrian Dressage,"Equestrian Dressage Individual, Open",NA
1503230,Therese Nilshagen,F,41,NA,NA,SWE,SWE,2024 Summer,2024,Summer,Paris,Equestrian Dressage,"Equestrian Dressage Individual, Open",NA
1503231,Flore de Winne,F,29,NA,NA,BEL,BEL,2024 Summer,2024,Summer,Paris,Equestrian Dressage,"Equestrian Dressage Individual, Open",NA
1503232,Adrienne Lyle,F,39,180.0,75.0,USA,USA,2024 Summer,2024,Summer,Paris,Equestrian Dressage,"Equestrian Dressage Individual, Open",NA
1503233,Hans Peter Minderhoud,M,50,190.0,75.0,NED,NED,2024 Summer,2024,Summer,Paris,Equestrian Dressage,"Equestrian Dressage Individual, Open",NA
1503234,Larissa Pauluis,F,44,NA,NA,BEL,BEL,2024 Summer,2024,Summer,Paris,Equestrian Dressage,"Equestrian Dressage Individual, Open",NA
1503235,Nicolas Wagner Ehlinger,M,32,NA,NA,LUX,LUX,2024 Summer,2024,Summer,Paris,Equestrian Dressage,"Equestrian Dressage Individual, Open",NA
1503236,Juliette Ramel,F,37,171.0,55.0,SWE,SWE,2024 Summer,2024,Summer,Paris,Equestrian Dressage,"Equestrian Dressage Individual, Open",NA
1503237,Florian Bacher,M,38,NA,NA,AUT,AUT,2024 Summer,2024,Summer,Paris,Equestrian Dressage,"Equestrian Dressage Individual, Open",NA
1503238,Julio Mendoza,M,45,NA,NA,ECU,ECU,2024 Summer,2024,Summer,Paris,Equestrian Dressage,"Equestrian Dressage Individual, Open",NA
1503239,Borja Carrascosa,M,42,NA,NA,ESP,ESP,2024 Summer,2024,Summer,Paris,Equestrian Dressage,"Equestrian Dressage Individual, Open",NA
1503240,Corentin Pottier,M,30,NA,NA,FRA,FRA,2024 Summer,2024,Summer,Paris,Equestrian Dressage,"Equestrian Dressage Individual, Open",NA
1503241,Henri Ruoste,M,42,NA,NA,FIN,FIN,2024 Summer,2024,Summer,Paris,Equestrian Dressage,"Equestrian Dressage Individual, Open",NA
1503242,Alexandre Ayache,M,41,NA,NA,FRA,FRA,2024 Summer,2024,Summer,Paris,Equestrian Dressage,"Equestrian Dressage Individual, Open",NA
1503243,Simone Pearce,F,32,NA,NA,AUS,AUS,2024 Summer,2024,Summer,Paris,Equestrian Dressage,"Equestrian Dressage Individual, Open",NA
1503244,João Victor Oliva,M,28,182.0,65.0,BRA,BRA,2024 Summer,2024,Summer,Paris,Equestrian Dressage,"Equestrian Dressage Individual, Open",NA
1503245,Hwang Yeong-Sik,M,33,NA,NA,KOR,KOR,2024 Summer,2024,Summer,Paris,Equestrian Dressage,"Equestrian Dressage Individual, Open",NA
1503246,William Matthew,M,30,NA,NA,AUS,AUS,2024 Summer,2024,Summer,Paris,Equestrian Dressage,"Equestrian Dressage Individual, Open",NA
1503247,Claudio Castilla,M,41,173.0,66.0,ESP,ESP,2024 Summer,2024,Summer,Paris,Equestrian Dressage,"Equestrian Dressage Individual, Open",NA
1503248,Abigail Lyle,F,39,NA,NA,IRL,IRL,2024 Summer,2024,Summer,Paris,Equestrian Dressage,"Equestrian Dressage Individual, Open",NA
1503249,Justina Vanagaitė,F,34,NA,NA,LTU,LTU,2024 Summer,2024,Summer,Paris,Equestrian Dressage,"Equestrian Dressage Individual, Open",NA
1503250,Jayden Brown,M,36,NA,NA,AUS,AUS,2024 Summer,2024,Summer,Paris,Equestrian Dressage,"Equestrian Dressage Individual, Open",NA
1503251,Melissa Galloway,F,31,NA,NA,NZL,NZL,2024 Summer,2024,Summer,Paris,Equestrian Dressage,"Equestrian Dressage Individual, Open",NA
1503252,Naïma Moreira Laliberté,F,27,NA,NA,CAN,CAN,2024 Summer,2024,Summer,Paris,Equestrian Dressage,"Equestrian Dressage Individual, Open",NA
1503253,Yassine Rahmouni,M,39,184.0,NA,MAR,MAR,2024 Summer,2024,Summer,Paris,Equestrian Dressage,"Equestrian Dressage Individual, Open",NA
1503254,Camille Carier-Bergeron,F,24,NA,NA,CAN,CAN,2024 Summer,2024,Summer,Paris,Equestrian Dressage,"Equestrian Dressage Individual, Open",NA
1503255,Rita Ralão Duarte,F,31,170.0,55.0,POR,POR,2024 Summer,2024,Summer,Paris,Equestrian Dressage,"Equestrian Dressage Individual, Open",NA
1503256,Stefan Lehfellner,M,41,NA,NA,AUT,AUT,2024 Summer,2024,Summer,Paris,Equestrian Dressage,"Equestrian Dressage Individual, Open",NA
1503257,Patricia Ferrando,F,38,NA,NA,VEN,VEN,2024 Summer,2024,Summer,Paris,Equestrian Dressage,"Equestrian Dressage Individual, Open",NA
1503258,António do Vale,M,42,179.0,76.0,POR,POR,2024 Summer,2024,Summer,Paris,Equestrian Dressage,"Equestrian Dressage Individual, Open",NA
1503259,Katarzyna Milczarek-Jasińska,F,58,168.0,57.0,POL,POL,2024 Summer,2024,Summer,Paris,Equestrian Dressage,"Equestrian Dressage Individual, Open",NA
1503260,Chris von Martels,M,41,NA,NA,CAN,CAN,2024 Summer,2024,Summer,Paris,Equestrian Dressage,"Equestrian Dressage Individual, Open",NA
1503261,Maria Caetano,F,37,164.0,52.0,POR,POR,2024 Summer,2024,Summer,Paris,Equestrian Dressage,"Equestrian Dressage Individual, Open",NA
1503262,Steffen Peters,M,59,173.0,68.0,USA,USA,2024 Summer,2024,Summer,Paris,Equestrian Dressage,"Equestrian Dressage Individual, Open",NA
1503263,Anush Agarwalla,M,24,NA,NA,IND,IND,2024 Summer,2024,Summer,Paris,Equestrian Dressage,"Equestrian Dressage Individual, Open",NA
1503264,Alisa Glinka,F,36,NA,NA,MDA,MDA,2024 Summer,2024,Summer,Paris,Equestrian Dressage,"Equestrian Dressage Individual, Open",NA
1503265,Joanna Robinson,F,35,NA,NA,FIN,FIN,2024 Summer,2024,Summer,Paris,Equestrian Dressage,"Equestrian Dressage Individual, Open",NA
1503266,Andrina Suter,F,32,NA,NA,SUI,SUI,2024 Summer,2024,Summer,Paris,Equestrian Dressage,"Equestrian Dressage Individual, Open",NA
1503267,Caroline Rosanna Chew,F,32,NA,NA,SGP,SGP,2024 Summer,2024,Summer,Paris,Equestrian Dressage,"Equestrian Dressage Individual, Open",NA
1503268,Yvonne Losos de Muñiz,F,56,183.0,64.0,DOM,DOM,2024 Summer,2024,Summer,Paris,Equestrian Dressage,"Equestrian Dressage Individual, Open",NA
1503269,Aleksandra Szulc,F,37,NA,NA,POL,POL,2024 Summer,2024,Summer,Paris,Equestrian Dressage,"Equestrian Dressage Individual, Open",NA
1503270,Juan Antonio Jiménez,M,65,178.0,70.0,ESP,ESP,2024 Summer,2024,Summer,Paris,Equestrian Dressage,"Equestrian Dressage Individual, Open",NA
1503271,Marcus Orlob,M,42,NA,NA,USA,USA,2024 Summer,2024,Summer,Paris,Equestrian Dressage,"Equestrian Dressage Individual, Open",NA
1503272,Domien Michiels,M,40,NA,NA,BEL,BEL,2024 Summer,2024,Summer,Paris,Equestrian Dressage,"Equestrian Dressage Individual, Open",NA
1503273,Frederic Wandres,M,37,NA,NA,,,2024 Summer,2024,Summer,Paris,Equestrian Dressage,"Equestrian Dressage Team, Open",NA
1503274,Isabell Werth,F,54,169.0,66.0,,,2024 Summer,2024,Summer,Paris,Equestrian Dressage,"Equestrian Dressage Team, Open",NA
1503275,Jessica von Bredow-Werndl,F,38,NA,NA,,,2024 Summer,2024,Summer,Paris,Equestrian Dressage,"Equestrian Dressage Team, Open",NA
1503276,Daniel Bachmann Andersen,M,34,NA,NA,,,2024 Summer,2024,Summer,Paris,Equestrian Dressage,"Equestrian Dressage Team, Open",NA
1503277,Nanna Merrald Rasmussen,F,30,NA,NA,,,2024 Summer,2024,Summer,Paris,Equestrian Dressage,"Equestrian Dressage Team, Open",NA
1503278,Cathrine Laudrup-Dufour,F,32,170.0,68.0,,,2024 Summer,2024,Summer,Paris,Equestrian Dressage,"Equestrian Dressage Team, Open",NA
1503279,Becky Moody,F,44,NA,NA,,,2024 Summer,2024,Summer,Paris,Equestrian Dressage,"Equestrian Dressage Team, Open",NA
1503280,Carl Hester,M,57,182.0,86.0,,,2024 Summer,2024,Summer,Paris,Equestrian Dressage,"Equestrian Dressage Team, Open",NA
1503281,Lottie Fry,F,28,NA,NA,,,2024 Summer,2024,Summer,Paris,Equestrian Dressage,"Equestrian Dressage Team, Open",NA
1503282,Hans Peter Minderhoud,M,50,190.0,75.0,,,2024 Summer,2024,Summer,Paris,Equestrian Dressage,"Equestrian Dressage Team, Open",NA
1503283,Emmelie Scholtens,F,38,NA,NA,,,2024 Summer,2024,Summer,Paris,Equestrian Dressage,"Equestrian Dressage Team, Open",NA
1503284,Dinja van Liere,F,33,NA,NA,,,2024 Summer,2024,Summer,Paris,Equestrian Dressage,"Equestrian Dressage Team, Open",NA
1503285,Alexandre Ayache,M,41,NA,NA,,,2024 Summer,2024,Summer,Paris,Equestrian Dressage,"Equestrian Dressage Team, Open",NA
1503286,Corentin Pottier,M,30,NA,NA,,,2024 Summer,2024,Summer,Paris,Equestrian Dressage,"Equestrian Dressage Team, Open",NA
1503287,Pauline Basquin,F,45,NA,NA,,,2024 Summer,2024,Summer,Paris,Equestrian Dressage,"Equestrian Dressage Team, Open",NA
1503288,Juliette Ramel,F,37,171.0,55.0,,,2024 Summer,2024,Summer,Paris,Equestrian Dressage,"Equestrian Dressage Team, Open",NA
1503289,Therese Nilshagen,F,41,NA,NA,,,2024 Summer,2024,Summer,Paris,Equestrian Dressage,"Equestrian Dressage Team, Open",NA
1503290,Patrik Kittel,M,48,186.0,79.0,,,2024 Summer,2024,Summer,Paris,Equestrian Dressage,"Equestrian Dressage Team, Open",NA
1503291,Joanna Robinson,F,35,NA,NA,,,2024 Summer,2024,Summer,Paris,Equestrian Dressage,"Equestrian Dressage Team, Open",NA
1503292,Henri Ruoste,M,42,NA,NA,,,2024 Summer,2024,Summer,Paris,Equestrian Dressage,"Equestrian Dressage Team, Open",NA
1503293,Emma Kanerva,F,39,168.0,60.0,,,2024 Summer,2024,Summer,Paris,Equestrian Dressage,"Equestrian Dressage Team, Open",NA
1503294,Stefan Lehfellner,M,41,NA,NA,,,2024 Summer,2024,Summer,Paris,Equestrian Dressage,"Equestrian Dressage Team, Open",NA
1503295,Florian Bacher,M,38,NA,NA,,,2024 Summer,2024,Summer,Paris,Equestrian Dressage,"Equestrian Dressage Team, Open",NA
1503296,Victoria Max-Theurer,F,38,168.0,58.0,,,2024 Summer,2024,Summer,Paris,Equestrian Dressage,"Equestrian Dressage Team, Open",NA
1503297,Jayden Brown,M,36,NA,NA,,,2024 Summer,2024,Summer,Paris,Equestrian Dressage,"Equestrian Dressage Team, Open",NA
1503298,William Matthew,M,30,NA,NA,,,2024 Summer,2024,Summer,Paris,Equestrian Dressage,"Equestrian Dressage Team, Open",NA
1503299,Simone Pearce,F,32,NA,NA,,,2024 Summer,2024,Summer,Paris,Equestrian Dressage,"Equestrian Dressage Team, Open",NA
1503300,Naïma Moreira Laliberté,F,27,NA,NA,,,2024 Summer,2024,Summer,Paris,Equestrian Dressage,"Equestrian Dressage Team, Open",NA
1503301,Chris von Martels,M,41,NA,NA,,,2024 Summer,2024,Summer,Paris,Equestrian Dressage,"Equestrian Dressage Team, Open",NA
1503302,Camille Carier-Bergeron,F,24,NA,NA,,,2024 Summer,2024,Summer,Paris,Equestrian Dressage,"Equestrian Dressage Team, Open",NA
1503303,António do Vale,M,42,179.0,76.0,,,2024 Summer,2024,Summer,Paris,Equestrian Dressage,"Equestrian Dressage Team, Open",NA
1503304,Maria Caetano,F,37,164.0,52.0,,,2024 Summer,2024,Summer,Paris,Equestrian Dressage,"Equestrian Dressage Team, Open",NA
1503305,Rita Ralão Duarte,F,31,170.0,55.0,,,2024 Summer,2024,Summer,Paris,Equestrian Dressage,"Equestrian Dressage Team, Open",NA
1503306,Claudio Castilla,M,41,173.0,66.0,,,2024 Summer,2024,Summer,Paris,Equestrian Dressage,"Equestrian Dressage Team, Open",NA
1503307,Juan Antonio Jiménez,M,65,178.0,70.0,,,2024 Summer,2024,Summer,Paris,Equestrian Dressage,"Equestrian Dressage Team, Open",NA
1503308,Borja Carrascosa,M,42,NA,NA,,,2024 Summer,2024,Summer,Paris,Equestrian Dressage,"Equestrian Dressage Team, Open",NA
1503309,Katarzyna Milczarek-Jasińska,F,58,168.0,57.0,,,2024 Summer,2024,Summer,Paris,Equestrian Dressage,"Equestrian Dressage Team, Open",NA
1503310,Sandra Sysojeva,F,40,NA,NA,,,2024 Summer,2024,Summer,Paris,Equestrian Dressage,"Equestrian Dressage Team, Open",NA
1503311,Aleksandra Szulc,F,37,NA,NA,,,2024 Summer,2024,Summer,Paris,Equestrian Dressage,"Equestrian Dressage Team, Open",NA
1503312,Marcus Orlob,M,42,NA,NA,,,2024 Summer,2024,Summer,Paris,Equestrian Dressage,"Equestrian Dressage Team, Open",NA
1503313,Adrienne Lyle,F,39,180.0,75.0,,,2024 Summer,2024,Summer,Paris,Equestrian Dressage,"Equestrian Dressage Team, Open",NA
1503314,Steffen Peters,M,59,173.0,68.0,,,2024 Summer,2024,Summer,Paris,Equestrian Dressage,"Equestrian Dressage Team, Open",NA
1503315,Larissa Pauluis,F,44,NA,NA,,,2024 Summer,2024,Summer,Paris,Equestrian Dressage,"Equestrian Dressage Team, Open",NA
1503316,Domien Michiels,M,40,NA,NA,,,2024 Summer,2024,Summer,Paris,Equestrian Dressage,"Equestrian Dressage Team, Open",NA
1503317,Flore de Winne,F,29,NA,NA,,,2024 Summer,2024,Summer,Paris,Equestrian Dressage,"Equestrian Dressage Team, Open",NA
1503318,Harrie Lavreysen,M,23,NA,NA,NED,NED,2020 Summer,2020,Summer,Tokyo,Cycling Track,"Cycling Track Sprint, Men",Gold
1503319,Jeffrey Hoogland,M,27,185.0,97.0,NED,NED,2020 Summer,2020,Summer,Tokyo,Cycling Track,"Cycling Track Sprint, Men",Silver
1503320,Jack Carlin,M,23,NA,NA,GBR,GBR,2020 Summer,2020,Summer,Tokyo,Cycling Track,"Cycling Track Sprint, Men",Bronze
1503321,Denis Dmitriyev,M,34,177.0,90.0,ROC,ROC,2020 Summer,2020,Summer,Tokyo,Cycling Track,"Cycling Track Sprint, Men",NA
1503322,Maximilian Levy,M,33,182.0,87.0,GER,GER,2020 Summer,2020,Summer,Tokyo,Cycling Track,"Cycling Track Sprint, Men",NA
1503323,Nicholas Paul,M,21,NA,NA,TTO,TTO,2020 Summer,2020,Summer,Tokyo,Cycling Track,"Cycling Track Sprint, Men",NA
1503324,Sébastien Vigier,M,23,NA,NA,FRA,FRA,2020 Summer,2020,Summer,Tokyo,Cycling Track,"Cycling Track Sprint, Men",NA
1503325,Jason Kenny,M,32,178.0,81.0,GBR,GBR,2020 Summer,2020,Summer,Tokyo,Cycling Track,"Cycling Track Sprint, Men",NA
1503326,Yuta Wakimoto,M,31,181.0,74.0,JPN,JPN,2020 Summer,2020,Summer,Tokyo,Cycling Track,"Cycling Track Sprint, Men",NA
1503327,Azizul Awang,M,32,166.0,69.0,MAS,MAS,2020 Summer,2020,Summer,Tokyo,Cycling Track,"Cycling Track Sprint, Men",NA
1503328,Sam Webster,M,28,183.0,80.0,NZL,NZL,2020 Summer,2020,Summer,Tokyo,Cycling Track,"Cycling Track Sprint, Men",NA
1503329,Shah Firdaus Sahrom,M,24,NA,NA,MAS,MAS,2020 Summer,2020,Summer,Tokyo,Cycling Track,"Cycling Track Sprint, Men",NA
1503330,Jaïr Tjon En Fa,M,26,NA,NA,SUR,SUR,2020 Summer,2020,Summer,Tokyo,Cycling Track,"Cycling Track Sprint, Men",NA
1503331,Nick Wammes,M,20,NA,NA,CAN,CAN,2020 Summer,2020,Summer,Tokyo,Cycling Track,"Cycling Track Sprint, Men",NA
1503332,Stefan Bötticher,M,28,NA,NA,GER,GER,2020 Summer,2020,Summer,Tokyo,Cycling Track,"Cycling Track Sprint, Men",NA
1503333,Patryk Rajkowski,M,24,NA,NA,POL,POL,2020 Summer,2020,Summer,Tokyo,Cycling Track,"Cycling Track Sprint, Men",NA
1503334,Mateusz Rudyk,M,24,NA,NA,POL,POL,2020 Summer,2020,Summer,Tokyo,Cycling Track,"Cycling Track Sprint, Men",NA
1503335,Xu Chao,M,25,185.0,82.0,CHN,CHN,2020 Summer,2020,Summer,Tokyo,Cycling Track,"Cycling Track Sprint, Men",NA
1503336,Hugo Barrette,M,29,175.0,90.0,CAN,CAN,2020 Summer,2020,Summer,Tokyo,Cycling Track,"Cycling Track Sprint, Men",NA
1503337,Kevin Quintero,M,21,NA,NA,COL,COL,2020 Summer,2020,Summer,Tokyo,Cycling Track,"Cycling Track Sprint, Men",NA
1503338,Rayan Helal,M,21,NA,NA,FRA,FRA,2020 Summer,2020,Summer,Tokyo,Cycling Track,"Cycling Track Sprint, Men",NA
1503339,Matthew Richardson,M,21,NA,NA,AUS,AUS,2020 Summer,2020,Summer,Tokyo,Cycling Track,"Cycling Track Sprint, Men",NA
1503340,Nathan Hart,M,27,180.0,90.0,AUS,AUS,2020 Summer,2020,Summer,Tokyo,Cycling Track,"Cycling Track Sprint, Men",NA
1503341,Ethan Mitchell,M,29,180.0,83.0,NZL,NZL,2020 Summer,2020,Summer,Tokyo,Cycling Track,"Cycling Track Sprint, Men",NA
1503342,Pavel Yakushevsky,M,32,NA,NA,ROC,ROC,2020 Summer,2020,Summer,Tokyo,Cycling Track,"Cycling Track Sprint, Men",NA
1503343,Yudai Nitta,M,34,173.0,77.0,JPN,JPN,2020 Summer,2020,Summer,Tokyo,Cycling Track,"Cycling Track Sprint, Men",NA
1503344,Jean Spies,M,30,NA,NA,RSA,RSA,2020 Summer,2020,Summer,Tokyo,Cycling Track,"Cycling Track Sprint, Men",NA
1503345,Tomáš Bábek,M,33,186.0,84.0,CZE,CZE,2020 Summer,2020,Summer,Tokyo,Cycling Track,"Cycling Track Sprint, Men",NA
1503346,Sergey Ponomaryov,M,22,NA,NA,KAZ,KAZ,2020 Summer,2020,Summer,Tokyo,Cycling Track,"Cycling Track Sprint, Men",NA
1503347,Kwesi Browne,M,26,NA,NA,TTO,TTO,2020 Summer,2020,Summer,Tokyo,Cycling Track,"Cycling Track Sprint, Men",NA
1503348,Jason Kenny,M,32,178.0,81.0,GBR,GBR,2020 Summer,2020,Summer,Tokyo,Cycling Track,"Cycling Track Keirin, Men",Gold
1503349,Azizul Awang,M,32,166.0,69.0,MAS,MAS,2020 Summer,2020,Summer,Tokyo,Cycling Track,"Cycling Track Keirin, Men",Silver
1503350,Harrie Lavreysen,M,23,NA,NA,NED,NED,2020 Summer,2020,Summer,Tokyo,Cycling Track,"Cycling Track Keirin, Men",Bronze
1503351,Jaïr Tjon En Fa,M,26,NA,NA,SUR,SUR,2020 Summer,2020,Summer,Tokyo,Cycling Track,"Cycling Track Keirin, Men",NA
1503352,Matthew Glaetzer,M,27,190.0,86.0,AUS,AUS,2020 Summer,2020,Summer,Tokyo,Cycling Track,"Cycling Track Keirin, Men",NA
1503353,Maximilian Levy,M,33,182.0,87.0,GER,GER,2020 Summer,2020,Summer,Tokyo,Cycling Track,"Cycling Track Keirin, Men",NA
1503354,Yuta Wakimoto,M,31,181.0,74.0,JPN,JPN,2020 Summer,2020,Summer,Tokyo,Cycling Track,"Cycling Track Keirin, Men",NA
1503355,Jack Carlin,M,23,NA,NA,GBR,GBR,2020 Summer,2020,Summer,Tokyo,Cycling Track,"Cycling Track Keirin, Men",NA
1503356,Kwesi Browne,M,26,NA,NA,TTO,TTO,2020 Summer,2020,Summer,Tokyo,Cycling Track,"Cycling Track Keirin, Men",NA
1503357,Rayan Helal,M,21,NA,NA,FRA,FRA,2020 Summer,2020,Summer,Tokyo,Cycling Track,"Cycling Track Keirin, Men",NA
1503358,Kevin Quintero,M,21,NA,NA,COL,COL,2020 Summer,2020,Summer,Tokyo,Cycling Track,"Cycling Track Keirin, Men",NA
1503359,Nicholas Paul,M,21,NA,NA,TTO,TTO,2020 Summer,2020,Summer,Tokyo,Cycling Track,"Cycling Track Keirin, Men",NA
1503360,Matthew Richardson,M,21,NA,NA,AUS,AUS,2020 Summer,2020,Summer,Tokyo,Cycling Track,"Cycling Track Keirin, Men",NA
1503361,Stefan Bötticher,M,28,NA,NA,GER,GER,2020 Summer,2020,Summer,Tokyo,Cycling Track,"Cycling Track Keirin, Men",NA
1503362,Callum Saunders,M,24,185.0,NA,NZL,NZL,2020 Summer,2020,Summer,Tokyo,Cycling Track,"Cycling Track Keirin, Men",NA
1503363,Yudai Nitta,M,34,173.0,77.0,JPN,JPN,2020 Summer,2020,Summer,Tokyo,Cycling Track,"Cycling Track Keirin, Men",NA
1503364,Shah Firdaus Sahrom,M,24,NA,NA,MAS,MAS,2020 Summer,2020,Summer,Tokyo,Cycling Track,"Cycling Track Keirin, Men",NA
1503365,Denis Dmitriyev,M,34,177.0,90.0,ROC,ROC,2020 Summer,2020,Summer,Tokyo,Cycling Track,"Cycling Track Keirin, Men",NA
1503366,Sébastien Vigier,M,23,NA,NA,FRA,FRA,2020 Summer,2020,Summer,Tokyo,Cycling Track,"Cycling Track Keirin, Men",NA
1503367,Sergey Ponomaryov,M,22,NA,NA,KAZ,KAZ,2020 Summer,2020,Summer,Tokyo,Cycling Track,"Cycling Track Keirin, Men",NA
1503368,Matthijs Büchli,M,27,188.0,90.0,NED,NED,2020 Summer,2020,Summer,Tokyo,Cycling Track,"Cycling Track Keirin, Men",NA
1503369,Sam Webster,M,28,183.0,80.0,NZL,NZL,2020 Summer,2020,Summer,Tokyo,Cycling Track,"Cycling Track Keirin, Men",NA
1503370,Hugo Barrette,M,29,175.0,90.0,CAN,CAN,2020 Summer,2020,Summer,Tokyo,Cycling Track,"Cycling Track Keirin, Men",NA
1503371,Tomáš Bábek,M,33,186.0,84.0,CZE,CZE,2020 Summer,2020,Summer,Tokyo,Cycling Track,"Cycling Track Keirin, Men",NA
1503372,Mateusz Rudyk,M,24,NA,NA,POL,POL,2020 Summer,2020,Summer,Tokyo,Cycling Track,"Cycling Track Keirin, Men",NA
1503373,Ivan Gladyshev,M,18,NA,NA,ROC,ROC,2020 Summer,2020,Summer,Tokyo,Cycling Track,"Cycling Track Keirin, Men",NA
1503374,Nick Wammes,M,20,NA,NA,CAN,CAN,2020 Summer,2020,Summer,Tokyo,Cycling Track,"Cycling Track Keirin, Men",NA
1503375,Xu Chao,M,25,185.0,82.0,CHN,CHN,2020 Summer,2020,Summer,Tokyo,Cycling Track,"Cycling Track Keirin, Men",NA
1503376,Patryk Rajkowski,M,24,NA,NA,POL,POL,2020 Summer,2020,Summer,Tokyo,Cycling Track,"Cycling Track Keirin, Men",NA
1503377,Jean Spies,M,30,NA,NA,RSA,RSA,2020 Summer,2020,Summer,Tokyo,Cycling Track,"Cycling Track Keirin, Men",NA
1503378,Jeffrey Hoogland,M,27,185.0,97.0,,,2020 Summer,2020,Summer,Tokyo,Cycling Track,"Cycling Track Team Sprint, Men",NA
1503379,Harrie Lavreysen,M,23,NA,NA,,,2020 Summer,2020,Summer,Tokyo,Cycling Track,"Cycling Track Team Sprint, Men",NA
1503380,Roy van den Berg,M,31,NA,NA,,,2020 Summer,2020,Summer,Tokyo,Cycling Track,"Cycling Track Team Sprint, Men",NA
1503381,Matthijs Büchli,M,27,188.0,90.0,,,2020 Summer,2020,Summer,Tokyo,Cycling Track,"Cycling Track Team Sprint, Men",NA
1503382,Jack Carlin,M,23,NA,NA,,,2020 Summer,2020,Summer,Tokyo,Cycling Track,"Cycling Track Team Sprint, Men",NA
1503383,Jason Kenny,M,32,178.0,81.0,,,2020 Summer,2020,Summer,Tokyo,Cycling Track,"Cycling Track Team Sprint, Men",NA
1503384,Ryan Owens,M,24,NA,NA,,,2020 Summer,2020,Summer,Tokyo,Cycling Track,"Cycling Track Team Sprint, Men",NA
1503385,Florian Grengbo,M,19,NA,NA,,,2020 Summer,2020,Summer,Tokyo,Cycling Track,"Cycling Track Team Sprint, Men",NA
1503386,Rayan Helal,M,21,NA,NA,,,2020 Summer,2020,Summer,Tokyo,Cycling Track,"Cycling Track Team Sprint, Men",NA
1503387,Sébastien Vigier,M,23,NA,NA,,,2020 Summer,2020,Summer,Tokyo,Cycling Track,"Cycling Track Team Sprint, Men",NA
1503388,Matthew Glaetzer,M,27,190.0,86.0,,,2020 Summer,2020,Summer,Tokyo,Cycling Track,"Cycling Track Team Sprint, Men",NA
1503389,Nathan Hart,M,27,180.0,90.0,,,2020 Summer,2020,Summer,Tokyo,Cycling Track,"Cycling Track Team Sprint, Men",NA
1503390,Matthew Richardson,M,21,NA,NA,,,2020 Summer,2020,Summer,Tokyo,Cycling Track,"Cycling Track Team Sprint, Men",NA
1503391,Timo Bichler,M,21,NA,NA,,,2020 Summer,2020,Summer,Tokyo,Cycling Track,"Cycling Track Team Sprint, Men",NA
1503392,Stefan Bötticher,M,28,NA,NA,,,2020 Summer,2020,Summer,Tokyo,Cycling Track,"Cycling Track Team Sprint, Men",NA
1503393,Maximilian Levy,M,33,182.0,87.0,,,2020 Summer,2020,Summer,Tokyo,Cycling Track,"Cycling Track Team Sprint, Men",NA
1503394,Denis Dmitriyev,M,34,177.0,90.0,,,2020 Summer,2020,Summer,Tokyo,Cycling Track,"Cycling Track Team Sprint, Men",NA
1503395,Ivan Gladyshev,M,18,NA,NA,,,2020 Summer,2020,Summer,Tokyo,Cycling Track,"Cycling Track Team Sprint, Men",NA
1503396,Pavel Yakushevsky,M,32,NA,NA,,,2020 Summer,2020,Summer,Tokyo,Cycling Track,"Cycling Track Team Sprint, Men",NA
1503397,Ethan Mitchell,M,29,180.0,83.0,,,2020 Summer,2020,Summer,Tokyo,Cycling Track,"Cycling Track Team Sprint, Men",NA
1503398,Callum Saunders,M,24,185.0,NA,,,2020 Summer,2020,Summer,Tokyo,Cycling Track,"Cycling Track Team Sprint, Men",NA
1503399,Sam Webster,M,28,183.0,80.0,,,2020 Summer,2020,Summer,Tokyo,Cycling Track,"Cycling Track Team Sprint, Men",NA
1503400,Sam Dakin,M,23,182.0,NA,,,2020 Summer,2020,Summer,Tokyo,Cycling Track,"Cycling Track Team Sprint, Men",NA
1503401,Krzysztof Maksel,M,29,181.0,80.0,,,2020 Summer,2020,Summer,Tokyo,Cycling Track,"Cycling Track Team Sprint, Men",NA
1503402,Patryk Rajkowski,M,24,NA,NA,,,2020 Summer,2020,Summer,Tokyo,Cycling Track,"Cycling Track Team Sprint, Men",NA
1503403,Mateusz Rudyk,M,24,NA,NA,,,2020 Summer,2020,Summer,Tokyo,Cycling Track,"Cycling Track Team Sprint, Men",NA
1503404,Simone Consonni,M,25,165.0,60.0,,,2020 Summer,2020,Summer,Tokyo,Cycling Track,"Cycling Track Team Pursuit (4,000 metres), Men",NA
1503405,Filippo Ganna,M,23,195.0,75.0,,,2020 Summer,2020,Summer,Tokyo,Cycling Track,"Cycling Track Team Pursuit (4,000 metres), Men",NA
1503406,Francesco Lamon,M,26,173.0,60.0,,,2020 Summer,2020,Summer,Tokyo,Cycling Track,"Cycling Track Team Pursuit (4,000 metres), Men",NA
1503407,Jonathan Milan,M,19,NA,NA,,,2020 Summer,2020,Summer,Tokyo,Cycling Track,"Cycling Track Team Pursuit (4,000 metres), Men",NA
1503408,Elia Viviani,M,31,177.0,70.0,,,2020 Summer,2020,Summer,Tokyo,Cycling Track,"Cycling Track Team Pursuit (4,000 metres), Men",NA
1503409,Lasse Hansen,M,28,180.0,73.0,,,2020 Summer,2020,Summer,Tokyo,Cycling Track,"Cycling Track Team Pursuit (4,000 metres), Men",NA
1503410,Niklas Larsen,M,23,180.0,74.0,,,2020 Summer,2020,Summer,Tokyo,Cycling Track,"Cycling Track Team Pursuit (4,000 metres), Men",NA
1503411,Frederik Madsen,M,22,187.0,73.0,,,2020 Summer,2020,Summer,Tokyo,Cycling Track,"Cycling Track Team Pursuit (4,000 metres), Men",NA
1503412,Rasmus Pedersen,M,22,NA,NA,,,2020 Summer,2020,Summer,Tokyo,Cycling Track,"Cycling Track Team Pursuit (4,000 metres), Men",NA
1503413,Julius Johansen,M,20,NA,NA,,,2020 Summer,2020,Summer,Tokyo,Cycling Track,"Cycling Track Team Pursuit (4,000 metres), Men",NA
1503414,Kelland O'Brien,M,22,NA,NA,,,2020 Summer,2020,Summer,Tokyo,Cycling Track,"Cycling Track Team Pursuit (4,000 metres), Men",NA
1503415,Sam Welsford,M,24,179.0,82.0,,,2020 Summer,2020,Summer,Tokyo,Cycling Track,"Cycling Track Team Pursuit (4,000 metres), Men",NA
1503416,Leigh Howard,M,30,NA,NA,,,2020 Summer,2020,Summer,Tokyo,Cycling Track,"Cycling Track Team Pursuit (4,000 metres), Men",NA
1503417,Luke Plapp,M,19,NA,NA,,,2020 Summer,2020,Summer,Tokyo,Cycling Track,"Cycling Track Team Pursuit (4,000 metres), Men",NA
1503418,Alexander Porter,M,24,NA,NA,,,2020 Summer,2020,Summer,Tokyo,Cycling Track,"Cycling Track Team Pursuit (4,000 metres), Men",NA
1503419,Aaron Gate,M,29,181.0,71.0,,,2020 Summer,2020,Summer,Tokyo,Cycling Track,"Cycling Track Team Pursuit (4,000 metres), Men",NA
1503420,Campbell Stewart,M,22,178.0,NA,,,2020 Summer,2020,Summer,Tokyo,Cycling Track,"Cycling Track Team Pursuit (4,000 metres), Men",NA
1503421,Regan Gough,M,23,183.0,71.0,,,2020 Summer,2020,Summer,Tokyo,Cycling Track,"Cycling Track Team Pursuit (4,000 metres), Men",NA
1503422,Jordan Kerby,M,27,178.0,NA,,,2020 Summer,2020,Summer,Tokyo,Cycling Track,"Cycling Track Team Pursuit (4,000 metres), Men",NA
1503423,Corbin Strong,M,20,171.0,NA,,,2020 Summer,2020,Summer,Tokyo,Cycling Track,"Cycling Track Team Pursuit (4,000 metres), Men",NA
1503424,Vincent de Haître,M,26,182.0,86.0,,,2020 Summer,2020,Summer,Tokyo,Cycling Track,"Cycling Track Team Pursuit (4,000 metres), Men",NA
1503425,Michael Foley,M,21,NA,NA,,,2020 Summer,2020,Summer,Tokyo,Cycling Track,"Cycling Track Team Pursuit (4,000 metres), Men",NA
1503426,Derek Gee,M,22,NA,NA,,,2020 Summer,2020,Summer,Tokyo,Cycling Track,"Cycling Track Team Pursuit (4,000 metres), Men",NA
1503427,Jay Lamoureux,M,24,NA,NA,,,2020 Summer,2020,Summer,Tokyo,Cycling Track,"Cycling Track Team Pursuit (4,000 metres), Men",NA
1503428,Roger Kluge,M,34,191.0,85.0,,,2020 Summer,2020,Summer,Tokyo,Cycling Track,"Cycling Track Team Pursuit (4,000 metres), Men",NA
1503429,Felix Groß,M,21,NA,NA,,,2020 Summer,2020,Summer,Tokyo,Cycling Track,"Cycling Track Team Pursuit (4,000 metres), Men",NA
1503430,Leon Rohde,M,25,NA,NA,,,2020 Summer,2020,Summer,Tokyo,Cycling Track,"Cycling Track Team Pursuit (4,000 metres), Men",NA
1503431,Domenic Weinstein,M,25,188.0,83.0,,,2020 Summer,2020,Summer,Tokyo,Cycling Track,"Cycling Track Team Pursuit (4,000 metres), Men",NA
1503432,Theo Reinhardt,M,29,177.0,68.0,,,2020 Summer,2020,Summer,Tokyo,Cycling Track,"Cycling Track Team Pursuit (4,000 metres), Men",NA
1503433,Ethan Hayter,M,21,NA,NA,,,2020 Summer,2020,Summer,Tokyo,Cycling Track,"Cycling Track Team Pursuit (4,000 metres), Men",NA
1503434,Charlie Tanfield,M,23,NA,NA,,,2020 Summer,2020,Summer,Tokyo,Cycling Track,"Cycling Track Team Pursuit (4,000 metres), Men",NA
1503435,Ethan Vernon,M,19,NA,NA,,,2020 Summer,2020,Summer,Tokyo,Cycling Track,"Cycling Track Team Pursuit (4,000 metres), Men",NA
1503436,Ollie Wood,M,24,NA,NA,,,2020 Summer,2020,Summer,Tokyo,Cycling Track,"Cycling Track Team Pursuit (4,000 metres), Men",NA
1503437,Ed Clancy,M,35,185.0,79.0,,,2020 Summer,2020,Summer,Tokyo,Cycling Track,"Cycling Track Team Pursuit (4,000 metres), Men",NA
1503438,Matthew Walls,M,22,NA,NA,,,2020 Summer,2020,Summer,Tokyo,Cycling Track,"Cycling Track Team Pursuit (4,000 metres), Men",NA
1503439,Robin Froidevaux,M,21,NA,NA,,,2020 Summer,2020,Summer,Tokyo,Cycling Track,"Cycling Track Team Pursuit (4,000 metres), Men",NA
1503440,Stefan Bissegger,M,21,NA,NA,,,2020 Summer,2020,Summer,Tokyo,Cycling Track,"Cycling Track Team Pursuit (4,000 metres), Men",NA
1503441,Valère Thiébaud,M,21,NA,NA,,,2020 Summer,2020,Summer,Tokyo,Cycling Track,"Cycling Track Team Pursuit (4,000 metres), Men",NA
1503442,Cyrille Thièry,M,29,179.0,67.0,,,2020 Summer,2020,Summer,Tokyo,Cycling Track,"Cycling Track Team Pursuit (4,000 metres), Men",NA
1503443,Théry Schir,M,27,186.0,77.0,,,2020 Summer,2020,Summer,Tokyo,Cycling Track,"Cycling Track Team Pursuit (4,000 metres), Men",NA
1503444,Mauro Schmid,M,20,NA,NA,,,2020 Summer,2020,Summer,Tokyo,Cycling Track,"Cycling Track Team Pursuit (4,000 metres), Men",NA
1503445,Lasse Hansen,M,28,180.0,73.0,,,2020 Summer,2020,Summer,Tokyo,Cycling Track,"Cycling Track Madison, Men",NA
1503446,Michael Mørkøv,M,35,183.0,69.0,,,2020 Summer,2020,Summer,Tokyo,Cycling Track,"Cycling Track Madison, Men",NA
1503447,Ethan Hayter,M,21,NA,NA,,,2020 Summer,2020,Summer,Tokyo,Cycling Track,"Cycling Track Madison, Men",NA
1503448,Matthew Walls,M,22,NA,NA,,,2020 Summer,2020,Summer,Tokyo,Cycling Track,"Cycling Track Madison, Men",NA
1503449,Benjamin Thomas,M,24,NA,NA,,,2020 Summer,2020,Summer,Tokyo,Cycling Track,"Cycling Track Madison, Men",NA
1503450,Donavan Grondin,M,19,NA,NA,,,2020 Summer,2020,Summer,Tokyo,Cycling Track,"Cycling Track Madison, Men",NA
1503451,Kenny De Ketele,M,35,179.0,68.0,,,2020 Summer,2020,Summer,Tokyo,Cycling Track,"Cycling Track Madison, Men",NA
1503452,Robbe Ghys,M,23,NA,NA,,,2020 Summer,2020,Summer,Tokyo,Cycling Track,"Cycling Track Madison, Men",NA
1503453,Yoeri Havik,M,29,NA,NA,,,2020 Summer,2020,Summer,Tokyo,Cycling Track,"Cycling Track Madison, Men",NA
1503454,Jan-Willem van Schip,M,25,194.0,83.0,,,2020 Summer,2020,Summer,Tokyo,Cycling Track,"Cycling Track Madison, Men",NA
1503455,Sebastián Mora,M,32,181.0,70.0,,,2020 Summer,2020,Summer,Tokyo,Cycling Track,"Cycling Track Madison, Men",NA
1503456,Albert Torres,M,30,180.0,70.0,,,2020 Summer,2020,Summer,Tokyo,Cycling Track,"Cycling Track Madison, Men",NA
1503457,Robin Froidevaux,M,21,NA,NA,,,2020 Summer,2020,Summer,Tokyo,Cycling Track,"Cycling Track Madison, Men",NA
1503458,Théry Schir,M,27,186.0,77.0,,,2020 Summer,2020,Summer,Tokyo,Cycling Track,"Cycling Track Madison, Men",NA
1503459,Szymon Sajnok,M,22,NA,NA,,,2020 Summer,2020,Summer,Tokyo,Cycling Track,"Cycling Track Madison, Men",NA
1503460,Daniel Staniszewski,M,23,NA,NA,,,2020 Summer,2020,Summer,Tokyo,Cycling Track,"Cycling Track Madison, Men",NA
1503461,Roger Kluge,M,34,191.0,85.0,,,2020 Summer,2020,Summer,Tokyo,Cycling Track,"Cycling Track Madison, Men",NA
1503462,Theo Reinhardt,M,29,177.0,68.0,,,2020 Summer,2020,Summer,Tokyo,Cycling Track,"Cycling Track Madison, Men",NA
1503463,Simone Consonni,M,25,165.0,60.0,,,2020 Summer,2020,Summer,Tokyo,Cycling Track,"Cycling Track Madison, Men",NA
1503464,Elia Viviani,M,31,177.0,70.0,,,2020 Summer,2020,Summer,Tokyo,Cycling Track,"Cycling Track Madison, Men",NA
1503465,Campbell Stewart,M,22,178.0,NA,,,2020 Summer,2020,Summer,Tokyo,Cycling Track,"Cycling Track Madison, Men",NA
1503466,Corbin Strong,M,20,171.0,NA,,,2020 Summer,2020,Summer,Tokyo,Cycling Track,"Cycling Track Madison, Men",NA
1503467,Kelland O'Brien,M,22,NA,NA,,,2020 Summer,2020,Summer,Tokyo,Cycling Track,"Cycling Track Madison, Men",NA
1503468,Leigh Howard,M,30,NA,NA,,,2020 Summer,2020,Summer,Tokyo,Cycling Track,"Cycling Track Madison, Men",NA
1503469,Adrian Hegyvary,M,36,191.0,78.0,,,2020 Summer,2020,Summer,Tokyo,Cycling Track,"Cycling Track Madison, Men",NA
1503470,Gavin Hoover,M,23,188.0,77.0,,,2020 Summer,2020,Summer,Tokyo,Cycling Track,"Cycling Track Madison, Men",NA
1503471,Andreas Graf,M,34,NA,NA,,,2020 Summer,2020,Summer,Tokyo,Cycling Track,"Cycling Track Madison, Men",NA
1503472,Andreas Müller,M,40,NA,NA,,,2020 Summer,2020,Summer,Tokyo,Cycling Track,"Cycling Track Madison, Men",NA
1503473,Mark Downey,M,24,NA,NA,,,2020 Summer,2020,Summer,Tokyo,Cycling Track,"Cycling Track Madison, Men",NA
1503474,Felix English,M,27,NA,NA,,,2020 Summer,2020,Summer,Tokyo,Cycling Track,"Cycling Track Madison, Men",NA
1503475,Michael Foley,M,21,NA,NA,,,2020 Summer,2020,Summer,Tokyo,Cycling Track,"Cycling Track Madison, Men",NA
1503476,Derek Gee,M,22,NA,NA,,,2020 Summer,2020,Summer,Tokyo,Cycling Track,"Cycling Track Madison, Men",NA
1503477,Matthew Walls,M,22,NA,NA,GBR,GBR,2020 Summer,2020,Summer,Tokyo,Cycling Track,"Cycling Track Omnium, Men",Gold
1503478,Campbell Stewart,M,22,178.0,NA,NZL,NZL,2020 Summer,2020,Summer,Tokyo,Cycling Track,"Cycling Track Omnium, Men",Silver
1503479,Elia Viviani,M,31,177.0,70.0,ITA,ITA,2020 Summer,2020,Summer,Tokyo,Cycling Track,"Cycling Track Omnium, Men",Bronze
1503480,Benjamin Thomas,M,24,NA,NA,FRA,FRA,2020 Summer,2020,Summer,Tokyo,Cycling Track,"Cycling Track Omnium, Men",NA
1503481,Niklas Larsen,M,23,180.0,74.0,DEN,DEN,2020 Summer,2020,Summer,Tokyo,Cycling Track,"Cycling Track Omnium, Men",NA
1503482,Jan-Willem van Schip,M,25,194.0,83.0,NED,NED,2020 Summer,2020,Summer,Tokyo,Cycling Track,"Cycling Track Omnium, Men",NA
1503483,Théry Schir,M,27,186.0,77.0,SUI,SUI,2020 Summer,2020,Summer,Tokyo,Cycling Track,"Cycling Track Omnium, Men",NA
1503484,Gavin Hoover,M,23,188.0,77.0,USA,USA,2020 Summer,2020,Summer,Tokyo,Cycling Track,"Cycling Track Omnium, Men",NA
1503485,Roger Kluge,M,34,191.0,85.0,GER,GER,2020 Summer,2020,Summer,Tokyo,Cycling Track,"Cycling Track Omnium, Men",NA
1503486,Albert Torres,M,30,180.0,70.0,ESP,ESP,2020 Summer,2020,Summer,Tokyo,Cycling Track,"Cycling Track Omnium, Men",NA
1503487,Sam Welsford,M,24,179.0,82.0,AUS,AUS,2020 Summer,2020,Summer,Tokyo,Cycling Track,"Cycling Track Omnium, Men",NA
1503488,Yauhen Karaliok,M,24,181.0,75.0,BLR,BLR,2020 Summer,2020,Summer,Tokyo,Cycling Track,"Cycling Track Omnium, Men",NA
1503489,Kenny De Ketele,M,35,179.0,68.0,BEL,BEL,2020 Summer,2020,Summer,Tokyo,Cycling Track,"Cycling Track Omnium, Men",NA
1503490,Artyom Zakharov,M,28,177.0,70.0,KAZ,KAZ,2020 Summer,2020,Summer,Tokyo,Cycling Track,"Cycling Track Omnium, Men",NA
1503491,Eiya Hashimoto,M,26,NA,NA,JPN,JPN,2020 Summer,2020,Summer,Tokyo,Cycling Track,"Cycling Track Omnium, Men",NA
1503492,Szymon Sajnok,M,22,NA,NA,POL,POL,2020 Summer,2020,Summer,Tokyo,Cycling Track,"Cycling Track Omnium, Men",NA
1503493,Mark Downey,M,24,NA,NA,IRL,IRL,2020 Summer,2020,Summer,Tokyo,Cycling Track,"Cycling Track Omnium, Men",NA
1503494,Andreas Müller,M,40,NA,NA,AUT,AUT,2020 Summer,2020,Summer,Tokyo,Cycling Track,"Cycling Track Omnium, Men",NA
1503495,David Maree,M,30,NA,NA,RSA,RSA,2020 Summer,2020,Summer,Tokyo,Cycling Track,"Cycling Track Omnium, Men",NA
1503496,Christos Volikakis,M,32,170.0,85.0,GRE,GRE,2020 Summer,2020,Summer,Tokyo,Cycling Track,"Cycling Track Omnium, Men",NA
1503497,Kelsey Mitchell,F,26,NA,NA,CAN,CAN,2020 Summer,2020,Summer,Tokyo,Cycling Track,"Cycling Track Sprint, Women",Gold
1503498,Olena Starikova,F,24,160.0,NA,UKR,UKR,2020 Summer,2020,Summer,Tokyo,Cycling Track,"Cycling Track Sprint, Women",Silver
1503499,Sarah Lee,F,33,165.0,62.0,HKG,HKG,2020 Summer,2020,Summer,Tokyo,Cycling Track,"Cycling Track Sprint, Women",Bronze
1503500,Emma Hinze,F,22,168.0,63.0,GER,GER,2020 Summer,2020,Summer,Tokyo,Cycling Track,"Cycling Track Sprint, Women",NA
1503501,Lea-Sophie Friedrich,F,20,NA,NA,GER,GER,2020 Summer,2020,Summer,Tokyo,Cycling Track,"Cycling Track Sprint, Women",NA
1503502,Katy Marchant,F,27,170.0,72.0,GBR,GBR,2020 Summer,2020,Summer,Tokyo,Cycling Track,"Cycling Track Sprint, Women",NA
1503503,Shanne Braspennincx,F,29,NA,NA,NED,NED,2020 Summer,2020,Summer,Tokyo,Cycling Track,"Cycling Track Sprint, Women",NA
1503504,Lauriane Genest,F,22,NA,NA,CAN,CAN,2020 Summer,2020,Summer,Tokyo,Cycling Track,"Cycling Track Sprint, Women",NA
1503505,Mathilde Gros,F,21,NA,NA,FRA,FRA,2020 Summer,2020,Summer,Tokyo,Cycling Track,"Cycling Track Sprint, Women",NA
1503506,Zhong Tianshi,F,29,168.0,62.0,CHN,CHN,2020 Summer,2020,Summer,Tokyo,Cycling Track,"Cycling Track Sprint, Women",NA
1503507,Ellesse Andrews,F,20,176.0,NA,NZL,NZL,2020 Summer,2020,Summer,Tokyo,Cycling Track,"Cycling Track Sprint, Women",NA
1503508,Anastasiya Voynova,F,27,162.0,62.0,ROC,ROC,2020 Summer,2020,Summer,Tokyo,Cycling Track,"Cycling Track Sprint, Women",NA
1503509,Kaarle McCulloch,F,32,168.0,69.0,AUS,AUS,2020 Summer,2020,Summer,Tokyo,Cycling Track,"Cycling Track Sprint, Women",NA
1503510,Yuka Kobayashi,F,26,NA,NA,JPN,JPN,2020 Summer,2020,Summer,Tokyo,Cycling Track,"Cycling Track Sprint, Women",NA
1503511,Bao Shanju,F,22,NA,NA,CHN,CHN,2020 Summer,2020,Summer,Tokyo,Cycling Track,"Cycling Track Sprint, Women",NA
1503512,Maddie Godby,F,27,NA,NA,USA,USA,2020 Summer,2020,Summer,Tokyo,Cycling Track,"Cycling Track Sprint, Women",NA
1503513,Darya Shmelyova,F,25,164.0,64.0,ROC,ROC,2020 Summer,2020,Summer,Tokyo,Cycling Track,"Cycling Track Sprint, Women",NA
1503514,Daniela Gaxiola,F,27,NA,NA,MEX,MEX,2020 Summer,2020,Summer,Tokyo,Cycling Track,"Cycling Track Sprint, Women",NA
1503515,Simona Krupeckaitė,F,37,170.0,70.0,LTU,LTU,2020 Summer,2020,Summer,Tokyo,Cycling Track,"Cycling Track Sprint, Women",NA
1503516,Yuli Verdugo,F,23,NA,NA,MEX,MEX,2020 Summer,2020,Summer,Tokyo,Cycling Track,"Cycling Track Sprint, Women",NA
1503517,Lee Hye-Jin,F,28,165.0,61.0,KOR,KOR,2020 Summer,2020,Summer,Tokyo,Cycling Track,"Cycling Track Sprint, Women",NA
1503518,Charlene Du Preez,F,32,NA,NA,RSA,RSA,2020 Summer,2020,Summer,Tokyo,Cycling Track,"Cycling Track Sprint, Women",NA
1503519,Liubov Basova,F,31,162.0,65.0,UKR,UKR,2020 Summer,2020,Summer,Tokyo,Cycling Track,"Cycling Track Sprint, Women",NA
1503520,Miglė Marozaitė,F,24,NA,NA,LTU,LTU,2020 Summer,2020,Summer,Tokyo,Cycling Track,"Cycling Track Sprint, Women",NA
1503521,Urszula Łoś,F,26,NA,NA,POL,POL,2020 Summer,2020,Summer,Tokyo,Cycling Track,"Cycling Track Sprint, Women",NA
1503522,Marlena Karwacka,F,23,NA,NA,POL,POL,2020 Summer,2020,Summer,Tokyo,Cycling Track,"Cycling Track Sprint, Women",NA
1503523,Kirstie James,F,31,175.0,NA,NZL,NZL,2020 Summer,2020,Summer,Tokyo,Cycling Track,"Cycling Track Sprint, Women",NA
1503524,Jessica Lee,F,29,NA,NA,HKG,HKG,2020 Summer,2020,Summer,Tokyo,Cycling Track,"Cycling Track Sprint, Women",NA
1503525,Coralie Demay,F,27,NA,NA,FRA,FRA,2020 Summer,2020,Summer,Tokyo,Cycling Track,"Cycling Track Sprint, Women",NA
1503526,Laurine van Riessen,F,32,167.0,63.0,NED,NED,2020 Summer,2020,Summer,Tokyo,Cycling Track,"Cycling Track Sprint, Women",NA
1503527,Shanne Braspennincx,F,29,NA,NA,NED,NED,2020 Summer,2020,Summer,Tokyo,Cycling Track,"Cycling Track Keirin, Women",Gold
1503528,Ellesse Andrews,F,20,176.0,NA,NZL,NZL,2020 Summer,2020,Summer,Tokyo,Cycling Track,"Cycling Track Keirin, Women",Silver
1503529,Lauriane Genest,F,22,NA,NA,CAN,CAN,2020 Summer,2020,Summer,Tokyo,Cycling Track,"Cycling Track Keirin, Women",Bronze
1503530,Olena Starikova,F,24,160.0,NA,UKR,UKR,2020 Summer,2020,Summer,Tokyo,Cycling Track,"Cycling Track Keirin, Women",NA
1503531,Kelsey Mitchell,F,26,NA,NA,CAN,CAN,2020 Summer,2020,Summer,Tokyo,Cycling Track,"Cycling Track Keirin, Women",NA
1503532,Liubov Basova,F,31,162.0,65.0,UKR,UKR,2020 Summer,2020,Summer,Tokyo,Cycling Track,"Cycling Track Keirin, Women",NA
1503533,Emma Hinze,F,22,168.0,63.0,GER,GER,2020 Summer,2020,Summer,Tokyo,Cycling Track,"Cycling Track Keirin, Women",NA
1503534,Sarah Lee,F,33,165.0,62.0,HKG,HKG,2020 Summer,2020,Summer,Tokyo,Cycling Track,"Cycling Track Keirin, Women",NA
1503535,Kaarle McCulloch,F,32,168.0,69.0,AUS,AUS,2020 Summer,2020,Summer,Tokyo,Cycling Track,"Cycling Track Keirin, Women",NA
1503536,Darya Shmelyova,F,25,164.0,64.0,ROC,ROC,2020 Summer,2020,Summer,Tokyo,Cycling Track,"Cycling Track Keirin, Women",NA
1503537,Daniela Gaxiola,F,27,NA,NA,MEX,MEX,2020 Summer,2020,Summer,Tokyo,Cycling Track,"Cycling Track Keirin, Women",NA
1503538,Zhong Tianshi,F,29,168.0,62.0,CHN,CHN,2020 Summer,2020,Summer,Tokyo,Cycling Track,"Cycling Track Keirin, Women",NA
1503539,Mathilde Gros,F,21,NA,NA,FRA,FRA,2020 Summer,2020,Summer,Tokyo,Cycling Track,"Cycling Track Keirin, Women",NA
1503540,Katy Marchant,F,27,170.0,72.0,GBR,GBR,2020 Summer,2020,Summer,Tokyo,Cycling Track,"Cycling Track Keirin, Women",NA
1503541,Maddie Godby,F,27,NA,NA,USA,USA,2020 Summer,2020,Summer,Tokyo,Cycling Track,"Cycling Track Keirin, Women",NA
1503542,Lea-Sophie Friedrich,F,20,NA,NA,GER,GER,2020 Summer,2020,Summer,Tokyo,Cycling Track,"Cycling Track Keirin, Women",NA
1503543,Yuka Kobayashi,F,26,NA,NA,JPN,JPN,2020 Summer,2020,Summer,Tokyo,Cycling Track,"Cycling Track Keirin, Women",NA
1503544,Laurine van Riessen,F,32,167.0,63.0,NED,NED,2020 Summer,2020,Summer,Tokyo,Cycling Track,"Cycling Track Keirin, Women",NA
1503545,Lee Hye-Jin,F,28,165.0,61.0,KOR,KOR,2020 Summer,2020,Summer,Tokyo,Cycling Track,"Cycling Track Keirin, Women",NA
1503546,Simona Krupeckaitė,F,37,170.0,70.0,LTU,LTU,2020 Summer,2020,Summer,Tokyo,Cycling Track,"Cycling Track Keirin, Women",NA
1503547,Urszula Łoś,F,26,NA,NA,POL,POL,2020 Summer,2020,Summer,Tokyo,Cycling Track,"Cycling Track Keirin, Women",NA
1503548,Anastasiya Voynova,F,27,162.0,62.0,ROC,ROC,2020 Summer,2020,Summer,Tokyo,Cycling Track,"Cycling Track Keirin, Women",NA
1503549,Coralie Demay,F,27,NA,NA,FRA,FRA,2020 Summer,2020,Summer,Tokyo,Cycling Track,"Cycling Track Keirin, Women",NA
1503550,Jessica Lee,F,29,NA,NA,HKG,HKG,2020 Summer,2020,Summer,Tokyo,Cycling Track,"Cycling Track Keirin, Women",NA
1503551,Yuli Verdugo,F,23,NA,NA,MEX,MEX,2020 Summer,2020,Summer,Tokyo,Cycling Track,"Cycling Track Keirin, Women",NA
1503552,Marlena Karwacka,F,23,NA,NA,POL,POL,2020 Summer,2020,Summer,Tokyo,Cycling Track,"Cycling Track Keirin, Women",NA
1503553,Bao Shanju,F,22,NA,NA,CHN,CHN,2020 Summer,2020,Summer,Tokyo,Cycling Track,"Cycling Track Keirin, Women",NA
1503554,Miglė Marozaitė,F,24,NA,NA,LTU,LTU,2020 Summer,2020,Summer,Tokyo,Cycling Track,"Cycling Track Keirin, Women",NA
1503555,Charlene Du Preez,F,32,NA,NA,RSA,RSA,2020 Summer,2020,Summer,Tokyo,Cycling Track,"Cycling Track Keirin, Women",NA
1503556,Bao Shanju,F,22,NA,NA,,,2020 Summer,2020,Summer,Tokyo,Cycling Track,"Cycling Track Team Sprint, Women",NA
1503557,Zhong Tianshi,F,29,168.0,62.0,,,2020 Summer,2020,Summer,Tokyo,Cycling Track,"Cycling Track Team Sprint, Women",NA
1503558,Lea-Sophie Friedrich,F,20,NA,NA,,,2020 Summer,2020,Summer,Tokyo,Cycling Track,"Cycling Track Team Sprint, Women",NA
1503559,Emma Hinze,F,22,168.0,63.0,,,2020 Summer,2020,Summer,Tokyo,Cycling Track,"Cycling Track Team Sprint, Women",NA
1503560,Darya Shmelyova,F,25,164.0,64.0,,,2020 Summer,2020,Summer,Tokyo,Cycling Track,"Cycling Track Team Sprint, Women",NA
1503561,Anastasiya Voynova,F,27,162.0,62.0,,,2020 Summer,2020,Summer,Tokyo,Cycling Track,"Cycling Track Team Sprint, Women",NA
1503562,Shanne Braspennincx,F,29,NA,NA,,,2020 Summer,2020,Summer,Tokyo,Cycling Track,"Cycling Track Team Sprint, Women",NA
1503563,Laurine van Riessen,F,32,167.0,63.0,,,2020 Summer,2020,Summer,Tokyo,Cycling Track,"Cycling Track Team Sprint, Women",NA
1503564,Simona Krupeckaitė,F,37,170.0,70.0,,,2020 Summer,2020,Summer,Tokyo,Cycling Track,"Cycling Track Team Sprint, Women",NA
1503565,Miglė Marozaitė,F,24,NA,NA,,,2020 Summer,2020,Summer,Tokyo,Cycling Track,"Cycling Track Team Sprint, Women",NA
1503566,Daniela Gaxiola,F,27,NA,NA,,,2020 Summer,2020,Summer,Tokyo,Cycling Track,"Cycling Track Team Sprint, Women",NA
1503567,Yuli Verdugo,F,23,NA,NA,,,2020 Summer,2020,Summer,Tokyo,Cycling Track,"Cycling Track Team Sprint, Women",NA
1503568,Marlena Karwacka,F,23,NA,NA,,,2020 Summer,2020,Summer,Tokyo,Cycling Track,"Cycling Track Team Sprint, Women",NA
1503569,Urszula Łoś,F,26,NA,NA,,,2020 Summer,2020,Summer,Tokyo,Cycling Track,"Cycling Track Team Sprint, Women",NA
1503570,Liubov Basova,F,31,162.0,65.0,,,2020 Summer,2020,Summer,Tokyo,Cycling Track,"Cycling Track Team Sprint, Women",NA
1503571,Olena Starikova,F,24,160.0,NA,,,2020 Summer,2020,Summer,Tokyo,Cycling Track,"Cycling Track Team Sprint, Women",NA
1503572,Franziska Brauße,F,21,NA,NA,,,2020 Summer,2020,Summer,Tokyo,Cycling Track,"Cycling Track Team Pursuit (4,000 metres), Women",NA
1503573,Lisa Brennauer,F,32,168.0,63.0,,,2020 Summer,2020,Summer,Tokyo,Cycling Track,"Cycling Track Team Pursuit (4,000 metres), Women",NA
1503574,Lisa Klein,F,24,170.0,61.0,,,2020 Summer,2020,Summer,Tokyo,Cycling Track,"Cycling Track Team Pursuit (4,000 metres), Women",NA
1503575,Mieke Kröger,F,26,181.0,78.0,,,2020 Summer,2020,Summer,Tokyo,Cycling Track,"Cycling Track Team Pursuit (4,000 metres), Women",NA
1503576,Laura Süßemilch,F,23,NA,NA,,,2020 Summer,2020,Summer,Tokyo,Cycling Track,"Cycling Track Team Pursuit (4,000 metres), Women",NA
1503577,Katie Archibald,F,26,178.0,70.0,,,2020 Summer,2020,Summer,Tokyo,Cycling Track,"Cycling Track Team Pursuit (4,000 metres), Women",NA
1503578,Laura Kenny,F,28,164.0,56.0,,,2020 Summer,2020,Summer,Tokyo,Cycling Track,"Cycling Track Team Pursuit (4,000 metres), Women",NA
1503579,Neah Evans,F,29,NA,NA,,,2020 Summer,2020,Summer,Tokyo,Cycling Track,"Cycling Track Team Pursuit (4,000 metres), Women",NA
1503580,Josie Knight,F,23,NA,NA,,,2020 Summer,2020,Summer,Tokyo,Cycling Track,"Cycling Track Team Pursuit (4,000 metres), Women",NA
1503581,Elinor Barker,F,25,168.0,56.0,,,2020 Summer,2020,Summer,Tokyo,Cycling Track,"Cycling Track Team Pursuit (4,000 metres), Women",NA
1503582,Megan Jastrab,F,18,NA,NA,,,2020 Summer,2020,Summer,Tokyo,Cycling Track,"Cycling Track Team Pursuit (4,000 metres), Women",NA
1503583,Jennifer Valente,F,25,176.0,74.0,,,2020 Summer,2020,Summer,Tokyo,Cycling Track,"Cycling Track Team Pursuit (4,000 metres), Women",NA
1503584,Chloé Dygert,F,23,176.0,66.0,,,2020 Summer,2020,Summer,Tokyo,Cycling Track,"Cycling Track Team Pursuit (4,000 metres), Women",NA
1503585,Emma White,F,22,NA,NA,,,2020 Summer,2020,Summer,Tokyo,Cycling Track,"Cycling Track Team Pursuit (4,000 metres), Women",NA
1503586,Lily Williams,F,26,170.0,66.0,,,2020 Summer,2020,Summer,Tokyo,Cycling Track,"Cycling Track Team Pursuit (4,000 metres), Women",NA
1503587,Allison Beveridge,F,27,169.0,62.0,,,2020 Summer,2020,Summer,Tokyo,Cycling Track,"Cycling Track Team Pursuit (4,000 metres), Women",NA
1503588,Ariane Bonhomme,F,25,NA,NA,,,2020 Summer,2020,Summer,Tokyo,Cycling Track,"Cycling Track Team Pursuit (4,000 metres), Women",NA
1503589,Annie Foreman-Mackey,F,29,NA,NA,,,2020 Summer,2020,Summer,Tokyo,Cycling Track,"Cycling Track Team Pursuit (4,000 metres), Women",NA
1503590,Georgia Simmerling,F,31,172.0,67.0,,,2020 Summer,2020,Summer,Tokyo,Cycling Track,"Cycling Track Team Pursuit (4,000 metres), Women",NA
1503591,Jasmin Duehring,F,28,167.0,58.0,,,2020 Summer,2020,Summer,Tokyo,Cycling Track,"Cycling Track Team Pursuit (4,000 metres), Women",NA
1503592,Georgia Baker,F,25,179.0,66.0,,,2020 Summer,2020,Summer,Tokyo,Cycling Track,"Cycling Track Team Pursuit (4,000 metres), Women",NA
1503593,Annette Edmondson,F,28,171.0,65.0,,,2020 Summer,2020,Summer,Tokyo,Cycling Track,"Cycling Track Team Pursuit (4,000 metres), Women",NA
1503594,Ashlee Ankudinoff,F,29,174.0,67.0,,,2020 Summer,2020,Summer,Tokyo,Cycling Track,"Cycling Track Team Pursuit (4,000 metres), Women",NA
1503595,Maeve Plouffe,F,21,NA,NA,,,2020 Summer,2020,Summer,Tokyo,Cycling Track,"Cycling Track Team Pursuit (4,000 metres), Women",NA
1503596,Alexandra Manly,F,24,NA,NA,,,2020 Summer,2020,Summer,Tokyo,Cycling Track,"Cycling Track Team Pursuit (4,000 metres), Women",NA
1503597,Elisa Balsamo,F,22,165.0,53.0,,,2020 Summer,2020,Summer,Tokyo,Cycling Track,"Cycling Track Team Pursuit (4,000 metres), Women",NA
1503598,Letizia Paternoster,F,20,NA,NA,,,2020 Summer,2020,Summer,Tokyo,Cycling Track,"Cycling Track Team Pursuit (4,000 metres), Women",NA
1503599,Martina Alzini,F,23,NA,NA,,,2020 Summer,2020,Summer,Tokyo,Cycling Track,"Cycling Track Team Pursuit (4,000 metres), Women",NA
1503600,Vittoria Guazzini,F,19,NA,NA,,,2020 Summer,2020,Summer,Tokyo,Cycling Track,"Cycling Track Team Pursuit (4,000 metres), Women",NA
1503601,Rachele Barbieri,F,23,NA,NA,,,2020 Summer,2020,Summer,Tokyo,Cycling Track,"Cycling Track Team Pursuit (4,000 metres), Women",NA
1503602,Victoire Berteau,F,19,NA,NA,,,2020 Summer,2020,Summer,Tokyo,Cycling Track,"Cycling Track Team Pursuit (4,000 metres), Women",NA
1503603,Marion Borras,F,22,NA,NA,,,2020 Summer,2020,Summer,Tokyo,Cycling Track,"Cycling Track Team Pursuit (4,000 metres), Women",NA
1503604,Valentine Fortin,F,21,NA,NA,,,2020 Summer,2020,Summer,Tokyo,Cycling Track,"Cycling Track Team Pursuit (4,000 metres), Women",NA
1503605,Marie Le Net,F,20,NA,NA,,,2020 Summer,2020,Summer,Tokyo,Cycling Track,"Cycling Track Team Pursuit (4,000 metres), Women",NA
1503606,Coralie Demay,F,27,NA,NA,,,2020 Summer,2020,Summer,Tokyo,Cycling Track,"Cycling Track Team Pursuit (4,000 metres), Women",NA
1503607,Holly Edmondston,F,23,174.0,NA,,,2020 Summer,2020,Summer,Tokyo,Cycling Track,"Cycling Track Team Pursuit (4,000 metres), Women",NA
1503608,Bryony Botha,F,22,174.0,NA,,,2020 Summer,2020,Summer,Tokyo,Cycling Track,"Cycling Track Team Pursuit (4,000 metres), Women",NA
1503609,Kirstie James,F,31,175.0,NA,,,2020 Summer,2020,Summer,Tokyo,Cycling Track,"Cycling Track Team Pursuit (4,000 metres), Women",NA
1503610,Jaime Nielsen,F,34,177.0,70.0,,,2020 Summer,2020,Summer,Tokyo,Cycling Track,"Cycling Track Team Pursuit (4,000 metres), Women",NA
1503611,Rushlee Buchanan,F,32,170.0,63.0,,,2020 Summer,2020,Summer,Tokyo,Cycling Track,"Cycling Track Team Pursuit (4,000 metres), Women",NA
1503612,Jennifer Valente,F,25,176.0,74.0,USA,USA,2020 Summer,2020,Summer,Tokyo,Cycling Track,"Cycling Track Omnium, Women",Gold
1503613,Yumi Kajihara,F,23,NA,NA,JPN,JPN,2020 Summer,2020,Summer,Tokyo,Cycling Track,"Cycling Track Omnium, Women",Silver
1503614,Kirsten Wild,F,37,178.0,78.0,NED,NED,2020 Summer,2020,Summer,Tokyo,Cycling Track,"Cycling Track Omnium, Women",Bronze
1503615,Amalie Dideriksen,F,24,175.0,62.0,DEN,DEN,2020 Summer,2020,Summer,Tokyo,Cycling Track,"Cycling Track Omnium, Women",NA
1503616,Anita Stenberg,F,27,168.0,59.0,NOR,NOR,2020 Summer,2020,Summer,Tokyo,Cycling Track,"Cycling Track Omnium, Women",NA
1503617,Laura Kenny,F,28,164.0,56.0,GBR,GBR,2020 Summer,2020,Summer,Tokyo,Cycling Track,"Cycling Track Omnium, Women",NA
1503618,Maria Martins,F,21,164.0,64.0,POR,POR,2020 Summer,2020,Summer,Tokyo,Cycling Track,"Cycling Track Omnium, Women",NA
1503619,Clara Copponi,F,21,NA,NA,FRA,FRA,2020 Summer,2020,Summer,Tokyo,Cycling Track,"Cycling Track Omnium, Women",NA
1503620,Allison Beveridge,F,27,169.0,62.0,CAN,CAN,2020 Summer,2020,Summer,Tokyo,Cycling Track,"Cycling Track Omnium, Women",NA
1503621,Holly Edmondston,F,23,174.0,NA,NZL,NZL,2020 Summer,2020,Summer,Tokyo,Cycling Track,"Cycling Track Omnium, Women",NA
1503622,Liu Jiali,F,26,NA,NA,CHN,CHN,2020 Summer,2020,Summer,Tokyo,Cycling Track,"Cycling Track Omnium, Women",NA
1503623,Annette Edmondson,F,28,171.0,65.0,AUS,AUS,2020 Summer,2020,Summer,Tokyo,Cycling Track,"Cycling Track Omnium, Women",NA
1503624,Emily Kay,F,24,NA,NA,IRL,IRL,2020 Summer,2020,Summer,Tokyo,Cycling Track,"Cycling Track Omnium, Women",NA
1503625,Elisa Balsamo,F,22,165.0,53.0,ITA,ITA,2020 Summer,2020,Summer,Tokyo,Cycling Track,"Cycling Track Omnium, Women",NA
1503626,Mariya Novolodskaya,F,20,NA,NA,ROC,ROC,2020 Summer,2020,Summer,Tokyo,Cycling Track,"Cycling Track Omnium, Women",NA
1503627,Tatsiana Sharakova,F,35,160.0,52.0,BLR,BLR,2020 Summer,2020,Summer,Tokyo,Cycling Track,"Cycling Track Omnium, Women",NA
1503628,Olivija Baleišytė,F,21,NA,NA,LTU,LTU,2020 Summer,2020,Summer,Tokyo,Cycling Track,"Cycling Track Omnium, Women",NA
1503629,Ebtissam Mohamed,F,23,163.0,54.0,EGY,EGY,2020 Summer,2020,Summer,Tokyo,Cycling Track,"Cycling Track Omnium, Women",NA
1503630,Pang Yao,F,25,NA,NA,HKG,HKG,2020 Summer,2020,Summer,Tokyo,Cycling Track,"Cycling Track Omnium, Women",NA
1503631,Lotte Kopecky,F,24,171.0,66.0,BEL,BEL,2020 Summer,2020,Summer,Tokyo,Cycling Track,"Cycling Track Omnium, Women",NA
1503632,Daria Pikulik,F,23,165.0,54.0,POL,POL,2020 Summer,2020,Summer,Tokyo,Cycling Track,"Cycling Track Omnium, Women",NA
1503633,Katie Archibald,F,26,178.0,70.0,,,2020 Summer,2020,Summer,Tokyo,Cycling Track,"Cycling Track Madison, Women",NA
1503634,Laura Kenny,F,28,164.0,56.0,,,2020 Summer,2020,Summer,Tokyo,Cycling Track,"Cycling Track Madison, Women",NA
1503635,Amalie Dideriksen,F,24,175.0,62.0,,,2020 Summer,2020,Summer,Tokyo,Cycling Track,"Cycling Track Madison, Women",NA
1503636,Julie Norman-Leth,F,28,NA,NA,,,2020 Summer,2020,Summer,Tokyo,Cycling Track,"Cycling Track Madison, Women",NA
1503637,Gulnaz Khatuntseva,F,26,NA,NA,,,2020 Summer,2020,Summer,Tokyo,Cycling Track,"Cycling Track Madison, Women",NA
1503638,Mariya Novolodskaya,F,20,NA,NA,,,2020 Summer,2020,Summer,Tokyo,Cycling Track,"Cycling Track Madison, Women",NA
1503639,Amy Pieters,F,29,164.0,58.0,,,2020 Summer,2020,Summer,Tokyo,Cycling Track,"Cycling Track Madison, Women",NA
1503640,Kirsten Wild,F,37,178.0,78.0,,,2020 Summer,2020,Summer,Tokyo,Cycling Track,"Cycling Track Madison, Women",NA
1503641,Clara Copponi,F,21,NA,NA,,,2020 Summer,2020,Summer,Tokyo,Cycling Track,"Cycling Track Madison, Women",NA
1503642,Marie Le Net,F,20,NA,NA,,,2020 Summer,2020,Summer,Tokyo,Cycling Track,"Cycling Track Madison, Women",NA
1503643,Daria Pikulik,F,23,165.0,54.0,,,2020 Summer,2020,Summer,Tokyo,Cycling Track,"Cycling Track Madison, Women",NA
1503644,Wiktoria Pikulik,F,22,NA,NA,,,2020 Summer,2020,Summer,Tokyo,Cycling Track,"Cycling Track Madison, Women",NA
1503645,Georgia Baker,F,25,179.0,66.0,,,2020 Summer,2020,Summer,Tokyo,Cycling Track,"Cycling Track Madison, Women",NA
1503646,Annette Edmondson,F,28,171.0,65.0,,,2020 Summer,2020,Summer,Tokyo,Cycling Track,"Cycling Track Madison, Women",NA
1503647,Elisa Balsamo,F,22,165.0,53.0,,,2020 Summer,2020,Summer,Tokyo,Cycling Track,"Cycling Track Madison, Women",NA
1503648,Letizia Paternoster,F,20,NA,NA,,,2020 Summer,2020,Summer,Tokyo,Cycling Track,"Cycling Track Madison, Women",NA
1503649,Megan Jastrab,F,18,NA,NA,,,2020 Summer,2020,Summer,Tokyo,Cycling Track,"Cycling Track Madison, Women",NA
1503650,Jennifer Valente,F,25,176.0,74.0,,,2020 Summer,2020,Summer,Tokyo,Cycling Track,"Cycling Track Madison, Women",NA
1503651,Lotte Kopecky,F,24,171.0,66.0,,,2020 Summer,2020,Summer,Tokyo,Cycling Track,"Cycling Track Madison, Women",NA
1503652,Jolien D'hoore,F,30,176.0,64.0,,,2020 Summer,2020,Summer,Tokyo,Cycling Track,"Cycling Track Madison, Women",NA
1503653,Jessie Hodges,F,23,171.0,NA,,,2020 Summer,2020,Summer,Tokyo,Cycling Track,"Cycling Track Madison, Women",NA
1503654,Rushlee Buchanan,F,32,170.0,63.0,,,2020 Summer,2020,Summer,Tokyo,Cycling Track,"Cycling Track Madison, Women",NA
1503655,Franziska Brauße,F,21,NA,NA,,,2020 Summer,2020,Summer,Tokyo,Cycling Track,"Cycling Track Madison, Women",NA
1503656,Lisa Klein,F,24,170.0,61.0,,,2020 Summer,2020,Summer,Tokyo,Cycling Track,"Cycling Track Madison, Women",NA
1503657,Emily Kay,F,24,NA,NA,,,2020 Summer,2020,Summer,Tokyo,Cycling Track,"Cycling Track Madison, Women",NA
1503658,Shannon McCurley,F,28,163.0,65.0,,,2020 Summer,2020,Summer,Tokyo,Cycling Track,"Cycling Track Madison, Women",NA
1503659,Yumi Kajihara,F,23,NA,NA,,,2020 Summer,2020,Summer,Tokyo,Cycling Track,"Cycling Track Madison, Women",NA
1503660,Kisato Nakamura,F,27,NA,NA,,,2020 Summer,2020,Summer,Tokyo,Cycling Track,"Cycling Track Madison, Women",NA
1503661,Pang Yao,F,25,NA,NA,,,2020 Summer,2020,Summer,Tokyo,Cycling Track,"Cycling Track Madison, Women",NA
1503662,Leung Bo Yee,F,26,NA,NA,,,2020 Summer,2020,Summer,Tokyo,Cycling Track,"Cycling Track Madison, Women",NA
1503663,Harrie Lavreysen,M,27,NA,NA,NED,NED,2024 Summer,2024,Summer,Paris,Cycling Track,"Cycling Track Sprint, Men",Gold
1503664,Matthew Richardson,M,25,NA,NA,AUS,AUS,2024 Summer,2024,Summer,Paris,Cycling Track,"Cycling Track Sprint, Men",Silver
1503665,Jack Carlin,M,27,NA,NA,GBR,GBR,2024 Summer,2024,Summer,Paris,Cycling Track,"Cycling Track Sprint, Men",Bronze
1503666,Jeffrey Hoogland,M,31,185.0,97.0,NED,NED,2024 Summer,2024,Summer,Paris,Cycling Track,"Cycling Track Sprint, Men",NA
1503667,Mateusz Rudyk,M,28,NA,NA,POL,POL,2024 Summer,2024,Summer,Paris,Cycling Track,"Cycling Track Sprint, Men",NA
1503668,Yuta Obara,M,28,NA,NA,JPN,JPN,2024 Summer,2024,Summer,Paris,Cycling Track,"Cycling Track Sprint, Men",NA
1503669,Hamish Turnbull,M,25,NA,NA,GBR,GBR,2024 Summer,2024,Summer,Paris,Cycling Track,"Cycling Track Sprint, Men",NA
1503670,Kaiya Ota,M,24,NA,NA,JPN,JPN,2024 Summer,2024,Summer,Paris,Cycling Track,"Cycling Track Sprint, Men",NA
1503671,Mikhail Yakovlev,M,23,NA,NA,ISR,ISR,2024 Summer,2024,Summer,Paris,Cycling Track,"Cycling Track Sprint, Men",NA
1503672,Leigh Hoffman,M,24,NA,NA,AUS,AUS,2024 Summer,2024,Summer,Paris,Cycling Track,"Cycling Track Sprint, Men",NA
1503673,Nicholas Paul,M,25,NA,NA,TTO,TTO,2024 Summer,2024,Summer,Paris,Cycling Track,"Cycling Track Sprint, Men",NA
1503674,Azizul Awang,M,36,166.0,69.0,MAS,MAS,2024 Summer,2024,Summer,Paris,Cycling Track,"Cycling Track Sprint, Men",NA
1503675,Cristian Ortega,M,23,NA,NA,COL,COL,2024 Summer,2024,Summer,Paris,Cycling Track,"Cycling Track Sprint, Men",NA
1503676,Rayan Helal,M,25,NA,NA,FRA,FRA,2024 Summer,2024,Summer,Paris,Cycling Track,"Cycling Track Sprint, Men",NA
1503677,Vasilijus Lendel,M,29,NA,NA,LTU,LTU,2024 Summer,2024,Summer,Paris,Cycling Track,"Cycling Track Sprint, Men",NA
1503678,Jaïr Tjon En Fa,M,30,NA,NA,SUR,SUR,2024 Summer,2024,Summer,Paris,Cycling Track,"Cycling Track Sprint, Men",NA
1503679,Sam Dakin,M,27,182.0,NA,NZL,NZL,2024 Summer,2024,Summer,Paris,Cycling Track,"Cycling Track Sprint, Men",NA
1503680,Luca Spiegel,M,20,NA,NA,GER,GER,2024 Summer,2024,Summer,Paris,Cycling Track,"Cycling Track Sprint, Men",NA
1503681,Sébastien Vigier,M,27,NA,NA,FRA,FRA,2024 Summer,2024,Summer,Paris,Cycling Track,"Cycling Track Sprint, Men",NA
1503682,Zhou Yu,M,25,NA,NA,CHN,CHN,2024 Summer,2024,Summer,Paris,Cycling Track,"Cycling Track Sprint, Men",NA
1503683,Tyler Rorke,M,21,NA,NA,CAN,CAN,2024 Summer,2024,Summer,Paris,Cycling Track,"Cycling Track Sprint, Men",NA
1503684,Nick Wammes,M,24,NA,NA,CAN,CAN,2024 Summer,2024,Summer,Paris,Cycling Track,"Cycling Track Sprint, Men",NA
1503685,Shah Firdaus Sahrom,M,28,NA,NA,MAS,MAS,2024 Summer,2024,Summer,Paris,Cycling Track,"Cycling Track Sprint, Men",NA
1503686,Maximilian Dörnbach,M,28,NA,NA,GER,GER,2024 Summer,2024,Summer,Paris,Cycling Track,"Cycling Track Sprint, Men",NA
1503687,Kevin Quintero,M,25,NA,NA,COL,COL,2024 Summer,2024,Summer,Paris,Cycling Track,"Cycling Track Sprint, Men",NA
1503688,Kwesi Browne,M,30,NA,NA,TTO,TTO,2024 Summer,2024,Summer,Paris,Cycling Track,"Cycling Track Sprint, Men",NA
1503689,Jai Angsuthasawit,M,29,NA,NA,THA,THA,2024 Summer,2024,Summer,Paris,Cycling Track,"Cycling Track Sprint, Men",NA
1503690,Liu Qi,M,23,NA,NA,CHN,CHN,2024 Summer,2024,Summer,Paris,Cycling Track,"Cycling Track Sprint, Men",NA
1503691,Jean Spies,M,34,NA,NA,RSA,RSA,2024 Summer,2024,Summer,Paris,Cycling Track,"Cycling Track Sprint, Men",NA
1503692,Andrey Chugay,M,24,NA,NA,KAZ,KAZ,2024 Summer,2024,Summer,Paris,Cycling Track,"Cycling Track Sprint, Men",NA
1503693,Harrie Lavreysen,M,27,NA,NA,NED,NED,2024 Summer,2024,Summer,Paris,Cycling Track,"Cycling Track Keirin, Men",Gold
1503694,Matthew Richardson,M,25,NA,NA,AUS,AUS,2024 Summer,2024,Summer,Paris,Cycling Track,"Cycling Track Keirin, Men",Silver
1503695,Matthew Glaetzer,M,31,190.0,86.0,AUS,AUS,2024 Summer,2024,Summer,Paris,Cycling Track,"Cycling Track Keirin, Men",Bronze
1503696,Jack Carlin,M,27,NA,NA,GBR,GBR,2024 Summer,2024,Summer,Paris,Cycling Track,"Cycling Track Keirin, Men",NA
1503697,Shinji Nakano,M,25,NA,NA,JPN,JPN,2024 Summer,2024,Summer,Paris,Cycling Track,"Cycling Track Keirin, Men",NA
1503698,Shah Firdaus Sahrom,M,28,NA,NA,MAS,MAS,2024 Summer,2024,Summer,Paris,Cycling Track,"Cycling Track Keirin, Men",NA
1503699,Cristian Ortega,M,23,NA,NA,COL,COL,2024 Summer,2024,Summer,Paris,Cycling Track,"Cycling Track Keirin, Men",NA
1503700,Sam Dakin,M,27,182.0,NA,NZL,NZL,2024 Summer,2024,Summer,Paris,Cycling Track,"Cycling Track Keirin, Men",NA
1503701,Luca Spiegel,M,20,NA,NA,GER,GER,2024 Summer,2024,Summer,Paris,Cycling Track,"Cycling Track Keirin, Men",NA
1503702,Mateusz Rudyk,M,28,NA,NA,POL,POL,2024 Summer,2024,Summer,Paris,Cycling Track,"Cycling Track Keirin, Men",NA
1503703,Hamish Turnbull,M,25,NA,NA,GBR,GBR,2024 Summer,2024,Summer,Paris,Cycling Track,"Cycling Track Keirin, Men",NA
1503704,Kaiya Ota,M,24,NA,NA,JPN,JPN,2024 Summer,2024,Summer,Paris,Cycling Track,"Cycling Track Keirin, Men",NA
1503705,Mikhail Yakovlev,M,23,NA,NA,ISR,ISR,2024 Summer,2024,Summer,Paris,Cycling Track,"Cycling Track Keirin, Men",NA
1503706,Jeffrey Hoogland,M,31,185.0,97.0,NED,NED,2024 Summer,2024,Summer,Paris,Cycling Track,"Cycling Track Keirin, Men",NA
1503707,Nicholas Paul,M,25,NA,NA,TTO,TTO,2024 Summer,2024,Summer,Paris,Cycling Track,"Cycling Track Keirin, Men",NA
1503708,James Hedgcock,M,22,NA,NA,CAN,CAN,2024 Summer,2024,Summer,Paris,Cycling Track,"Cycling Track Keirin, Men",NA
1503709,Nick Wammes,M,24,NA,NA,CAN,CAN,2024 Summer,2024,Summer,Paris,Cycling Track,"Cycling Track Keirin, Men",NA
1503710,Kevin Quintero,M,25,NA,NA,COL,COL,2024 Summer,2024,Summer,Paris,Cycling Track,"Cycling Track Keirin, Men",NA
1503711,Liu Qi,M,23,NA,NA,CHN,CHN,2024 Summer,2024,Summer,Paris,Cycling Track,"Cycling Track Keirin, Men",NA
1503712,Sébastien Vigier,M,27,NA,NA,FRA,FRA,2024 Summer,2024,Summer,Paris,Cycling Track,"Cycling Track Keirin, Men",NA
1503713,Andrey Chugay,M,24,NA,NA,KAZ,KAZ,2024 Summer,2024,Summer,Paris,Cycling Track,"Cycling Track Keirin, Men",NA
1503714,Jai Angsuthasawit,M,29,NA,NA,THA,THA,2024 Summer,2024,Summer,Paris,Cycling Track,"Cycling Track Keirin, Men",NA
1503715,Maximilian Dörnbach,M,28,NA,NA,GER,GER,2024 Summer,2024,Summer,Paris,Cycling Track,"Cycling Track Keirin, Men",NA
1503716,Vasilijus Lendel,M,29,NA,NA,LTU,LTU,2024 Summer,2024,Summer,Paris,Cycling Track,"Cycling Track Keirin, Men",NA
1503717,Jaïr Tjon En Fa,M,30,NA,NA,SUR,SUR,2024 Summer,2024,Summer,Paris,Cycling Track,"Cycling Track Keirin, Men",NA
1503718,Kwesi Browne,M,30,NA,NA,TTO,TTO,2024 Summer,2024,Summer,Paris,Cycling Track,"Cycling Track Keirin, Men",NA
1503719,Jean Spies,M,34,NA,NA,RSA,RSA,2024 Summer,2024,Summer,Paris,Cycling Track,"Cycling Track Keirin, Men",NA
1503720,Zhou Yu,M,25,NA,NA,CHN,CHN,2024 Summer,2024,Summer,Paris,Cycling Track,"Cycling Track Keirin, Men",NA
1503721,Rayan Helal,M,25,NA,NA,FRA,FRA,2024 Summer,2024,Summer,Paris,Cycling Track,"Cycling Track Keirin, Men",NA
1503722,Azizul Awang,M,36,166.0,69.0,MAS,MAS,2024 Summer,2024,Summer,Paris,Cycling Track,"Cycling Track Keirin, Men",NA
1503723,Jeffrey Hoogland,M,31,185.0,97.0,,,2024 Summer,2024,Summer,Paris,Cycling Track,"Cycling Track Team Sprint, Men",NA
1503724,Harrie Lavreysen,M,27,NA,NA,,,2024 Summer,2024,Summer,Paris,Cycling Track,"Cycling Track Team Sprint, Men",NA
1503725,Roy van den Berg,M,35,NA,NA,,,2024 Summer,2024,Summer,Paris,Cycling Track,"Cycling Track Team Sprint, Men",NA
1503726,Jack Carlin,M,27,NA,NA,,,2024 Summer,2024,Summer,Paris,Cycling Track,"Cycling Track Team Sprint, Men",NA
1503727,Ed Lowe,M,20,NA,NA,,,2024 Summer,2024,Summer,Paris,Cycling Track,"Cycling Track Team Sprint, Men",NA
1503728,Hamish Turnbull,M,25,NA,NA,,,2024 Summer,2024,Summer,Paris,Cycling Track,"Cycling Track Team Sprint, Men",NA
1503729,Matthew Glaetzer,M,31,190.0,86.0,,,2024 Summer,2024,Summer,Paris,Cycling Track,"Cycling Track Team Sprint, Men",NA
1503730,Leigh Hoffman,M,24,NA,NA,,,2024 Summer,2024,Summer,Paris,Cycling Track,"Cycling Track Team Sprint, Men",NA
1503731,Matthew Richardson,M,25,NA,NA,,,2024 Summer,2024,Summer,Paris,Cycling Track,"Cycling Track Team Sprint, Men",NA
1503732,Florian Grengbo,M,23,NA,NA,,,2024 Summer,2024,Summer,Paris,Cycling Track,"Cycling Track Team Sprint, Men",NA
1503733,Rayan Helal,M,25,NA,NA,,,2024 Summer,2024,Summer,Paris,Cycling Track,"Cycling Track Team Sprint, Men",NA
1503734,Sébastien Vigier,M,27,NA,NA,,,2024 Summer,2024,Summer,Paris,Cycling Track,"Cycling Track Team Sprint, Men",NA
1503735,Yoshitaku Nagasako,M,30,172.0,70.0,,,2024 Summer,2024,Summer,Paris,Cycling Track,"Cycling Track Team Sprint, Men",NA
1503736,Yuta Obara,M,28,NA,NA,,,2024 Summer,2024,Summer,Paris,Cycling Track,"Cycling Track Team Sprint, Men",NA
1503737,Kaiya Ota,M,24,NA,NA,,,2024 Summer,2024,Summer,Paris,Cycling Track,"Cycling Track Team Sprint, Men",NA
1503738,Maximilian Dörnbach,M,28,NA,NA,,,2024 Summer,2024,Summer,Paris,Cycling Track,"Cycling Track Team Sprint, Men",NA
1503739,Nik Schröter,M,26,NA,NA,,,2024 Summer,2024,Summer,Paris,Cycling Track,"Cycling Track Team Sprint, Men",NA
1503740,Luca Spiegel,M,20,NA,NA,,,2024 Summer,2024,Summer,Paris,Cycling Track,"Cycling Track Team Sprint, Men",NA
1503741,Stefan Bötticher,M,32,NA,NA,,,2024 Summer,2024,Summer,Paris,Cycling Track,"Cycling Track Team Sprint, Men",NA
1503742,Guo Shuai,M,29,NA,NA,,,2024 Summer,2024,Summer,Paris,Cycling Track,"Cycling Track Team Sprint, Men",NA
1503743,Liu Qi,M,23,NA,NA,,,2024 Summer,2024,Summer,Paris,Cycling Track,"Cycling Track Team Sprint, Men",NA
1503744,Zhou Yu,M,25,NA,NA,,,2024 Summer,2024,Summer,Paris,Cycling Track,"Cycling Track Team Sprint, Men",NA
1503745,James Hedgcock,M,22,NA,NA,,,2024 Summer,2024,Summer,Paris,Cycling Track,"Cycling Track Team Sprint, Men",NA
1503746,Tyler Rorke,M,21,NA,NA,,,2024 Summer,2024,Summer,Paris,Cycling Track,"Cycling Track Team Sprint, Men",NA
1503747,Nick Wammes,M,24,NA,NA,,,2024 Summer,2024,Summer,Paris,Cycling Track,"Cycling Track Team Sprint, Men",NA
1503748,Oliver Bleddyn,M,22,NA,NA,,,2024 Summer,2024,Summer,Paris,Cycling Track,"Cycling Track Team Pursuit (4,000 metres), Men",NA
1503749,Sam Welsford,M,28,179.0,82.0,,,2024 Summer,2024,Summer,Paris,Cycling Track,"Cycling Track Team Pursuit (4,000 metres), Men",NA
1503750,Conor Leahy,M,25,NA,NA,,,2024 Summer,2024,Summer,Paris,Cycling Track,"Cycling Track Team Pursuit (4,000 metres), Men",NA
1503751,Kelland O'Brien,M,26,NA,NA,,,2024 Summer,2024,Summer,Paris,Cycling Track,"Cycling Track Team Pursuit (4,000 metres), Men",NA
1503752,Ethan Hayter,M,25,NA,NA,,,2024 Summer,2024,Summer,Paris,Cycling Track,"Cycling Track Team Pursuit (4,000 metres), Men",NA
1503753,Dan Bigham,M,32,NA,NA,,,2024 Summer,2024,Summer,Paris,Cycling Track,"Cycling Track Team Pursuit (4,000 metres), Men",NA
1503754,Charlie Tanfield,M,27,NA,NA,,,2024 Summer,2024,Summer,Paris,Cycling Track,"Cycling Track Team Pursuit (4,000 metres), Men",NA
1503755,Ethan Vernon,M,23,NA,NA,,,2024 Summer,2024,Summer,Paris,Cycling Track,"Cycling Track Team Pursuit (4,000 metres), Men",NA
1503756,Ollie Wood,M,28,NA,NA,,,2024 Summer,2024,Summer,Paris,Cycling Track,"Cycling Track Team Pursuit (4,000 metres), Men",NA
1503757,Simone Consonni,M,29,165.0,60.0,,,2024 Summer,2024,Summer,Paris,Cycling Track,"Cycling Track Team Pursuit (4,000 metres), Men",NA
1503758,Filippo Ganna,M,27,195.0,75.0,,,2024 Summer,2024,Summer,Paris,Cycling Track,"Cycling Track Team Pursuit (4,000 metres), Men",NA
1503759,Francesco Lamon,M,30,173.0,60.0,,,2024 Summer,2024,Summer,Paris,Cycling Track,"Cycling Track Team Pursuit (4,000 metres), Men",NA
1503760,Jonathan Milan,M,23,NA,NA,,,2024 Summer,2024,Summer,Paris,Cycling Track,"Cycling Track Team Pursuit (4,000 metres), Men",NA
1503761,Tobias Aagaard Hansen,M,22,NA,NA,,,2024 Summer,2024,Summer,Paris,Cycling Track,"Cycling Track Team Pursuit (4,000 metres), Men",NA
1503762,Niklas Larsen,M,27,180.0,74.0,,,2024 Summer,2024,Summer,Paris,Cycling Track,"Cycling Track Team Pursuit (4,000 metres), Men",NA
1503763,Carl-Frederik Bévort,M,20,NA,NA,,,2024 Summer,2024,Summer,Paris,Cycling Track,"Cycling Track Team Pursuit (4,000 metres), Men",NA
1503764,Rasmus Pedersen,M,26,NA,NA,,,2024 Summer,2024,Summer,Paris,Cycling Track,"Cycling Track Team Pursuit (4,000 metres), Men",NA
1503765,Aaron Gate,M,33,181.0,71.0,,,2024 Summer,2024,Summer,Paris,Cycling Track,"Cycling Track Team Pursuit (4,000 metres), Men",NA
1503766,Keegan Hornblow,M,22,NA,NA,,,2024 Summer,2024,Summer,Paris,Cycling Track,"Cycling Track Team Pursuit (4,000 metres), Men",NA
1503767,Tom Sexton,M,25,NA,NA,,,2024 Summer,2024,Summer,Paris,Cycling Track,"Cycling Track Team Pursuit (4,000 metres), Men",NA
1503768,Campbell Stewart,M,26,178.0,NA,,,2024 Summer,2024,Summer,Paris,Cycling Track,"Cycling Track Team Pursuit (4,000 metres), Men",NA
1503769,Thomas Boudat,M,30,175.0,69.0,,,2024 Summer,2024,Summer,Paris,Cycling Track,"Cycling Track Team Pursuit (4,000 metres), Men",NA
1503770,Benjamin Thomas,M,28,NA,NA,,,2024 Summer,2024,Summer,Paris,Cycling Track,"Cycling Track Team Pursuit (4,000 metres), Men",NA
1503771,Thomas Denis,M,26,NA,NA,,,2024 Summer,2024,Summer,Paris,Cycling Track,"Cycling Track Team Pursuit (4,000 metres), Men",NA
1503772,Valentin Tabellion,M,25,NA,NA,,,2024 Summer,2024,Summer,Paris,Cycling Track,"Cycling Track Team Pursuit (4,000 metres), Men",NA
1503773,Dylan Bibic,M,20,NA,NA,,,2024 Summer,2024,Summer,Paris,Cycling Track,"Cycling Track Team Pursuit (4,000 metres), Men",NA
1503774,Mathias Guillemette,M,22,NA,NA,,,2024 Summer,2024,Summer,Paris,Cycling Track,"Cycling Track Team Pursuit (4,000 metres), Men",NA
1503775,Michael Foley,M,25,NA,NA,,,2024 Summer,2024,Summer,Paris,Cycling Track,"Cycling Track Team Pursuit (4,000 metres), Men",NA
1503776,Carson Mattern,M,20,NA,NA,,,2024 Summer,2024,Summer,Paris,Cycling Track,"Cycling Track Team Pursuit (4,000 metres), Men",NA
1503777,Lindsay de Vylder,M,29,NA,NA,,,2024 Summer,2024,Summer,Paris,Cycling Track,"Cycling Track Team Pursuit (4,000 metres), Men",NA
1503778,Fabio van den Bossche,M,23,NA,NA,,,2024 Summer,2024,Summer,Paris,Cycling Track,"Cycling Track Team Pursuit (4,000 metres), Men",NA
1503779,Tuur Dens,M,24,NA,NA,,,2024 Summer,2024,Summer,Paris,Cycling Track,"Cycling Track Team Pursuit (4,000 metres), Men",NA
1503780,Noah Vandenbranden,M,21,NA,NA,,,2024 Summer,2024,Summer,Paris,Cycling Track,"Cycling Track Team Pursuit (4,000 metres), Men",NA
1503781,Roger Kluge,M,38,191.0,85.0,,,2024 Summer,2024,Summer,Paris,Cycling Track,"Cycling Track Team Pursuit (4,000 metres), Men",NA
1503782,Tim Torn Teutenberg,M,22,NA,NA,,,2024 Summer,2024,Summer,Paris,Cycling Track,"Cycling Track Team Pursuit (4,000 metres), Men",NA
1503783,Tobias Buck-Gramcko,M,23,NA,NA,,,2024 Summer,2024,Summer,Paris,Cycling Track,"Cycling Track Team Pursuit (4,000 metres), Men",NA
1503784,Theo Reinhardt,M,33,177.0,68.0,,,2024 Summer,2024,Summer,Paris,Cycling Track,"Cycling Track Team Pursuit (4,000 metres), Men",NA
1503785,Shunsuke Imamura,M,26,NA,NA,,,2024 Summer,2024,Summer,Paris,Cycling Track,"Cycling Track Team Pursuit (4,000 metres), Men",NA
1503786,Kazushige Kuboki,M,35,172.0,65.0,,,2024 Summer,2024,Summer,Paris,Cycling Track,"Cycling Track Team Pursuit (4,000 metres), Men",NA
1503787,Eiya Hashimoto,M,30,NA,NA,,,2024 Summer,2024,Summer,Paris,Cycling Track,"Cycling Track Team Pursuit (4,000 metres), Men",NA
1503788,Shinji Nakano,M,25,NA,NA,,,2024 Summer,2024,Summer,Paris,Cycling Track,"Cycling Track Team Pursuit (4,000 metres), Men",NA
1503789,Iúri Leitão,M,26,175.0,70.0,,,2024 Summer,2024,Summer,Paris,Cycling Track,"Cycling Track Madison, Men",NA
1503790,Rui Oliveira,M,27,184.0,70.0,,,2024 Summer,2024,Summer,Paris,Cycling Track,"Cycling Track Madison, Men",NA
1503791,Simone Consonni,M,29,165.0,60.0,,,2024 Summer,2024,Summer,Paris,Cycling Track,"Cycling Track Madison, Men",NA
1503792,Elia Viviani,M,35,177.0,70.0,,,2024 Summer,2024,Summer,Paris,Cycling Track,"Cycling Track Madison, Men",NA
1503793,Niklas Larsen,M,27,180.0,74.0,,,2024 Summer,2024,Summer,Paris,Cycling Track,"Cycling Track Madison, Men",NA
1503794,Michael Mørkøv,M,39,183.0,69.0,,,2024 Summer,2024,Summer,Paris,Cycling Track,"Cycling Track Madison, Men",NA
1503795,Aaron Gate,M,33,181.0,71.0,,,2024 Summer,2024,Summer,Paris,Cycling Track,"Cycling Track Madison, Men",NA
1503796,Campbell Stewart,M,26,178.0,NA,,,2024 Summer,2024,Summer,Paris,Cycling Track,"Cycling Track Madison, Men",NA
1503797,Roger Kluge,M,38,191.0,85.0,,,2024 Summer,2024,Summer,Paris,Cycling Track,"Cycling Track Madison, Men",NA
1503798,Theo Reinhardt,M,33,177.0,68.0,,,2024 Summer,2024,Summer,Paris,Cycling Track,"Cycling Track Madison, Men",NA
1503799,Shunsuke Imamura,M,26,NA,NA,,,2024 Summer,2024,Summer,Paris,Cycling Track,"Cycling Track Madison, Men",NA
1503800,Kazushige Kuboki,M,35,172.0,65.0,,,2024 Summer,2024,Summer,Paris,Cycling Track,"Cycling Track Madison, Men",NA
1503801,Denis Rugovac,M,31,NA,NA,,,2024 Summer,2024,Summer,Paris,Cycling Track,"Cycling Track Madison, Men",NA
1503802,Jan Voneš,M,23,NA,NA,,,2024 Summer,2024,Summer,Paris,Cycling Track,"Cycling Track Madison, Men",NA
1503803,Sebastián Mora,M,36,181.0,70.0,,,2024 Summer,2024,Summer,Paris,Cycling Track,"Cycling Track Madison, Men",NA
1503804,Albert Torres,M,34,180.0,70.0,,,2024 Summer,2024,Summer,Paris,Cycling Track,"Cycling Track Madison, Men",NA
1503805,Ollie Wood,M,28,NA,NA,,,2024 Summer,2024,Summer,Paris,Cycling Track,"Cycling Track Madison, Men",NA
1503806,Mark Stewart,M,28,NA,NA,,,2024 Summer,2024,Summer,Paris,Cycling Track,"Cycling Track Madison, Men",NA
1503807,Lindsay de Vylder,M,29,NA,NA,,,2024 Summer,2024,Summer,Paris,Cycling Track,"Cycling Track Madison, Men",NA
1503808,Fabio van den Bossche,M,23,NA,NA,,,2024 Summer,2024,Summer,Paris,Cycling Track,"Cycling Track Madison, Men",NA
1503809,Thomas Boudat,M,30,175.0,69.0,,,2024 Summer,2024,Summer,Paris,Cycling Track,"Cycling Track Madison, Men",NA
1503810,Benjamin Thomas,M,28,NA,NA,,,2024 Summer,2024,Summer,Paris,Cycling Track,"Cycling Track Madison, Men",NA
1503811,Sam Welsford,M,28,179.0,82.0,,,2024 Summer,2024,Summer,Paris,Cycling Track,"Cycling Track Madison, Men",NA
1503812,Kelland O'Brien,M,26,NA,NA,,,2024 Summer,2024,Summer,Paris,Cycling Track,"Cycling Track Madison, Men",NA
1503813,Mathias Guillemette,M,22,NA,NA,,,2024 Summer,2024,Summer,Paris,Cycling Track,"Cycling Track Madison, Men",NA
1503814,Michael Foley,M,25,NA,NA,,,2024 Summer,2024,Summer,Paris,Cycling Track,"Cycling Track Madison, Men",NA
1503815,Raphael Kokas,M,19,NA,NA,,,2024 Summer,2024,Summer,Paris,Cycling Track,"Cycling Track Madison, Men",NA
1503816,Maximilian Schmidbauer,M,22,NA,NA,,,2024 Summer,2024,Summer,Paris,Cycling Track,"Cycling Track Madison, Men",NA
1503817,Yoeri Havik,M,33,NA,NA,,,2024 Summer,2024,Summer,Paris,Cycling Track,"Cycling Track Madison, Men",NA
1503818,Jan-Willem van Schip,M,29,194.0,83.0,,,2024 Summer,2024,Summer,Paris,Cycling Track,"Cycling Track Madison, Men",NA
1503819,Benjamin Thomas,M,28,NA,NA,FRA,FRA,2024 Summer,2024,Summer,Paris,Cycling Track,"Cycling Track Omnium, Men",Gold
1503820,Iúri Leitão,M,26,175.0,70.0,POR,POR,2024 Summer,2024,Summer,Paris,Cycling Track,"Cycling Track Omnium, Men",Silver
1503821,Fabio van den Bossche,M,23,NA,NA,BEL,BEL,2024 Summer,2024,Summer,Paris,Cycling Track,"Cycling Track Omnium, Men",Bronze
1503822,Albert Torres,M,34,180.0,70.0,ESP,ESP,2024 Summer,2024,Summer,Paris,Cycling Track,"Cycling Track Omnium, Men",NA
1503823,Aaron Gate,M,33,181.0,71.0,NZL,NZL,2024 Summer,2024,Summer,Paris,Cycling Track,"Cycling Track Omnium, Men",NA
1503824,Kazushige Kuboki,M,35,172.0,65.0,JPN,JPN,2024 Summer,2024,Summer,Paris,Cycling Track,"Cycling Track Omnium, Men",NA
1503825,Tim Torn Teutenberg,M,22,NA,NA,GER,GER,2024 Summer,2024,Summer,Paris,Cycling Track,"Cycling Track Omnium, Men",NA
1503826,Ethan Hayter,M,25,NA,NA,GBR,GBR,2024 Summer,2024,Summer,Paris,Cycling Track,"Cycling Track Omnium, Men",NA
1503827,Elia Viviani,M,35,177.0,70.0,ITA,ITA,2024 Summer,2024,Summer,Paris,Cycling Track,"Cycling Track Omnium, Men",NA
1503828,Niklas Larsen,M,27,180.0,74.0,DEN,DEN,2024 Summer,2024,Summer,Paris,Cycling Track,"Cycling Track Omnium, Men",NA
1503829,Alex Vogel,M,24,NA,NA,SUI,SUI,2024 Summer,2024,Summer,Paris,Cycling Track,"Cycling Track Omnium, Men",NA
1503830,Jan Voneš,M,23,NA,NA,CZE,CZE,2024 Summer,2024,Summer,Paris,Cycling Track,"Cycling Track Omnium, Men",NA
1503831,Tim Wafler,M,22,NA,NA,AUT,AUT,2024 Summer,2024,Summer,Paris,Cycling Track,"Cycling Track Omnium, Men",NA
1503832,Sam Welsford,M,28,179.0,82.0,AUS,AUS,2024 Summer,2024,Summer,Paris,Cycling Track,"Cycling Track Omnium, Men",NA
1503833,Jan-Willem van Schip,M,29,194.0,83.0,NED,NED,2024 Summer,2024,Summer,Paris,Cycling Track,"Cycling Track Omnium, Men",NA
1503834,Grant Koontz,M,30,NA,NA,USA,USA,2024 Summer,2024,Summer,Paris,Cycling Track,"Cycling Track Omnium, Men",NA
1503835,Fernando Gaviria,M,29,180.0,70.0,COL,COL,2024 Summer,2024,Summer,Paris,Cycling Track,"Cycling Track Omnium, Men",NA
1503836,Alan Banaszek,M,26,NA,NA,POL,POL,2024 Summer,2024,Summer,Paris,Cycling Track,"Cycling Track Omnium, Men",NA
1503837,Dylan Bibic,M,20,NA,NA,CAN,CAN,2024 Summer,2024,Summer,Paris,Cycling Track,"Cycling Track Omnium, Men",NA
1503838,Bernard van Aert,M,26,NA,NA,INA,INA,2024 Summer,2024,Summer,Paris,Cycling Track,"Cycling Track Omnium, Men",NA
1503839,Ricardo Peña,M,23,NA,NA,MEX,MEX,2024 Summer,2024,Summer,Paris,Cycling Track,"Cycling Track Omnium, Men",NA
1503840,Youssef Abouelhassan,M,22,NA,NA,EGY,EGY,2024 Summer,2024,Summer,Paris,Cycling Track,"Cycling Track Omnium, Men",NA
1503841,Ellesse Andrews,F,24,176.0,NA,NZL,NZL,2024 Summer,2024,Summer,Paris,Cycling Track,"Cycling Track Sprint, Women",Gold
1503842,Lea-Sophie Friedrich,F,24,NA,NA,GER,GER,2024 Summer,2024,Summer,Paris,Cycling Track,"Cycling Track Sprint, Women",Silver
1503843,Emma Finucane,F,21,NA,NA,GBR,GBR,2024 Summer,2024,Summer,Paris,Cycling Track,"Cycling Track Sprint, Women",Bronze
1503844,Hetty van de Wouw,F,26,NA,NA,NED,NED,2024 Summer,2024,Summer,Paris,Cycling Track,"Cycling Track Sprint, Women",NA
1503845,Sophie Capewell,F,25,NA,NA,GBR,GBR,2024 Summer,2024,Summer,Paris,Cycling Track,"Cycling Track Sprint, Women",NA
1503846,Emma Hinze,F,26,168.0,63.0,GER,GER,2024 Summer,2024,Summer,Paris,Cycling Track,"Cycling Track Sprint, Women",NA
1503847,Martha Bayona,F,28,155.0,60.0,COL,COL,2024 Summer,2024,Summer,Paris,Cycling Track,"Cycling Track Sprint, Women",NA
1503848,Kelsey Mitchell,F,30,NA,NA,CAN,CAN,2024 Summer,2024,Summer,Paris,Cycling Track,"Cycling Track Sprint, Women",NA
1503849,Mathilde Gros,F,25,NA,NA,FRA,FRA,2024 Summer,2024,Summer,Paris,Cycling Track,"Cycling Track Sprint, Women",NA
1503850,Mina Sato,F,25,NA,NA,JPN,JPN,2024 Summer,2024,Summer,Paris,Cycling Track,"Cycling Track Sprint, Women",NA
1503851,Shaane Fulton,F,23,NA,NA,NZL,NZL,2024 Summer,2024,Summer,Paris,Cycling Track,"Cycling Track Sprint, Women",NA
1503852,Kristina Clonan,F,26,NA,NA,AUS,AUS,2024 Summer,2024,Summer,Paris,Cycling Track,"Cycling Track Sprint, Women",NA
1503853,Lauriane Genest,F,26,NA,NA,CAN,CAN,2024 Summer,2024,Summer,Paris,Cycling Track,"Cycling Track Sprint, Women",NA
1503854,Steffie van der Peet,F,24,NA,NA,NED,NED,2024 Summer,2024,Summer,Paris,Cycling Track,"Cycling Track Sprint, Women",NA
1503855,Daniela Gaxiola,F,31,NA,NA,MEX,MEX,2024 Summer,2024,Summer,Paris,Cycling Track,"Cycling Track Sprint, Women",NA
1503856,Taky Marie-Divine Kouamé,F,21,NA,NA,FRA,FRA,2024 Summer,2024,Summer,Paris,Cycling Track,"Cycling Track Sprint, Women",NA
1503857,Stefany Cuadrado,F,18,NA,NA,COL,COL,2024 Summer,2024,Summer,Paris,Cycling Track,"Cycling Track Sprint, Women",NA
1503858,Miriam Vece,F,27,NA,NA,ITA,ITA,2024 Summer,2024,Summer,Paris,Cycling Track,"Cycling Track Sprint, Women",NA
1503859,Yuli Verdugo,F,27,NA,NA,MEX,MEX,2024 Summer,2024,Summer,Paris,Cycling Track,"Cycling Track Sprint, Women",NA
1503860,Riyu Ohta,F,29,NA,NA,JPN,JPN,2024 Summer,2024,Summer,Paris,Cycling Track,"Cycling Track Sprint, Women",NA
1503861,Nurul Izzah Asri,F,20,NA,NA,MAS,MAS,2024 Summer,2024,Summer,Paris,Cycling Track,"Cycling Track Sprint, Women",NA
1503862,Bao Shanju,F,26,NA,NA,CHN,CHN,2024 Summer,2024,Summer,Paris,Cycling Track,"Cycling Track Sprint, Women",NA
1503863,Marlena Karwacka,F,27,NA,NA,POL,POL,2024 Summer,2024,Summer,Paris,Cycling Track,"Cycling Track Sprint, Women",NA
1503864,Julie Nicolaes,F,20,NA,NA,BEL,BEL,2024 Summer,2024,Summer,Paris,Cycling Track,"Cycling Track Sprint, Women",NA
1503865,Nikola Sibiak,F,24,NA,NA,POL,POL,2024 Summer,2024,Summer,Paris,Cycling Track,"Cycling Track Sprint, Women",NA
1503866,Sara Fiorin,F,20,NA,NA,ITA,ITA,2024 Summer,2024,Summer,Paris,Cycling Track,"Cycling Track Sprint, Women",NA
1503867,Chloe Moran,F,25,NA,NA,AUS,AUS,2024 Summer,2024,Summer,Paris,Cycling Track,"Cycling Track Sprint, Women",NA
1503868,Ese Ukpeseraye,F,25,NA,NA,NGR,NGR,2024 Summer,2024,Summer,Paris,Cycling Track,"Cycling Track Sprint, Women",NA
1503869,Nicky Degrendele,F,27,NA,NA,BEL,BEL,2024 Summer,2024,Summer,Paris,Cycling Track,"Cycling Track Sprint, Women",NA
1503870,Yuan Liying,F,19,NA,NA,CHN,CHN,2024 Summer,2024,Summer,Paris,Cycling Track,"Cycling Track Sprint, Women",NA
1503871,Ellesse Andrews,F,24,176.0,NA,NZL,NZL,2024 Summer,2024,Summer,Paris,Cycling Track,"Cycling Track Keirin, Women",Gold
1503872,Hetty van de Wouw,F,26,NA,NA,NED,NED,2024 Summer,2024,Summer,Paris,Cycling Track,"Cycling Track Keirin, Women",Silver
1503873,Emma Finucane,F,21,NA,NA,GBR,GBR,2024 Summer,2024,Summer,Paris,Cycling Track,"Cycling Track Keirin, Women",Bronze
1503874,Katy Marchant,F,31,170.0,72.0,GBR,GBR,2024 Summer,2024,Summer,Paris,Cycling Track,"Cycling Track Keirin, Women",NA
1503875,Emma Hinze,F,26,168.0,63.0,GER,GER,2024 Summer,2024,Summer,Paris,Cycling Track,"Cycling Track Keirin, Women",NA
1503876,Daniela Gaxiola,F,31,NA,NA,MEX,MEX,2024 Summer,2024,Summer,Paris,Cycling Track,"Cycling Track Keirin, Women",NA
1503877,Lea-Sophie Friedrich,F,24,NA,NA,GER,GER,2024 Summer,2024,Summer,Paris,Cycling Track,"Cycling Track Keirin, Women",NA
1503878,Mathilde Gros,F,25,NA,NA,FRA,FRA,2024 Summer,2024,Summer,Paris,Cycling Track,"Cycling Track Keirin, Women",NA
1503879,Riyu Ohta,F,29,NA,NA,JPN,JPN,2024 Summer,2024,Summer,Paris,Cycling Track,"Cycling Track Keirin, Women",NA
1503880,Steffie van der Peet,F,24,NA,NA,NED,NED,2024 Summer,2024,Summer,Paris,Cycling Track,"Cycling Track Keirin, Women",NA
1503881,Nicky Degrendele,F,27,NA,NA,BEL,BEL,2024 Summer,2024,Summer,Paris,Cycling Track,"Cycling Track Keirin, Women",NA
1503882,Rebecca Petch,F,26,161.0,NA,NZL,NZL,2024 Summer,2024,Summer,Paris,Cycling Track,"Cycling Track Keirin, Women",NA
1503883,Guo Yufang,F,25,NA,NA,CHN,CHN,2024 Summer,2024,Summer,Paris,Cycling Track,"Cycling Track Keirin, Women",NA
1503884,Yuan Liying,F,19,NA,NA,CHN,CHN,2024 Summer,2024,Summer,Paris,Cycling Track,"Cycling Track Keirin, Women",NA
1503885,Mina Sato,F,25,NA,NA,JPN,JPN,2024 Summer,2024,Summer,Paris,Cycling Track,"Cycling Track Keirin, Women",NA
1503886,Kristina Clonan,F,26,NA,NA,AUS,AUS,2024 Summer,2024,Summer,Paris,Cycling Track,"Cycling Track Keirin, Women",NA
1503887,Lauriane Genest,F,26,NA,NA,CAN,CAN,2024 Summer,2024,Summer,Paris,Cycling Track,"Cycling Track Keirin, Women",NA
1503888,Kelsey Mitchell,F,30,NA,NA,CAN,CAN,2024 Summer,2024,Summer,Paris,Cycling Track,"Cycling Track Keirin, Women",NA
1503889,Julie Nicolaes,F,20,NA,NA,BEL,BEL,2024 Summer,2024,Summer,Paris,Cycling Track,"Cycling Track Keirin, Women",NA
1503890,Miriam Vece,F,27,NA,NA,ITA,ITA,2024 Summer,2024,Summer,Paris,Cycling Track,"Cycling Track Keirin, Women",NA
1503891,Nurul Izzah Asri,F,20,NA,NA,MAS,MAS,2024 Summer,2024,Summer,Paris,Cycling Track,"Cycling Track Keirin, Women",NA
1503892,Marlena Karwacka,F,27,NA,NA,POL,POL,2024 Summer,2024,Summer,Paris,Cycling Track,"Cycling Track Keirin, Women",NA
1503893,Chloe Moran,F,25,NA,NA,AUS,AUS,2024 Summer,2024,Summer,Paris,Cycling Track,"Cycling Track Keirin, Women",NA
1503894,Martha Bayona,F,28,155.0,60.0,COL,COL,2024 Summer,2024,Summer,Paris,Cycling Track,"Cycling Track Keirin, Women",NA
1503895,Stefany Cuadrado,F,18,NA,NA,COL,COL,2024 Summer,2024,Summer,Paris,Cycling Track,"Cycling Track Keirin, Women",NA
1503896,Ese Ukpeseraye,F,25,NA,NA,NGR,NGR,2024 Summer,2024,Summer,Paris,Cycling Track,"Cycling Track Keirin, Women",NA
1503897,Taky Marie-Divine Kouamé,F,21,NA,NA,FRA,FRA,2024 Summer,2024,Summer,Paris,Cycling Track,"Cycling Track Keirin, Women",NA
1503898,Sara Fiorin,F,20,NA,NA,ITA,ITA,2024 Summer,2024,Summer,Paris,Cycling Track,"Cycling Track Keirin, Women",NA
1503899,Yuli Verdugo,F,27,NA,NA,MEX,MEX,2024 Summer,2024,Summer,Paris,Cycling Track,"Cycling Track Keirin, Women",NA
1503900,Urszula Łoś,F,30,NA,NA,POL,POL,2024 Summer,2024,Summer,Paris,Cycling Track,"Cycling Track Keirin, Women",NA
1503901,Sophie Capewell,F,25,NA,NA,,,2024 Summer,2024,Summer,Paris,Cycling Track,"Cycling Track Team Sprint, Women",NA
1503902,Emma Finucane,F,21,NA,NA,,,2024 Summer,2024,Summer,Paris,Cycling Track,"Cycling Track Team Sprint, Women",NA
1503903,Katy Marchant,F,31,170.0,72.0,,,2024 Summer,2024,Summer,Paris,Cycling Track,"Cycling Track Team Sprint, Women",NA
1503904,Ellesse Andrews,F,24,176.0,NA,,,2024 Summer,2024,Summer,Paris,Cycling Track,"Cycling Track Team Sprint, Women",NA
1503905,Shaane Fulton,F,23,NA,NA,,,2024 Summer,2024,Summer,Paris,Cycling Track,"Cycling Track Team Sprint, Women",NA
1503906,Rebecca Petch,F,26,161.0,NA,,,2024 Summer,2024,Summer,Paris,Cycling Track,"Cycling Track Team Sprint, Women",NA
1503907,Lea-Sophie Friedrich,F,24,NA,NA,,,2024 Summer,2024,Summer,Paris,Cycling Track,"Cycling Track Team Sprint, Women",NA
1503908,Pauline Grabosch,F,26,NA,NA,,,2024 Summer,2024,Summer,Paris,Cycling Track,"Cycling Track Team Sprint, Women",NA
1503909,Emma Hinze,F,26,168.0,63.0,,,2024 Summer,2024,Summer,Paris,Cycling Track,"Cycling Track Team Sprint, Women",NA
1503910,Kyra Lamberink,F,28,NA,NA,,,2024 Summer,2024,Summer,Paris,Cycling Track,"Cycling Track Team Sprint, Women",NA
1503911,Hetty van de Wouw,F,26,NA,NA,,,2024 Summer,2024,Summer,Paris,Cycling Track,"Cycling Track Team Sprint, Women",NA
1503912,Steffie van der Peet,F,24,NA,NA,,,2024 Summer,2024,Summer,Paris,Cycling Track,"Cycling Track Team Sprint, Women",NA
1503913,Daniela Gaxiola,F,31,NA,NA,,,2024 Summer,2024,Summer,Paris,Cycling Track,"Cycling Track Team Sprint, Women",NA
1503914,Jessica Salazar,F,28,NA,NA,,,2024 Summer,2024,Summer,Paris,Cycling Track,"Cycling Track Team Sprint, Women",NA
1503915,Yuli Verdugo,F,27,NA,NA,,,2024 Summer,2024,Summer,Paris,Cycling Track,"Cycling Track Team Sprint, Women",NA
1503916,Bao Shanju,F,26,NA,NA,,,2024 Summer,2024,Summer,Paris,Cycling Track,"Cycling Track Team Sprint, Women",NA
1503917,Guo Yufang,F,25,NA,NA,,,2024 Summer,2024,Summer,Paris,Cycling Track,"Cycling Track Team Sprint, Women",NA
1503918,Yuan Liying,F,19,NA,NA,,,2024 Summer,2024,Summer,Paris,Cycling Track,"Cycling Track Team Sprint, Women",NA
1503919,Marlena Karwacka,F,27,NA,NA,,,2024 Summer,2024,Summer,Paris,Cycling Track,"Cycling Track Team Sprint, Women",NA
1503920,Urszula Łoś,F,30,NA,NA,,,2024 Summer,2024,Summer,Paris,Cycling Track,"Cycling Track Team Sprint, Women",NA
1503921,Nikola Sibiak,F,24,NA,NA,,,2024 Summer,2024,Summer,Paris,Cycling Track,"Cycling Track Team Sprint, Women",NA
1503922,Lauriane Genest,F,26,NA,NA,,,2024 Summer,2024,Summer,Paris,Cycling Track,"Cycling Track Team Sprint, Women",NA
1503923,Kelsey Mitchell,F,30,NA,NA,,,2024 Summer,2024,Summer,Paris,Cycling Track,"Cycling Track Team Sprint, Women",NA
1503924,Sarah Orban,F,28,NA,NA,,,2024 Summer,2024,Summer,Paris,Cycling Track,"Cycling Track Team Sprint, Women",NA
1503925,Jennifer Valente,F,29,176.0,74.0,,,2024 Summer,2024,Summer,Paris,Cycling Track,"Cycling Track Team Pursuit (4,000 metres), Women",NA
1503926,Lily Williams,F,30,170.0,66.0,,,2024 Summer,2024,Summer,Paris,Cycling Track,"Cycling Track Team Pursuit (4,000 metres), Women",NA
1503927,Chloé Dygert,F,27,176.0,66.0,,,2024 Summer,2024,Summer,Paris,Cycling Track,"Cycling Track Team Pursuit (4,000 metres), Women",NA
1503928,Kristen Faulkner,F,31,NA,NA,,,2024 Summer,2024,Summer,Paris,Cycling Track,"Cycling Track Team Pursuit (4,000 metres), Women",NA
1503929,Ally Wollaston,F,23,NA,NA,,,2024 Summer,2024,Summer,Paris,Cycling Track,"Cycling Track Team Pursuit (4,000 metres), Women",NA
1503930,Bryony Botha,F,26,174.0,NA,,,2024 Summer,2024,Summer,Paris,Cycling Track,"Cycling Track Team Pursuit (4,000 metres), Women",NA
1503931,Emily Shearman,F,25,NA,NA,,,2024 Summer,2024,Summer,Paris,Cycling Track,"Cycling Track Team Pursuit (4,000 metres), Women",NA
1503932,Nicole Shields,F,24,NA,NA,,,2024 Summer,2024,Summer,Paris,Cycling Track,"Cycling Track Team Pursuit (4,000 metres), Women",NA
1503933,Elinor Barker,F,29,168.0,56.0,,,2024 Summer,2024,Summer,Paris,Cycling Track,"Cycling Track Team Pursuit (4,000 metres), Women",NA
1503934,Josie Knight,F,27,NA,NA,,,2024 Summer,2024,Summer,Paris,Cycling Track,"Cycling Track Team Pursuit (4,000 metres), Women",NA
1503935,Anna Morris,F,29,NA,NA,,,2024 Summer,2024,Summer,Paris,Cycling Track,"Cycling Track Team Pursuit (4,000 metres), Women",NA
1503936,Jess Roberts,F,25,NA,NA,,,2024 Summer,2024,Summer,Paris,Cycling Track,"Cycling Track Team Pursuit (4,000 metres), Women",NA
1503937,Elisa Balsamo,F,26,165.0,53.0,,,2024 Summer,2024,Summer,Paris,Cycling Track,"Cycling Track Team Pursuit (4,000 metres), Women",NA
1503938,Chiara Consonni,F,25,NA,NA,,,2024 Summer,2024,Summer,Paris,Cycling Track,"Cycling Track Team Pursuit (4,000 metres), Women",NA
1503939,Martina Fidanza,F,24,NA,NA,,,2024 Summer,2024,Summer,Paris,Cycling Track,"Cycling Track Team Pursuit (4,000 metres), Women",NA
1503940,Vittoria Guazzini,F,23,NA,NA,,,2024 Summer,2024,Summer,Paris,Cycling Track,"Cycling Track Team Pursuit (4,000 metres), Women",NA
1503941,Letizia Paternoster,F,24,NA,NA,,,2024 Summer,2024,Summer,Paris,Cycling Track,"Cycling Track Team Pursuit (4,000 metres), Women",NA
1503942,Clara Copponi,F,25,NA,NA,,,2024 Summer,2024,Summer,Paris,Cycling Track,"Cycling Track Team Pursuit (4,000 metres), Women",NA
1503943,Valentine Fortin,F,25,NA,NA,,,2024 Summer,2024,Summer,Paris,Cycling Track,"Cycling Track Team Pursuit (4,000 metres), Women",NA
1503944,Marion Borras,F,26,NA,NA,,,2024 Summer,2024,Summer,Paris,Cycling Track,"Cycling Track Team Pursuit (4,000 metres), Women",NA
1503945,Marie Le Net,F,24,NA,NA,,,2024 Summer,2024,Summer,Paris,Cycling Track,"Cycling Track Team Pursuit (4,000 metres), Women",NA
1503946,Victoire Berteau,F,23,NA,NA,,,2024 Summer,2024,Summer,Paris,Cycling Track,"Cycling Track Team Pursuit (4,000 metres), Women",NA
1503947,Franziska Brauße,F,25,NA,NA,,,2024 Summer,2024,Summer,Paris,Cycling Track,"Cycling Track Team Pursuit (4,000 metres), Women",NA
1503948,Lisa Klein,F,28,170.0,61.0,,,2024 Summer,2024,Summer,Paris,Cycling Track,"Cycling Track Team Pursuit (4,000 metres), Women",NA
1503949,Mieke Kröger,F,30,181.0,78.0,,,2024 Summer,2024,Summer,Paris,Cycling Track,"Cycling Track Team Pursuit (4,000 metres), Women",NA
1503950,Lena Reißner,F,23,NA,NA,,,2024 Summer,2024,Summer,Paris,Cycling Track,"Cycling Track Team Pursuit (4,000 metres), Women",NA
1503951,Laura Süßemilch,F,27,NA,NA,,,2024 Summer,2024,Summer,Paris,Cycling Track,"Cycling Track Team Pursuit (4,000 metres), Women",NA
1503952,Alexandra Manly,F,28,NA,NA,,,2024 Summer,2024,Summer,Paris,Cycling Track,"Cycling Track Team Pursuit (4,000 metres), Women",NA
1503953,Sophie Edwards,F,24,NA,NA,,,2024 Summer,2024,Summer,Paris,Cycling Track,"Cycling Track Team Pursuit (4,000 metres), Women",NA
1503954,Chloe Moran,F,25,NA,NA,,,2024 Summer,2024,Summer,Paris,Cycling Track,"Cycling Track Team Pursuit (4,000 metres), Women",NA
1503955,Maeve Plouffe,F,25,NA,NA,,,2024 Summer,2024,Summer,Paris,Cycling Track,"Cycling Track Team Pursuit (4,000 metres), Women",NA
1503956,Georgia Baker,F,29,179.0,66.0,,,2024 Summer,2024,Summer,Paris,Cycling Track,"Cycling Track Team Pursuit (4,000 metres), Women",NA
1503957,Maggie Coles-Lyster,F,25,NA,NA,,,2024 Summer,2024,Summer,Paris,Cycling Track,"Cycling Track Team Pursuit (4,000 metres), Women",NA
1503958,Sarah van Dam,F,22,NA,NA,,,2024 Summer,2024,Summer,Paris,Cycling Track,"Cycling Track Team Pursuit (4,000 metres), Women",NA
1503959,Erin Attwell,F,25,NA,NA,,,2024 Summer,2024,Summer,Paris,Cycling Track,"Cycling Track Team Pursuit (4,000 metres), Women",NA
1503960,Ariane Bonhomme,F,29,NA,NA,,,2024 Summer,2024,Summer,Paris,Cycling Track,"Cycling Track Team Pursuit (4,000 metres), Women",NA
1503961,Lara Gillespie,F,23,NA,NA,,,2024 Summer,2024,Summer,Paris,Cycling Track,"Cycling Track Team Pursuit (4,000 metres), Women",NA
1503962,Mia Griffin,F,25,NA,NA,,,2024 Summer,2024,Summer,Paris,Cycling Track,"Cycling Track Team Pursuit (4,000 metres), Women",NA
1503963,Kelly Murphy,F,34,NA,NA,,,2024 Summer,2024,Summer,Paris,Cycling Track,"Cycling Track Team Pursuit (4,000 metres), Women",NA
1503964,Alice Sharpe,F,30,NA,NA,,,2024 Summer,2024,Summer,Paris,Cycling Track,"Cycling Track Team Pursuit (4,000 metres), Women",NA
1503965,Yumi Kajihara,F,27,NA,NA,,,2024 Summer,2024,Summer,Paris,Cycling Track,"Cycling Track Team Pursuit (4,000 metres), Women",NA
1503966,Tsuyaka Uchino,F,22,NA,NA,,,2024 Summer,2024,Summer,Paris,Cycling Track,"Cycling Track Team Pursuit (4,000 metres), Women",NA
1503967,Mizuki Ikeda,F,19,NA,NA,,,2024 Summer,2024,Summer,Paris,Cycling Track,"Cycling Track Team Pursuit (4,000 metres), Women",NA
1503968,Maho Kakita,F,19,NA,NA,,,2024 Summer,2024,Summer,Paris,Cycling Track,"Cycling Track Team Pursuit (4,000 metres), Women",NA
1503969,Chiara Consonni,F,25,NA,NA,,,2024 Summer,2024,Summer,Paris,Cycling Track,"Cycling Track Madison, Women",NA
1503970,Vittoria Guazzini,F,23,NA,NA,,,2024 Summer,2024,Summer,Paris,Cycling Track,"Cycling Track Madison, Women",NA
1503971,Elinor Barker,F,29,168.0,56.0,,,2024 Summer,2024,Summer,Paris,Cycling Track,"Cycling Track Madison, Women",NA
1503972,Neah Evans,F,33,NA,NA,,,2024 Summer,2024,Summer,Paris,Cycling Track,"Cycling Track Madison, Women",NA
1503973,Maike van der Duin,F,22,NA,NA,,,2024 Summer,2024,Summer,Paris,Cycling Track,"Cycling Track Madison, Women",NA
1503974,Lisa van Belle,F,20,NA,NA,,,2024 Summer,2024,Summer,Paris,Cycling Track,"Cycling Track Madison, Women",NA
1503975,Jennifer Valente,F,29,176.0,74.0,,,2024 Summer,2024,Summer,Paris,Cycling Track,"Cycling Track Madison, Women",NA
1503976,Lily Williams,F,30,170.0,66.0,,,2024 Summer,2024,Summer,Paris,Cycling Track,"Cycling Track Madison, Women",NA
1503977,Marion Borras,F,26,NA,NA,,,2024 Summer,2024,Summer,Paris,Cycling Track,"Cycling Track Madison, Women",NA
1503978,Clara Copponi,F,25,NA,NA,,,2024 Summer,2024,Summer,Paris,Cycling Track,"Cycling Track Madison, Women",NA
1503979,Amalie Dideriksen,F,28,175.0,62.0,,,2024 Summer,2024,Summer,Paris,Cycling Track,"Cycling Track Madison, Women",NA
1503980,Julie Norman-Leth,F,32,NA,NA,,,2024 Summer,2024,Summer,Paris,Cycling Track,"Cycling Track Madison, Women",NA
1503981,Daria Pikulik,F,27,165.0,54.0,,,2024 Summer,2024,Summer,Paris,Cycling Track,"Cycling Track Madison, Women",NA
1503982,Wiktoria Pikulik,F,26,NA,NA,,,2024 Summer,2024,Summer,Paris,Cycling Track,"Cycling Track Madison, Women",NA
1503983,Bryony Botha,F,26,174.0,NA,,,2024 Summer,2024,Summer,Paris,Cycling Track,"Cycling Track Madison, Women",NA
1503984,Emily Shearman,F,25,NA,NA,,,2024 Summer,2024,Summer,Paris,Cycling Track,"Cycling Track Madison, Women",NA
1503985,Georgia Baker,F,29,179.0,66.0,,,2024 Summer,2024,Summer,Paris,Cycling Track,"Cycling Track Madison, Women",NA
1503986,Alexandra Manly,F,28,NA,NA,,,2024 Summer,2024,Summer,Paris,Cycling Track,"Cycling Track Madison, Women",NA
1503987,Katrijn de Clercq,F,22,NA,NA,,,2024 Summer,2024,Summer,Paris,Cycling Track,"Cycling Track Madison, Women",NA
1503988,Hélène Hesters,F,19,NA,NA,,,2024 Summer,2024,Summer,Paris,Cycling Track,"Cycling Track Madison, Women",NA
1503989,Lara Gillespie,F,23,NA,NA,,,2024 Summer,2024,Summer,Paris,Cycling Track,"Cycling Track Madison, Women",NA
1503990,Alice Sharpe,F,30,NA,NA,,,2024 Summer,2024,Summer,Paris,Cycling Track,"Cycling Track Madison, Women",NA
1503991,Tsuyaka Uchino,F,22,NA,NA,,,2024 Summer,2024,Summer,Paris,Cycling Track,"Cycling Track Madison, Women",NA
1503992,Maho Kakita,F,19,NA,NA,,,2024 Summer,2024,Summer,Paris,Cycling Track,"Cycling Track Madison, Women",NA
1503993,Franziska Brauße,F,25,NA,NA,,,2024 Summer,2024,Summer,Paris,Cycling Track,"Cycling Track Madison, Women",NA
1503994,Lena Reißner,F,23,NA,NA,,,2024 Summer,2024,Summer,Paris,Cycling Track,"Cycling Track Madison, Women",NA
1503995,Aline Seitz,F,27,NA,NA,,,2024 Summer,2024,Summer,Paris,Cycling Track,"Cycling Track Madison, Women",NA
1503996,Michelle Andres,F,27,NA,NA,,,2024 Summer,2024,Summer,Paris,Cycling Track,"Cycling Track Madison, Women",NA
1503997,Maggie Coles-Lyster,F,25,NA,NA,,,2024 Summer,2024,Summer,Paris,Cycling Track,"Cycling Track Madison, Women",NA
1503998,Ariane Bonhomme,F,29,NA,NA,,,2024 Summer,2024,Summer,Paris,Cycling Track,"Cycling Track Madison, Women",NA
1503999,Jennifer Valente,F,29,176.0,74.0,USA,USA,2024 Summer,2024,Summer,Paris,Cycling Track,"Cycling Track Omnium, Women",Gold
1504000,Daria Pikulik,F,27,165.0,54.0,POL,POL,2024 Summer,2024,Summer,Paris,Cycling Track,"Cycling Track Omnium, Women",Silver
1504001,Ally Wollaston,F,23,NA,NA,NZL,NZL,2024 Summer,2024,Summer,Paris,Cycling Track,"Cycling Track Omnium, Women",Bronze
1504002,Lotte Kopecky,F,28,171.0,66.0,BEL,BEL,2024 Summer,2024,Summer,Paris,Cycling Track,"Cycling Track Omnium, Women",NA
1504003,Georgia Baker,F,29,179.0,66.0,AUS,AUS,2024 Summer,2024,Summer,Paris,Cycling Track,"Cycling Track Omnium, Women",NA
1504004,Maike van der Duin,F,22,NA,NA,NED,NED,2024 Summer,2024,Summer,Paris,Cycling Track,"Cycling Track Omnium, Women",NA
1504005,Amalie Dideriksen,F,28,175.0,62.0,DEN,DEN,2024 Summer,2024,Summer,Paris,Cycling Track,"Cycling Track Omnium, Women",NA
1504006,Anita Stenberg,F,31,168.0,59.0,NOR,NOR,2024 Summer,2024,Summer,Paris,Cycling Track,"Cycling Track Omnium, Women",NA
1504007,Maggie Coles-Lyster,F,25,NA,NA,CAN,CAN,2024 Summer,2024,Summer,Paris,Cycling Track,"Cycling Track Omnium, Women",NA
1504008,Lara Gillespie,F,23,NA,NA,IRL,IRL,2024 Summer,2024,Summer,Paris,Cycling Track,"Cycling Track Omnium, Women",NA
1504009,Olivija Baleišytė,F,25,NA,NA,LTU,LTU,2024 Summer,2024,Summer,Paris,Cycling Track,"Cycling Track Omnium, Women",NA
1504010,Aline Seitz,F,27,NA,NA,SUI,SUI,2024 Summer,2024,Summer,Paris,Cycling Track,"Cycling Track Omnium, Women",NA
1504011,Letizia Paternoster,F,24,NA,NA,ITA,ITA,2024 Summer,2024,Summer,Paris,Cycling Track,"Cycling Track Omnium, Women",NA
1504012,Maria Martins,F,25,164.0,64.0,POR,POR,2024 Summer,2024,Summer,Paris,Cycling Track,"Cycling Track Omnium, Women",NA
1504013,Neah Evans,F,33,NA,NA,GBR,GBR,2024 Summer,2024,Summer,Paris,Cycling Track,"Cycling Track Omnium, Women",NA
1504014,Valentine Fortin,F,25,NA,NA,FRA,FRA,2024 Summer,2024,Summer,Paris,Cycling Track,"Cycling Track Omnium, Women",NA
1504015,Yumi Kajihara,F,27,NA,NA,JPN,JPN,2024 Summer,2024,Summer,Paris,Cycling Track,"Cycling Track Omnium, Women",NA
1504016,Franziska Brauße,F,25,NA,NA,GER,GER,2024 Summer,2024,Summer,Paris,Cycling Track,"Cycling Track Omnium, Women",NA
1504017,Liu Jiali,F,30,NA,NA,CHN,CHN,2024 Summer,2024,Summer,Paris,Cycling Track,"Cycling Track Omnium, Women",NA
1504018,Lee Sze Wing,F,23,NA,NA,HKG,HKG,2024 Summer,2024,Summer,Paris,Cycling Track,"Cycling Track Omnium, Women",NA
1504019,Ebtissam Mohamed,F,27,163.0,54.0,EGY,EGY,2024 Summer,2024,Summer,Paris,Cycling Track,"Cycling Track Omnium, Women",NA
1504020,Victoria Velasco,F,21,NA,NA,MEX,MEX,2024 Summer,2024,Summer,Paris,Cycling Track,"Cycling Track Omnium, Women",NA
1504021,Nikola Mektić,M,31,183.0,79.0,,,2020 Summer,2020,Summer,Tokyo,Tennis,"Tennis Doubles, Men",NA
1504022,Mate Pavić,M,27,191.0,83.0,,,2020 Summer,2020,Summer,Tokyo,Tennis,"Tennis Doubles, Men",NA
1504023,Marin Čilić,M,31,198.0,82.0,,,2020 Summer,2020,Summer,Tokyo,Tennis,"Tennis Doubles, Men",NA
1504024,Ivan Dodig,M,35,183.0,83.0,,,2020 Summer,2020,Summer,Tokyo,Tennis,"Tennis Doubles, Men",NA
1504025,Marcus Daniell,M,30,190.0,76.0,,,2020 Summer,2020,Summer,Tokyo,Tennis,"Tennis Doubles, Men",NA
1504026,Michael Venus,M,32,191.0,84.0,,,2020 Summer,2020,Summer,Tokyo,Tennis,"Tennis Doubles, Men",NA
1504027,Austin Krajicek,M,30,188.0,79.0,,,2020 Summer,2020,Summer,Tokyo,Tennis,"Tennis Doubles, Men",NA
1504028,Tennys Sandgren,M,28,188.0,NA,,,2020 Summer,2020,Summer,Tokyo,Tennis,"Tennis Doubles, Men",NA
1504029,Juan Sebastián Cabal,M,34,185.0,82.0,,,2020 Summer,2020,Summer,Tokyo,Tennis,"Tennis Doubles, Men",NA
1504030,Robert Farah,M,33,190.0,92.0,,,2020 Summer,2020,Summer,Tokyo,Tennis,"Tennis Doubles, Men",NA
1504031,Andy Murray,M,33,190.0,83.0,,,2020 Summer,2020,Summer,Tokyo,Tennis,"Tennis Doubles, Men",NA
1504032,Joe Salisbury,M,28,191.0,83.0,,,2020 Summer,2020,Summer,Tokyo,Tennis,"Tennis Doubles, Men",NA
1504033,Ben McLachlan,M,28,NA,NA,,,2020 Summer,2020,Summer,Tokyo,Tennis,"Tennis Doubles, Men",NA
1504034,Kei Nishikori,M,30,178.0,74.0,,,2020 Summer,2020,Summer,Tokyo,Tennis,"Tennis Doubles, Men",NA
1504035,Jan-Lennard Struff,M,30,196.0,87.0,,,2020 Summer,2020,Summer,Tokyo,Tennis,"Tennis Doubles, Men",NA
1504036,Alexander Zverev,M,23,198.0,90.0,,,2020 Summer,2020,Summer,Tokyo,Tennis,"Tennis Doubles, Men",NA
1504037,Jérémy Chardy,M,33,NA,NA,,,2020 Summer,2020,Summer,Tokyo,Tennis,"Tennis Doubles, Men",NA
1504038,Gaël Monfils,M,33,193.0,80.0,,,2020 Summer,2020,Summer,Tokyo,Tennis,"Tennis Doubles, Men",NA
1504039,Lukáš Klein,M,22,194.0,90.0,,,2020 Summer,2020,Summer,Tokyo,Tennis,"Tennis Doubles, Men",NA
1504040,Filip Polášek,M,34,193.0,85.0,,,2020 Summer,2020,Summer,Tokyo,Tennis,"Tennis Doubles, Men",NA
1504041,Wesley Koolhof,M,31,180.0,78.0,,,2020 Summer,2020,Summer,Tokyo,Tennis,"Tennis Doubles, Men",NA
1504042,Jean-Julien Rojer,M,38,184.0,83.0,,,2020 Summer,2020,Summer,Tokyo,Tennis,"Tennis Doubles, Men",NA
1504043,Kevin Krawietz,M,28,191.0,83.0,,,2020 Summer,2020,Summer,Tokyo,Tennis,"Tennis Doubles, Men",NA
1504044,Tim Pütz,M,32,185.0,78.0,,,2020 Summer,2020,Summer,Tokyo,Tennis,"Tennis Doubles, Men",NA
1504045,Oliver Marach,M,39,185.0,78.0,,,2020 Summer,2020,Summer,Tokyo,Tennis,"Tennis Doubles, Men",NA
1504046,Philipp Oswald,M,34,201.0,95.0,,,2020 Summer,2020,Summer,Tokyo,Tennis,"Tennis Doubles, Men",NA
1504047,Neal Skupski,M,30,183.0,82.0,,,2020 Summer,2020,Summer,Tokyo,Tennis,"Tennis Doubles, Men",NA
1504048,Jamie Murray,M,34,190.0,82.0,,,2020 Summer,2020,Summer,Tokyo,Tennis,"Tennis Doubles, Men",NA
1504049,Lorenzo Musetti,M,18,185.0,78.0,,,2020 Summer,2020,Summer,Tokyo,Tennis,"Tennis Doubles, Men",NA
1504050,Lorenzo Sonego,M,25,191.0,NA,,,2020 Summer,2020,Summer,Tokyo,Tennis,"Tennis Doubles, Men",NA
1504051,Rajeev Ram,M,36,193.0,84.0,,,2020 Summer,2020,Summer,Tokyo,Tennis,"Tennis Doubles, Men",NA
1504052,Frances Tiafoe,M,22,188.0,NA,,,2020 Summer,2020,Summer,Tokyo,Tennis,"Tennis Doubles, Men",NA
1504053,Pablo Andújar,M,34,180.0,NA,,,2020 Summer,2020,Summer,Tokyo,Tennis,"Tennis Doubles, Men",NA
1504054,Roberto Carballés,M,27,181.0,NA,,,2020 Summer,2020,Summer,Tokyo,Tennis,"Tennis Doubles, Men",NA
1504055,Facundo Bagnis,M,30,NA,NA,,,2020 Summer,2020,Summer,Tokyo,Tennis,"Tennis Doubles, Men",NA
1504056,Diego Schwartzman,M,27,NA,NA,,,2020 Summer,2020,Summer,Tokyo,Tennis,"Tennis Doubles, Men",NA
1504057,Aleksandr Bublik,M,23,196.0,82.0,,,2020 Summer,2020,Summer,Tokyo,Tennis,"Tennis Doubles, Men",NA
1504058,Andrey Golubev,M,32,NA,NA,,,2020 Summer,2020,Summer,Tokyo,Tennis,"Tennis Doubles, Men",NA
1504059,Pablo Carreño Busta,M,29,188.0,78.0,,,2020 Summer,2020,Summer,Tokyo,Tennis,"Tennis Doubles, Men",NA
1504060,Alejandro Davidovich Fokina,M,21,183.0,NA,,,2020 Summer,2020,Summer,Tokyo,Tennis,"Tennis Doubles, Men",NA
1504061,Taro Daniel,M,27,191.0,76.0,,,2020 Summer,2020,Summer,Tokyo,Tennis,"Tennis Doubles, Men",NA
1504062,Yoshihito Nishioka,M,24,NA,NA,,,2020 Summer,2020,Summer,Tokyo,Tennis,"Tennis Doubles, Men",NA
1504063,Marcelo Demoliner,M,31,192.0,86.0,,,2020 Summer,2020,Summer,Tokyo,Tennis,"Tennis Doubles, Men",NA
1504064,Marcelo Melo,M,36,203.0,87.0,,,2020 Summer,2020,Summer,Tokyo,Tennis,"Tennis Doubles, Men",NA
1504065,Yahor Herasimau,M,27,188.0,90.0,,,2020 Summer,2020,Summer,Tokyo,Tennis,"Tennis Doubles, Men",NA
1504066,Illia Ivashka,M,26,188.0,80.0,,,2020 Summer,2020,Summer,Tokyo,Tennis,"Tennis Doubles, Men",NA
1504067,Sander Gillé,M,29,185.0,75.0,,,2020 Summer,2020,Summer,Tokyo,Tennis,"Tennis Doubles, Men",NA
1504068,Joran Vliegen,M,27,191.0,78.0,,,2020 Summer,2020,Summer,Tokyo,Tennis,"Tennis Doubles, Men",NA
1504069,Pierre-Hugues Herbert,M,29,188.0,79.0,,,2020 Summer,2020,Summer,Tokyo,Tennis,"Tennis Doubles, Men",NA
1504070,Nicolas Mahut,M,38,190.0,80.0,,,2020 Summer,2020,Summer,Tokyo,Tennis,"Tennis Doubles, Men",NA
1504071,Hubert Hurkacz,M,23,NA,NA,,,2020 Summer,2020,Summer,Tokyo,Tennis,"Tennis Doubles, Men",NA
1504072,Łukasz Kubot,M,38,190.0,86.0,,,2020 Summer,2020,Summer,Tokyo,Tennis,"Tennis Doubles, Men",NA
1504073,Aslan Karatsev,M,26,NA,NA,,,2020 Summer,2020,Summer,Tokyo,Tennis,"Tennis Doubles, Men",NA
1504074,Daniil Medvedev,M,24,198.0,83.0,,,2020 Summer,2020,Summer,Tokyo,Tennis,"Tennis Doubles, Men",NA
1504075,Karen Khachanov,M,24,198.0,88.0,,,2020 Summer,2020,Summer,Tokyo,Tennis,"Tennis Doubles, Men",NA
1504076,Andrey Rublyov,M,22,188.0,75.0,,,2020 Summer,2020,Summer,Tokyo,Tennis,"Tennis Doubles, Men",NA
1504077,John Millman,M,31,183.0,79.0,,,2020 Summer,2020,Summer,Tokyo,Tennis,"Tennis Doubles, Men",NA
1504078,Luke Saville,M,26,188.0,83.0,,,2020 Summer,2020,Summer,Tokyo,Tennis,"Tennis Doubles, Men",NA
1504079,Andrés Molteni,M,32,180.0,70.0,,,2020 Summer,2020,Summer,Tokyo,Tennis,"Tennis Doubles, Men",NA
1504080,Horacio Zeballos,M,35,NA,NA,,,2020 Summer,2020,Summer,Tokyo,Tennis,"Tennis Doubles, Men",NA
1504081,John Peers,M,31,188.0,84.0,,,2020 Summer,2020,Summer,Tokyo,Tennis,"Tennis Doubles, Men",NA
1504082,Max Purcell,M,22,185.0,NA,,,2020 Summer,2020,Summer,Tokyo,Tennis,"Tennis Doubles, Men",NA
1504083,João Sousa,M,31,185.0,76.0,,,2020 Summer,2020,Summer,Tokyo,Tennis,"Tennis Doubles, Men",NA
1504084,Pedro Sousa,M,32,180.0,70.0,,,2020 Summer,2020,Summer,Tokyo,Tennis,"Tennis Doubles, Men",NA
1504085,Barbora Krejčíková,F,24,178.0,NA,,,2020 Summer,2020,Summer,Tokyo,Tennis,"Tennis Doubles, Women",NA
1504086,Kateřina Siniaková,F,24,NA,NA,,,2020 Summer,2020,Summer,Tokyo,Tennis,"Tennis Doubles, Women",NA
1504087,Belinda Bencic,F,23,NA,NA,,,2020 Summer,2020,Summer,Tokyo,Tennis,"Tennis Doubles, Women",NA
1504088,Viktorija Golubic,F,27,169.0,56.0,,,2020 Summer,2020,Summer,Tokyo,Tennis,"Tennis Doubles, Women",NA
1504089,Laura Pigossi,F,25,164.0,55.0,,,2020 Summer,2020,Summer,Tokyo,Tennis,"Tennis Doubles, Women",NA
1504090,Luísa Stefani,F,22,169.0,63.0,,,2020 Summer,2020,Summer,Tokyo,Tennis,"Tennis Doubles, Women",NA
1504091,Veronika Kudermetova,F,23,NA,NA,,,2020 Summer,2020,Summer,Tokyo,Tennis,"Tennis Doubles, Women",NA
1504092,Yelena Vesnina,F,33,180.0,60.0,,,2020 Summer,2020,Summer,Tokyo,Tennis,"Tennis Doubles, Women",NA
1504093,Ash Barty,F,24,NA,NA,,,2020 Summer,2020,Summer,Tokyo,Tennis,"Tennis Doubles, Women",NA
1504094,Storm Sanders,F,25,166.0,NA,,,2020 Summer,2020,Summer,Tokyo,Tennis,"Tennis Doubles, Women",NA
1504095,Liudmyla Kichenok,F,27,176.0,65.0,,,2020 Summer,2020,Summer,Tokyo,Tennis,"Tennis Doubles, Women",NA
1504096,Nadiya Kichenok,F,27,172.0,65.0,,,2020 Summer,2020,Summer,Tokyo,Tennis,"Tennis Doubles, Women",NA
1504097,Bethanie Mattek-Sands,F,35,168.0,66.0,,,2020 Summer,2020,Summer,Tokyo,Tennis,"Tennis Doubles, Women",NA
1504098,Jessica Pegula,F,26,170.0,NA,,,2020 Summer,2020,Summer,Tokyo,Tennis,"Tennis Doubles, Women",NA
1504099,Ellen Perez,F,24,169.0,NA,,,2020 Summer,2020,Summer,Tokyo,Tennis,"Tennis Doubles, Women",NA
1504100,Samantha Stosur,F,36,175.0,68.0,,,2020 Summer,2020,Summer,Tokyo,Tennis,"Tennis Doubles, Women",NA
1504101,Paula Badosa,F,22,NA,NA,,,2020 Summer,2020,Summer,Tokyo,Tennis,"Tennis Doubles, Women",NA
1504102,Sara Sorribes,F,23,174.0,67.0,,,2020 Summer,2020,Summer,Tokyo,Tennis,"Tennis Doubles, Women",NA
1504103,Kiki Bertens,F,28,182.0,69.0,,,2020 Summer,2020,Summer,Tokyo,Tennis,"Tennis Doubles, Women",NA
1504104,Demi Schuurs,F,26,170.0,65.0,,,2020 Summer,2020,Summer,Tokyo,Tennis,"Tennis Doubles, Women",NA
1504105,Alizé Cornet,F,30,173.0,60.0,,,2020 Summer,2020,Summer,Tokyo,Tennis,"Tennis Doubles, Women",NA
1504106,Fiona Ferro,F,23,NA,NA,,,2020 Summer,2020,Summer,Tokyo,Tennis,"Tennis Doubles, Women",NA
1504107,Sara Errani,F,33,164.0,58.0,,,2020 Summer,2020,Summer,Tokyo,Tennis,"Tennis Doubles, Women",NA
1504108,Jasmine Paolini,F,24,163.0,NA,,,2020 Summer,2020,Summer,Tokyo,Tennis,"Tennis Doubles, Women",NA
1504109,Garbiñe Muguruza,F,26,182.0,73.0,,,2020 Summer,2020,Summer,Tokyo,Tennis,"Tennis Doubles, Women",NA
1504110,Carla Suárez,F,31,162.0,62.0,,,2020 Summer,2020,Summer,Tokyo,Tennis,"Tennis Doubles, Women",NA
1504111,Monica Niculescu,F,32,168.0,63.0,,,2020 Summer,2020,Summer,Tokyo,Tennis,"Tennis Doubles, Women",NA
1504112,Raluca Olaru,F,31,173.0,60.0,,,2020 Summer,2020,Summer,Tokyo,Tennis,"Tennis Doubles, Women",NA
1504113,Karolína Plíšková,F,28,NA,NA,,,2020 Summer,2020,Summer,Tokyo,Tennis,"Tennis Doubles, Women",NA
1504114,Markéta Vondroušová,F,21,172.0,NA,,,2020 Summer,2020,Summer,Tokyo,Tennis,"Tennis Doubles, Women",NA
1504115,Xu Yifan,F,31,165.0,60.0,,,2020 Summer,2020,Summer,Tokyo,Tennis,"Tennis Doubles, Women",NA
1504116,Yang Zhaoxuan,F,25,NA,NA,,,2020 Summer,2020,Summer,Tokyo,Tennis,"Tennis Doubles, Women",NA
1504117,Shuko Aoyama,F,32,NA,NA,,,2020 Summer,2020,Summer,Tokyo,Tennis,"Tennis Doubles, Women",NA
1504118,Ena Shibahara,F,22,170.0,NA,,,2020 Summer,2020,Summer,Tokyo,Tennis,"Tennis Doubles, Women",NA
1504119,Latisha Chan,F,30,170.0,60.0,,,2020 Summer,2020,Summer,Tokyo,Tennis,"Tennis Doubles, Women",NA
1504120,Chan Hao-Ching,F,26,175.0,60.0,,,2020 Summer,2020,Summer,Tokyo,Tennis,"Tennis Doubles, Women",NA
1504121,Gaby Dabrowski,F,28,175.0,84.0,,,2020 Summer,2020,Summer,Tokyo,Tennis,"Tennis Doubles, Women",NA
1504122,Sharon Fichman,F,29,NA,NA,,,2020 Summer,2020,Summer,Tokyo,Tennis,"Tennis Doubles, Women",NA
1504123,Duan Yingying,F,31,NA,NA,,,2020 Summer,2020,Summer,Tokyo,Tennis,"Tennis Doubles, Women",NA
1504124,Zheng Saisai,F,26,170.0,62.0,,,2020 Summer,2020,Summer,Tokyo,Tennis,"Tennis Doubles, Women",NA
1504125,Anna-Lena Friedsam,F,26,173.0,68.0,,,2020 Summer,2020,Summer,Tokyo,Tennis,"Tennis Doubles, Women",NA
1504126,Laura Siegemund,F,32,168.0,62.0,,,2020 Summer,2020,Summer,Tokyo,Tennis,"Tennis Doubles, Women",NA
1504127,Caroline Garcia,F,26,177.0,61.0,,,2020 Summer,2020,Summer,Tokyo,Tennis,"Tennis Doubles, Women",NA
1504128,Kristina Mladenovic,F,27,184.0,60.0,,,2020 Summer,2020,Summer,Tokyo,Tennis,"Tennis Doubles, Women",NA
1504129,Nao Hibino,F,25,163.0,57.0,,,2020 Summer,2020,Summer,Tokyo,Tennis,"Tennis Doubles, Women",NA
1504130,Makoto Ninomiya,F,26,NA,NA,,,2020 Summer,2020,Summer,Tokyo,Tennis,"Tennis Doubles, Women",NA
1504131,Hsieh Yu-Chieh,F,26,NA,NA,,,2020 Summer,2020,Summer,Tokyo,Tennis,"Tennis Doubles, Women",NA
1504132,Connie Hsu,F,28,NA,NA,,,2020 Summer,2020,Summer,Tokyo,Tennis,"Tennis Doubles, Women",NA
1504133,Aleksandra Krunić,F,27,167.0,53.0,,,2020 Summer,2020,Summer,Tokyo,Tennis,"Tennis Doubles, Women",NA
1504134,Nina Stojanović,F,23,NA,NA,,,2020 Summer,2020,Summer,Tokyo,Tennis,"Tennis Doubles, Women",NA
1504135,Magda Linette,F,28,171.0,59.0,,,2020 Summer,2020,Summer,Tokyo,Tennis,"Tennis Doubles, Women",NA
1504136,Alicja Rosolska,F,34,166.0,50.0,,,2020 Summer,2020,Summer,Tokyo,Tennis,"Tennis Doubles, Women",NA
1504137,Nicole Melichar,F,26,181.0,NA,,,2020 Summer,2020,Summer,Tokyo,Tennis,"Tennis Doubles, Women",NA
1504138,Alison Riske,F,30,173.0,NA,,,2020 Summer,2020,Summer,Tokyo,Tennis,"Tennis Doubles, Women",NA
1504139,Elise Mertens,F,24,NA,NA,,,2020 Summer,2020,Summer,Tokyo,Tennis,"Tennis Doubles, Women",NA
1504140,Alison Van Uytvanck,F,26,NA,NA,,,2020 Summer,2020,Summer,Tokyo,Tennis,"Tennis Doubles, Women",NA
1504141,Sania Mirza,F,33,173.0,57.0,,,2020 Summer,2020,Summer,Tokyo,Tennis,"Tennis Doubles, Women",NA
1504142,Ankita Raina,F,27,NA,NA,,,2020 Summer,2020,Summer,Tokyo,Tennis,"Tennis Doubles, Women",NA
1504143,Giuliana Olmos,F,27,NA,NA,,,2020 Summer,2020,Summer,Tokyo,Tennis,"Tennis Doubles, Women",NA
1504144,Renata Zarazúa,F,22,NA,NA,,,2020 Summer,2020,Summer,Tokyo,Tennis,"Tennis Doubles, Women",NA
1504145,Jeļena Ostapenko,F,23,177.0,68.0,,,2020 Summer,2020,Summer,Tokyo,Tennis,"Tennis Doubles, Women",NA
1504146,Anastasija Sevastova,F,30,NA,NA,,,2020 Summer,2020,Summer,Tokyo,Tennis,"Tennis Doubles, Women",NA
1504147,Elina Svitolina,F,25,174.0,60.0,,,2020 Summer,2020,Summer,Tokyo,Tennis,"Tennis Doubles, Women",NA
1504148,Dayana Yastremska,F,20,173.0,NA,,,2020 Summer,2020,Summer,Tokyo,Tennis,"Tennis Doubles, Women",NA
1504149,Anastasiya Pavlyuchenkova,F,29,177.0,72.0,,,2020 Summer,2020,Summer,Tokyo,Tennis,"Tennis Doubles, Mixed",NA
1504150,Andrey Rublyov,M,22,188.0,75.0,,,2020 Summer,2020,Summer,Tokyo,Tennis,"Tennis Doubles, Mixed",NA
1504151,Yelena Vesnina,F,33,180.0,60.0,,,2020 Summer,2020,Summer,Tokyo,Tennis,"Tennis Doubles, Mixed",NA
1504152,Aslan Karatsev,M,26,NA,NA,,,2020 Summer,2020,Summer,Tokyo,Tennis,"Tennis Doubles, Mixed",NA
1504153,Ash Barty,F,24,NA,NA,,,2020 Summer,2020,Summer,Tokyo,Tennis,"Tennis Doubles, Mixed",NA
1504154,John Peers,M,31,188.0,84.0,,,2020 Summer,2020,Summer,Tokyo,Tennis,"Tennis Doubles, Mixed",NA
1504155,Nina Stojanović,F,23,NA,NA,,,2020 Summer,2020,Summer,Tokyo,Tennis,"Tennis Doubles, Mixed",NA
1504156,Novak Đoković,M,33,188.0,80.0,,,2020 Summer,2020,Summer,Tokyo,Tennis,"Tennis Doubles, Mixed",NA
1504157,Iga Świątek,F,19,176.0,65.0,,,2020 Summer,2020,Summer,Tokyo,Tennis,"Tennis Doubles, Mixed",NA
1504158,Łukasz Kubot,M,38,190.0,86.0,,,2020 Summer,2020,Summer,Tokyo,Tennis,"Tennis Doubles, Mixed",NA
1504159,Laura Siegemund,F,32,168.0,62.0,,,2020 Summer,2020,Summer,Tokyo,Tennis,"Tennis Doubles, Mixed",NA
1504160,Kevin Krawietz,M,28,191.0,83.0,,,2020 Summer,2020,Summer,Tokyo,Tennis,"Tennis Doubles, Mixed",NA
1504161,Ena Shibahara,F,22,170.0,NA,,,2020 Summer,2020,Summer,Tokyo,Tennis,"Tennis Doubles, Mixed",NA
1504162,Ben McLachlan,M,28,NA,NA,,,2020 Summer,2020,Summer,Tokyo,Tennis,"Tennis Doubles, Mixed",NA
1504163,Maria Sakkari,F,24,172.0,65.0,,,2020 Summer,2020,Summer,Tokyo,Tennis,"Tennis Doubles, Mixed",NA
1504164,Stefanos Tsitsipas,M,21,195.0,90.0,,,2020 Summer,2020,Summer,Tokyo,Tennis,"Tennis Doubles, Mixed",NA
1504165,Kristina Mladenovic,F,27,184.0,60.0,,,2020 Summer,2020,Summer,Tokyo,Tennis,"Tennis Doubles, Mixed",NA
1504166,Nicolas Mahut,M,38,190.0,80.0,,,2020 Summer,2020,Summer,Tokyo,Tennis,"Tennis Doubles, Mixed",NA
1504167,Fiona Ferro,F,23,NA,NA,,,2020 Summer,2020,Summer,Tokyo,Tennis,"Tennis Doubles, Mixed",NA
1504168,Pierre-Hugues Herbert,M,29,188.0,79.0,,,2020 Summer,2020,Summer,Tokyo,Tennis,"Tennis Doubles, Mixed",NA
1504169,Bethanie Mattek-Sands,F,35,168.0,66.0,,,2020 Summer,2020,Summer,Tokyo,Tennis,"Tennis Doubles, Mixed",NA
1504170,Rajeev Ram,M,36,193.0,84.0,,,2020 Summer,2020,Summer,Tokyo,Tennis,"Tennis Doubles, Mixed",NA
1504171,Luísa Stefani,F,22,169.0,63.0,,,2020 Summer,2020,Summer,Tokyo,Tennis,"Tennis Doubles, Mixed",NA
1504172,Marcelo Melo,M,36,203.0,87.0,,,2020 Summer,2020,Summer,Tokyo,Tennis,"Tennis Doubles, Mixed",NA
1504173,Yaroslava Shvedova,F,32,180.0,68.0,,,2020 Summer,2020,Summer,Tokyo,Tennis,"Tennis Doubles, Mixed",NA
1504174,Andrey Golubev,M,32,NA,NA,,,2020 Summer,2020,Summer,Tokyo,Tennis,"Tennis Doubles, Mixed",NA
1504175,Darija Jurak,F,36,NA,NA,,,2020 Summer,2020,Summer,Tokyo,Tennis,"Tennis Doubles, Mixed",NA
1504176,Ivan Dodig,M,35,183.0,83.0,,,2020 Summer,2020,Summer,Tokyo,Tennis,"Tennis Doubles, Mixed",NA
1504177,Nadia Podoroska,F,23,170.0,NA,,,2020 Summer,2020,Summer,Tokyo,Tennis,"Tennis Doubles, Mixed",NA
1504178,Horacio Zeballos,M,35,NA,NA,,,2020 Summer,2020,Summer,Tokyo,Tennis,"Tennis Doubles, Mixed",NA
1504179,Gaby Dabrowski,F,28,175.0,84.0,,,2020 Summer,2020,Summer,Tokyo,Tennis,"Tennis Doubles, Mixed",NA
1504180,Félix Auger-Aliassime,M,19,193.0,88.0,,,2020 Summer,2020,Summer,Tokyo,Tennis,"Tennis Doubles, Mixed",NA
1504181,Matthew Ebden,M,36,188.0,80.0,,,2024 Summer,2024,Summer,Paris,Tennis,"Tennis Doubles, Men",NA
1504182,John Peers,M,35,188.0,84.0,,,2024 Summer,2024,Summer,Paris,Tennis,"Tennis Doubles, Men",NA
1504183,Austin Krajicek,M,34,188.0,79.0,,,2024 Summer,2024,Summer,Paris,Tennis,"Tennis Doubles, Men",NA
1504184,Rajeev Ram,M,40,193.0,84.0,,,2024 Summer,2024,Summer,Paris,Tennis,"Tennis Doubles, Men",NA
1504185,Taylor Fritz,M,26,NA,NA,,,2024 Summer,2024,Summer,Paris,Tennis,"Tennis Doubles, Men",NA
1504186,Tommy Paul,M,27,185.0,82.0,,,2024 Summer,2024,Summer,Paris,Tennis,"Tennis Doubles, Men",NA
1504187,Tomáš Macháč,M,23,183.0,74.0,,,2024 Summer,2024,Summer,Paris,Tennis,"Tennis Doubles, Men",NA
1504188,Adam Pavlásek,M,29,185.0,76.0,,,2024 Summer,2024,Summer,Paris,Tennis,"Tennis Doubles, Men",NA
1504189,Carlos Alcaraz,M,21,183.0,74.0,,,2024 Summer,2024,Summer,Paris,Tennis,"Tennis Doubles, Men",NA
1504190,Rafael Nadal,M,38,185.0,80.0,,,2024 Summer,2024,Summer,Paris,Tennis,"Tennis Doubles, Men",NA
1504191,Dan Evans,M,34,175.0,75.0,,,2024 Summer,2024,Summer,Paris,Tennis,"Tennis Doubles, Men",NA
1504192,Andy Murray,M,37,190.0,83.0,,,2024 Summer,2024,Summer,Paris,Tennis,"Tennis Doubles, Men",NA
1504193,Kevin Krawietz,M,32,191.0,83.0,,,2024 Summer,2024,Summer,Paris,Tennis,"Tennis Doubles, Men",NA
1504194,Tim Pütz,M,36,185.0,78.0,,,2024 Summer,2024,Summer,Paris,Tennis,"Tennis Doubles, Men",NA
1504195,Dominik Koepfer,M,30,180.0,79.0,,,2024 Summer,2024,Summer,Paris,Tennis,"Tennis Doubles, Men",NA
1504196,Jan-Lennard Struff,M,34,196.0,87.0,,,2024 Summer,2024,Summer,Paris,Tennis,"Tennis Doubles, Men",NA
1504197,Sander Gillé,M,33,185.0,75.0,,,2024 Summer,2024,Summer,Paris,Tennis,"Tennis Doubles, Men",NA
1504198,Joran Vliegen,M,31,191.0,78.0,,,2024 Summer,2024,Summer,Paris,Tennis,"Tennis Doubles, Men",NA
1504199,Thiago Monteiro,M,30,183.0,78.0,,,2024 Summer,2024,Summer,Paris,Tennis,"Tennis Doubles, Men",NA
1504200,Thiago Seyboth Wild,M,24,185.0,80.0,,,2024 Summer,2024,Summer,Paris,Tennis,"Tennis Doubles, Men",NA
1504201,Nicolás Jarry,M,28,201.0,90.0,,,2024 Summer,2024,Summer,Paris,Tennis,"Tennis Doubles, Men",NA
1504202,Alejandro Tabilo,M,27,188.0,75.0,,,2024 Summer,2024,Summer,Paris,Tennis,"Tennis Doubles, Men",NA
1504203,Pablo Carreño Busta,M,33,188.0,78.0,,,2024 Summer,2024,Summer,Paris,Tennis,"Tennis Doubles, Men",NA
1504204,Marcel Granollers,M,38,190.0,77.0,,,2024 Summer,2024,Summer,Paris,Tennis,"Tennis Doubles, Men",NA
1504205,Gaël Monfils,M,37,193.0,80.0,,,2024 Summer,2024,Summer,Paris,Tennis,"Tennis Doubles, Men",NA
1504206,Édouard Roger-Vasselin,M,40,185.0,78.0,,,2024 Summer,2024,Summer,Paris,Tennis,"Tennis Doubles, Men",NA
1504207,Tallon Griekspoor,M,28,188.0,85.0,,,2024 Summer,2024,Summer,Paris,Tennis,"Tennis Doubles, Men",NA
1504208,Wesley Koolhof,M,35,180.0,78.0,,,2024 Summer,2024,Summer,Paris,Tennis,"Tennis Doubles, Men",NA
1504209,Robin Haase,M,37,190.0,77.0,,,2024 Summer,2024,Summer,Paris,Tennis,"Tennis Doubles, Men",NA
1504210,Jean-Julien Rojer,M,42,184.0,83.0,,,2024 Summer,2024,Summer,Paris,Tennis,"Tennis Doubles, Men",NA
1504211,Nuno Borges,M,27,187.0,79.0,,,2024 Summer,2024,Summer,Paris,Tennis,"Tennis Doubles, Men",NA
1504212,Francisco Cabral,M,27,193.0,89.0,,,2024 Summer,2024,Summer,Paris,Tennis,"Tennis Doubles, Men",NA
1504213,Daniil Medvedev,M,28,198.0,83.0,,,2024 Summer,2024,Summer,Paris,Tennis,"Tennis Doubles, Men",NA
1504214,Roman Safiullin,M,26,185.0,75.0,,,2024 Summer,2024,Summer,Paris,Tennis,"Tennis Doubles, Men",NA
1504215,Máximo González,M,40,175.0,70.0,,,2024 Summer,2024,Summer,Paris,Tennis,"Tennis Doubles, Men",NA
1504216,Andrés Molteni,M,36,180.0,70.0,,,2024 Summer,2024,Summer,Paris,Tennis,"Tennis Doubles, Men",NA
1504217,Mariano Navone,M,23,178.0,73.0,,,2024 Summer,2024,Summer,Paris,Tennis,"Tennis Doubles, Men",NA
1504218,Tomás Martín Etcheverry,M,24,196.0,82.0,,,2024 Summer,2024,Summer,Paris,Tennis,"Tennis Doubles, Men",NA
1504219,Alexei Popyrin,M,24,196.0,78.0,,,2024 Summer,2024,Summer,Paris,Tennis,"Tennis Doubles, Men",NA
1504220,Alex de Minaur,M,25,183.0,69.0,,,2024 Summer,2024,Summer,Paris,Tennis,"Tennis Doubles, Men",NA
1504221,Félix Auger-Aliassime,M,23,193.0,88.0,,,2024 Summer,2024,Summer,Paris,Tennis,"Tennis Doubles, Men",NA
1504222,Milos Raonic,M,33,196.0,90.0,,,2024 Summer,2024,Summer,Paris,Tennis,"Tennis Doubles, Men",NA
1504223,Nikola Mektić,M,35,183.0,79.0,,,2024 Summer,2024,Summer,Paris,Tennis,"Tennis Doubles, Men",NA
1504224,Mate Pavić,M,31,191.0,83.0,,,2024 Summer,2024,Summer,Paris,Tennis,"Tennis Doubles, Men",NA
1504225,Arthur Fils,M,20,185.0,83.0,,,2024 Summer,2024,Summer,Paris,Tennis,"Tennis Doubles, Men",NA
1504226,Ugo Humbert,M,26,188.0,73.0,,,2024 Summer,2024,Summer,Paris,Tennis,"Tennis Doubles, Men",NA
1504227,Joe Salisbury,M,32,191.0,83.0,,,2024 Summer,2024,Summer,Paris,Tennis,"Tennis Doubles, Men",NA
1504228,Neal Skupski,M,34,183.0,82.0,,,2024 Summer,2024,Summer,Paris,Tennis,"Tennis Doubles, Men",NA
1504229,Petros Tsitsipas,M,23,185.0,76.0,,,2024 Summer,2024,Summer,Paris,Tennis,"Tennis Doubles, Men",NA
1504230,Stefanos Tsitsipas,M,25,195.0,90.0,,,2024 Summer,2024,Summer,Paris,Tennis,"Tennis Doubles, Men",NA
1504231,Márton Fucsovics,M,32,188.0,82.0,,,2024 Summer,2024,Summer,Paris,Tennis,"Tennis Doubles, Men",NA
1504232,Fábián Marozsán,M,24,193.0,75.0,,,2024 Summer,2024,Summer,Paris,Tennis,"Tennis Doubles, Men",NA
1504233,Sriram Balaji,M,34,180.0,76.0,,,2024 Summer,2024,Summer,Paris,Tennis,"Tennis Doubles, Men",NA
1504234,Rohan Bopanna,M,44,190.0,87.0,,,2024 Summer,2024,Summer,Paris,Tennis,"Tennis Doubles, Men",NA
1504235,Simone Bolelli,M,38,185.0,84.0,,,2024 Summer,2024,Summer,Paris,Tennis,"Tennis Doubles, Men",NA
1504236,Andrea Vavassori,M,29,193.0,82.0,,,2024 Summer,2024,Summer,Paris,Tennis,"Tennis Doubles, Men",NA
1504237,Luciano Darderi,M,22,183.0,82.0,,,2024 Summer,2024,Summer,Paris,Tennis,"Tennis Doubles, Men",NA
1504238,Lorenzo Musetti,M,22,185.0,78.0,,,2024 Summer,2024,Summer,Paris,Tennis,"Tennis Doubles, Men",NA
1504239,Taro Daniel,M,31,191.0,76.0,,,2024 Summer,2024,Summer,Paris,Tennis,"Tennis Doubles, Men",NA
1504240,Kei Nishikori,M,34,178.0,74.0,,,2024 Summer,2024,Summer,Paris,Tennis,"Tennis Doubles, Men",NA
1504241,Aleksandr Bublik,M,27,196.0,82.0,,,2024 Summer,2024,Summer,Paris,Tennis,"Tennis Doubles, Men",NA
1504242,Aleksandr Nedovyesov,M,37,188.0,80.0,,,2024 Summer,2024,Summer,Paris,Tennis,"Tennis Doubles, Men",NA
1504243,Hady Habib,M,25,188.0,88.0,,,2024 Summer,2024,Summer,Paris,Tennis,"Tennis Doubles, Men",NA
1504244,Benjamin Hassan,M,29,183.0,85.0,,,2024 Summer,2024,Summer,Paris,Tennis,"Tennis Doubles, Men",NA
1504245,Sara Errani,F,37,164.0,58.0,,,2024 Summer,2024,Summer,Paris,Tennis,"Tennis Doubles, Women",NA
1504246,Jasmine Paolini,F,28,163.0,NA,,,2024 Summer,2024,Summer,Paris,Tennis,"Tennis Doubles, Women",NA
1504247,Mirra Andreyeva,F,17,175.0,NA,,,2024 Summer,2024,Summer,Paris,Tennis,"Tennis Doubles, Women",NA
1504248,Diana Shnayder,F,20,175.0,NA,,,2024 Summer,2024,Summer,Paris,Tennis,"Tennis Doubles, Women",NA
1504249,Cristina Bucșa,F,26,176.0,NA,,,2024 Summer,2024,Summer,Paris,Tennis,"Tennis Doubles, Women",NA
1504250,Sara Sorribes,F,27,174.0,67.0,,,2024 Summer,2024,Summer,Paris,Tennis,"Tennis Doubles, Women",NA
1504251,Karolína Muchová,F,27,180.0,NA,,,2024 Summer,2024,Summer,Paris,Tennis,"Tennis Doubles, Women",NA
1504252,Linda Nosková,F,19,179.0,NA,,,2024 Summer,2024,Summer,Paris,Tennis,"Tennis Doubles, Women",NA
1504253,Barbora Krejčíková,F,28,178.0,NA,,,2024 Summer,2024,Summer,Paris,Tennis,"Tennis Doubles, Women",NA
1504254,Kateřina Siniaková,F,28,NA,NA,,,2024 Summer,2024,Summer,Paris,Tennis,"Tennis Doubles, Women",NA
1504255,Katie Boulter,F,27,182.0,NA,,,2024 Summer,2024,Summer,Paris,Tennis,"Tennis Doubles, Women",NA
1504256,Heather Watson,F,32,168.0,64.0,,,2024 Summer,2024,Summer,Paris,Tennis,"Tennis Doubles, Women",NA
1504257,Hsieh Su-Wei,F,38,170.0,57.0,,,2024 Summer,2024,Summer,Paris,Tennis,"Tennis Doubles, Women",NA
1504258,Tsao Chia-Yi,F,20,178.0,NA,,,2024 Summer,2024,Summer,Paris,Tennis,"Tennis Doubles, Women",NA
1504259,Liudmyla Kichenok,F,31,176.0,65.0,,,2024 Summer,2024,Summer,Paris,Tennis,"Tennis Doubles, Women",NA
1504260,Nadiya Kichenok,F,31,172.0,65.0,,,2024 Summer,2024,Summer,Paris,Tennis,"Tennis Doubles, Women",NA
1504261,María Lourdes Carlé,F,24,166.0,NA,,,2024 Summer,2024,Summer,Paris,Tennis,"Tennis Doubles, Women",NA
1504262,Nadia Podoroska,F,27,170.0,NA,,,2024 Summer,2024,Summer,Paris,Tennis,"Tennis Doubles, Women",NA
1504263,Beatriz Haddad Maia,F,28,185.0,NA,,,2024 Summer,2024,Summer,Paris,Tennis,"Tennis Doubles, Women",NA
1504264,Luísa Stefani,F,26,169.0,63.0,,,2024 Summer,2024,Summer,Paris,Tennis,"Tennis Doubles, Women",NA
1504265,Gaby Dabrowski,F,32,175.0,84.0,,,2024 Summer,2024,Summer,Paris,Tennis,"Tennis Doubles, Women",NA
1504266,Leylah Fernandez,F,21,168.0,NA,,,2024 Summer,2024,Summer,Paris,Tennis,"Tennis Doubles, Women",NA
1504267,Caroline Garcia,F,30,177.0,61.0,,,2024 Summer,2024,Summer,Paris,Tennis,"Tennis Doubles, Women",NA
1504268,Diane Parry,F,21,170.0,NA,,,2024 Summer,2024,Summer,Paris,Tennis,"Tennis Doubles, Women",NA
1504269,Shuko Aoyama,F,36,NA,NA,,,2024 Summer,2024,Summer,Paris,Tennis,"Tennis Doubles, Women",NA
1504270,Ena Shibahara,F,26,170.0,NA,,,2024 Summer,2024,Summer,Paris,Tennis,"Tennis Doubles, Women",NA
1504271,Marta Kostiuk,F,22,NA,NA,,,2024 Summer,2024,Summer,Paris,Tennis,"Tennis Doubles, Women",NA
1504272,Dayana Yastremska,F,24,173.0,NA,,,2024 Summer,2024,Summer,Paris,Tennis,"Tennis Doubles, Women",NA
1504273,Coco Gauff,F,20,175.0,NA,,,2024 Summer,2024,Summer,Paris,Tennis,"Tennis Doubles, Women",NA
1504274,Jessica Pegula,F,30,170.0,NA,,,2024 Summer,2024,Summer,Paris,Tennis,"Tennis Doubles, Women",NA
1504275,Danielle Collins,F,30,178.0,64.0,,,2024 Summer,2024,Summer,Paris,Tennis,"Tennis Doubles, Women",NA
1504276,Desirae Krawczyk,F,30,170.0,NA,,,2024 Summer,2024,Summer,Paris,Tennis,"Tennis Doubles, Women",NA
1504277,Yekaterina Aleksandrova,F,29,175.0,NA,,,2024 Summer,2024,Summer,Paris,Tennis,"Tennis Doubles, Women",NA
1504278,Yelena Vesnina,F,37,180.0,60.0,,,2024 Summer,2024,Summer,Paris,Tennis,"Tennis Doubles, Women",NA
1504279,Ellen Perez,F,28,169.0,NA,,,2024 Summer,2024,Summer,Paris,Tennis,"Tennis Doubles, Women",NA
1504280,Daria Saville,F,30,166.0,61.0,,,2024 Summer,2024,Summer,Paris,Tennis,"Tennis Doubles, Women",NA
1504281,Olivia Gadecki,F,22,172.0,NA,,,2024 Summer,2024,Summer,Paris,Tennis,"Tennis Doubles, Women",NA
1504282,Ajla Tomljanovic,F,31,180.0,NA,,,2024 Summer,2024,Summer,Paris,Tennis,"Tennis Doubles, Women",NA
1504283,Wang Xinyu,F,22,182.0,NA,,,2024 Summer,2024,Summer,Paris,Tennis,"Tennis Doubles, Women",NA
1504284,Zheng Saisai,F,30,170.0,62.0,,,2024 Summer,2024,Summer,Paris,Tennis,"Tennis Doubles, Women",NA
1504285,Yuan Yue,F,25,178.0,NA,,,2024 Summer,2024,Summer,Paris,Tennis,"Tennis Doubles, Women",NA
1504286,Zhang Shuai,F,35,177.0,66.0,,,2024 Summer,2024,Summer,Paris,Tennis,"Tennis Doubles, Women",NA
1504287,Clara Burel,F,23,176.0,NA,,,2024 Summer,2024,Summer,Paris,Tennis,"Tennis Doubles, Women",NA
1504288,Varvara Gracheva,F,23,NA,NA,,,2024 Summer,2024,Summer,Paris,Tennis,"Tennis Doubles, Women",NA
1504289,Tamara Korpatsch,F,29,170.0,56.0,,,2024 Summer,2024,Summer,Paris,Tennis,"Tennis Doubles, Women",NA
1504290,Tatjana Maria,F,36,172.0,62.0,,,2024 Summer,2024,Summer,Paris,Tennis,"Tennis Doubles, Women",NA
1504291,Angelique Kerber,F,36,173.0,68.0,,,2024 Summer,2024,Summer,Paris,Tennis,"Tennis Doubles, Women",NA
1504292,Laura Siegemund,F,36,168.0,62.0,,,2024 Summer,2024,Summer,Paris,Tennis,"Tennis Doubles, Women",NA
1504293,Despoina Papamichail,F,31,178.0,NA,,,2024 Summer,2024,Summer,Paris,Tennis,"Tennis Doubles, Women",NA
1504294,Maria Sakkari,F,28,172.0,65.0,,,2024 Summer,2024,Summer,Paris,Tennis,"Tennis Doubles, Women",NA
1504295,Lucia Bronzetti,F,25,170.0,NA,,,2024 Summer,2024,Summer,Paris,Tennis,"Tennis Doubles, Women",NA
1504296,Elisabetta Cocciaretto,F,23,166.0,NA,,,2024 Summer,2024,Summer,Paris,Tennis,"Tennis Doubles, Women",NA
1504297,Arantxa Rus,F,33,180.0,65.0,,,2024 Summer,2024,Summer,Paris,Tennis,"Tennis Doubles, Women",NA
1504298,Demi Schuurs,F,30,170.0,65.0,,,2024 Summer,2024,Summer,Paris,Tennis,"Tennis Doubles, Women",NA
1504299,Erin Routliffe,F,29,190.0,NA,,,2024 Summer,2024,Summer,Paris,Tennis,"Tennis Doubles, Women",NA
1504300,Lulu Sun,F,23,173.0,NA,,,2024 Summer,2024,Summer,Paris,Tennis,"Tennis Doubles, Women",NA
1504301,Magda Linette,F,32,171.0,59.0,,,2024 Summer,2024,Summer,Paris,Tennis,"Tennis Doubles, Women",NA
1504302,Alicja Rosolska,F,38,166.0,50.0,,,2024 Summer,2024,Summer,Paris,Tennis,"Tennis Doubles, Women",NA
1504303,Ana Bogdan,F,31,170.0,NA,,,2024 Summer,2024,Summer,Paris,Tennis,"Tennis Doubles, Women",NA
1504304,Jaqueline Cristian,F,26,182.0,NA,,,2024 Summer,2024,Summer,Paris,Tennis,"Tennis Doubles, Women",NA
1504305,Irina Begu,F,33,181.0,67.0,,,2024 Summer,2024,Summer,Paris,Tennis,"Tennis Doubles, Women",NA
1504306,Monica Niculescu,F,36,168.0,63.0,,,2024 Summer,2024,Summer,Paris,Tennis,"Tennis Doubles, Women",NA
1504307,Chan Hao-Ching,F,30,175.0,60.0,,,2024 Summer,2024,Summer,Paris,Tennis,"Tennis Doubles, Women",NA
1504308,Latisha Chan,F,34,170.0,60.0,,,2024 Summer,2024,Summer,Paris,Tennis,"Tennis Doubles, Women",NA
1504309,Kateřina Siniaková,F,28,NA,NA,,,2024 Summer,2024,Summer,Paris,Tennis,"Tennis Doubles, Mixed",NA
1504310,Tomáš Macháč,M,23,183.0,74.0,,,2024 Summer,2024,Summer,Paris,Tennis,"Tennis Doubles, Mixed",NA
1504311,Wang Xinyu,F,22,182.0,NA,,,2024 Summer,2024,Summer,Paris,Tennis,"Tennis Doubles, Mixed",NA
1504312,Zhang Zhizhen,M,27,193.0,87.0,,,2024 Summer,2024,Summer,Paris,Tennis,"Tennis Doubles, Mixed",NA
1504313,Gaby Dabrowski,F,32,175.0,84.0,,,2024 Summer,2024,Summer,Paris,Tennis,"Tennis Doubles, Mixed",NA
1504314,Félix Auger-Aliassime,M,23,193.0,88.0,,,2024 Summer,2024,Summer,Paris,Tennis,"Tennis Doubles, Mixed",NA
1504315,Demi Schuurs,F,30,170.0,65.0,,,2024 Summer,2024,Summer,Paris,Tennis,"Tennis Doubles, Mixed",NA
1504316,Wesley Koolhof,M,35,180.0,78.0,,,2024 Summer,2024,Summer,Paris,Tennis,"Tennis Doubles, Mixed",NA
1504317,Ena Shibahara,F,26,170.0,NA,,,2024 Summer,2024,Summer,Paris,Tennis,"Tennis Doubles, Mixed",NA
1504318,Kei Nishikori,M,34,178.0,74.0,,,2024 Summer,2024,Summer,Paris,Tennis,"Tennis Doubles, Mixed",NA
1504319,Coco Gauff,F,20,175.0,NA,,,2024 Summer,2024,Summer,Paris,Tennis,"Tennis Doubles, Mixed",NA
1504320,Taylor Fritz,M,26,NA,NA,,,2024 Summer,2024,Summer,Paris,Tennis,"Tennis Doubles, Mixed",NA
1504321,Sara Errani,F,37,164.0,58.0,,,2024 Summer,2024,Summer,Paris,Tennis,"Tennis Doubles, Mixed",NA
1504322,Andrea Vavassori,M,29,193.0,82.0,,,2024 Summer,2024,Summer,Paris,Tennis,"Tennis Doubles, Mixed",NA
1504323,Ellen Perez,F,28,169.0,NA,,,2024 Summer,2024,Summer,Paris,Tennis,"Tennis Doubles, Mixed",NA
1504324,Matthew Ebden,M,36,188.0,80.0,,,2024 Summer,2024,Summer,Paris,Tennis,"Tennis Doubles, Mixed",NA
1504325,Laura Siegemund,F,36,168.0,62.0,,,2024 Summer,2024,Summer,Paris,Tennis,"Tennis Doubles, Mixed",NA
1504326,Alexander Zverev,M,27,198.0,90.0,,,2024 Summer,2024,Summer,Paris,Tennis,"Tennis Doubles, Mixed",NA
1504327,Caroline Garcia,F,30,177.0,61.0,,,2024 Summer,2024,Summer,Paris,Tennis,"Tennis Doubles, Mixed",NA
1504328,Édouard Roger-Vasselin,M,40,185.0,78.0,,,2024 Summer,2024,Summer,Paris,Tennis,"Tennis Doubles, Mixed",NA
1504329,Nadia Podoroska,F,27,170.0,NA,,,2024 Summer,2024,Summer,Paris,Tennis,"Tennis Doubles, Mixed",NA
1504330,Máximo González,M,40,175.0,70.0,,,2024 Summer,2024,Summer,Paris,Tennis,"Tennis Doubles, Mixed",NA
1504331,Heather Watson,F,32,168.0,64.0,,,2024 Summer,2024,Summer,Paris,Tennis,"Tennis Doubles, Mixed",NA
1504332,Joe Salisbury,M,32,191.0,83.0,,,2024 Summer,2024,Summer,Paris,Tennis,"Tennis Doubles, Mixed",NA
1504333,Mirra Andreyeva,F,17,175.0,NA,,,2024 Summer,2024,Summer,Paris,Tennis,"Tennis Doubles, Mixed",NA
1504334,Daniil Medvedev,M,28,198.0,83.0,,,2024 Summer,2024,Summer,Paris,Tennis,"Tennis Doubles, Mixed",NA
1504335,Maria Sakkari,F,28,172.0,65.0,,,2024 Summer,2024,Summer,Paris,Tennis,"Tennis Doubles, Mixed",NA
1504336,Stefanos Tsitsipas,M,25,195.0,90.0,,,2024 Summer,2024,Summer,Paris,Tennis,"Tennis Doubles, Mixed",NA
1504337,Luísa Stefani,F,26,169.0,63.0,,,2024 Summer,2024,Summer,Paris,Tennis,"Tennis Doubles, Mixed",NA
1504338,Thiago Seyboth Wild,M,24,185.0,80.0,,,2024 Summer,2024,Summer,Paris,Tennis,"Tennis Doubles, Mixed",NA
1504339,Sara Sorribes,F,27,174.0,67.0,,,2024 Summer,2024,Summer,Paris,Tennis,"Tennis Doubles, Mixed",NA
1504340,Marcel Granollers,M,38,190.0,77.0,,,2024 Summer,2024,Summer,Paris,Tennis,"Tennis Doubles, Mixed",NA
1504341,Lee Yang,M,24,NA,NA,,,2020 Summer,2020,Summer,Tokyo,Badminton,"Badminton Doubles, Men",NA
1504342,Wang Chi-Lin,M,25,NA,NA,,,2020 Summer,2020,Summer,Tokyo,Badminton,"Badminton Doubles, Men",NA
1504343,Li Junhui,M,25,NA,NA,,,2020 Summer,2020,Summer,Tokyo,Badminton,"Badminton Doubles, Men",NA
1504344,Liu Yuchen,M,24,NA,NA,,,2020 Summer,2020,Summer,Tokyo,Badminton,"Badminton Doubles, Men",NA
1504345,Aaron Chia,M,23,NA,NA,,,2020 Summer,2020,Summer,Tokyo,Badminton,"Badminton Doubles, Men",NA
1504346,Soh Wooi Yik,M,22,NA,NA,,,2020 Summer,2020,Summer,Tokyo,Badminton,"Badminton Doubles, Men",NA
1504347,Mohammad Ahsan,M,32,173.0,72.0,,,2020 Summer,2020,Summer,Tokyo,Badminton,"Badminton Doubles, Men",NA
1504348,Hendra Setiawan,M,35,183.0,82.0,,,2020 Summer,2020,Summer,Tokyo,Badminton,"Badminton Doubles, Men",NA
1504349,Kim Astrup,M,28,NA,NA,,,2020 Summer,2020,Summer,Tokyo,Badminton,"Badminton Doubles, Men",NA
1504350,Anders Skaarup Rasmussen,M,31,189.0,NA,,,2020 Summer,2020,Summer,Tokyo,Badminton,"Badminton Doubles, Men",NA
1504351,Hiroyuki Endo,M,33,171.0,72.0,,,2020 Summer,2020,Summer,Tokyo,Badminton,"Badminton Doubles, Men",NA
1504352,Yuta Watanabe,M,23,NA,NA,,,2020 Summer,2020,Summer,Tokyo,Badminton,"Badminton Doubles, Men",NA
1504353,Marcus Fernaldi Gideon,M,29,NA,NA,,,2020 Summer,2020,Summer,Tokyo,Badminton,"Badminton Doubles, Men",NA
1504354,Kevin Sanjaya Sukamuljo,M,24,NA,NA,,,2020 Summer,2020,Summer,Tokyo,Badminton,"Badminton Doubles, Men",NA
1504355,Takeshi Kamura,M,30,NA,NA,,,2020 Summer,2020,Summer,Tokyo,Badminton,"Badminton Doubles, Men",NA
1504356,Keigo Sonoda,M,30,NA,NA,,,2020 Summer,2020,Summer,Tokyo,Badminton,"Badminton Doubles, Men",NA
1504357,Phillip Chew,M,26,173.0,91.0,,,2020 Summer,2020,Summer,Tokyo,Badminton,"Badminton Doubles, Men",NA
1504358,Ryan Chew,M,23,NA,NA,,,2020 Summer,2020,Summer,Tokyo,Badminton,"Badminton Doubles, Men",NA
1504359,Choi Sol-Gyu,M,24,NA,NA,,,2020 Summer,2020,Summer,Tokyo,Badminton,"Badminton Doubles, Men",NA
1504360,Seo Seung-Jae,M,22,NA,NA,,,2020 Summer,2020,Summer,Tokyo,Badminton,"Badminton Doubles, Men",NA
1504361,Jason Ho-Shue,M,21,NA,NA,,,2020 Summer,2020,Summer,Tokyo,Badminton,"Badminton Doubles, Men",NA
1504362,Nyl Yakura,M,27,NA,NA,,,2020 Summer,2020,Summer,Tokyo,Badminton,"Badminton Doubles, Men",NA
1504363,Vladimir Ivanov,M,33,201.0,93.0,,,2020 Summer,2020,Summer,Tokyo,Badminton,"Badminton Doubles, Men",NA
1504364,Ivan Sozonov,M,31,180.0,78.0,,,2020 Summer,2020,Summer,Tokyo,Badminton,"Badminton Doubles, Men",NA
1504365,Mark Lamsfuß,M,26,NA,NA,,,2020 Summer,2020,Summer,Tokyo,Badminton,"Badminton Doubles, Men",NA
1504366,Marvin Seidel,M,24,NA,NA,,,2020 Summer,2020,Summer,Tokyo,Badminton,"Badminton Doubles, Men",NA
1504367,Ben Lane,M,23,180.0,NA,,,2020 Summer,2020,Summer,Tokyo,Badminton,"Badminton Doubles, Men",NA
1504368,Sean Vendy,M,24,NA,NA,,,2020 Summer,2020,Summer,Tokyo,Badminton,"Badminton Doubles, Men",NA
1504369,Godwin Olofua,M,21,NA,NA,,,2020 Summer,2020,Summer,Tokyo,Badminton,"Badminton Doubles, Men",NA
1504370,Anuoluwapo Juwon Opeyori,M,23,NA,NA,,,2020 Summer,2020,Summer,Tokyo,Badminton,"Badminton Doubles, Men",NA
1504371,Satwiksairaj Rankireddy,M,19,NA,NA,,,2020 Summer,2020,Summer,Tokyo,Badminton,"Badminton Doubles, Men",NA
1504372,Chirag Shetty,M,23,NA,NA,,,2020 Summer,2020,Summer,Tokyo,Badminton,"Badminton Doubles, Men",NA
1504373,Greysia Polii,F,32,163.0,56.0,,,2020 Summer,2020,Summer,Tokyo,Badminton,"Badminton Doubles, Women",NA
1504374,Apriyani Rahayu,F,22,NA,NA,,,2020 Summer,2020,Summer,Tokyo,Badminton,"Badminton Doubles, Women",NA
1504375,Chen Qingchen,F,23,NA,NA,,,2020 Summer,2020,Summer,Tokyo,Badminton,"Badminton Doubles, Women",NA
1504376,Jia Yifan,F,23,NA,NA,,,2020 Summer,2020,Summer,Tokyo,Badminton,"Badminton Doubles, Women",NA
1504377,Kim So-Yeong,F,28,NA,NA,,,2020 Summer,2020,Summer,Tokyo,Badminton,"Badminton Doubles, Women",NA
1504378,Gong Hui-Yong,F,23,NA,NA,,,2020 Summer,2020,Summer,Tokyo,Badminton,"Badminton Doubles, Women",NA
1504379,Lee So-Hui,F,26,171.0,67.0,,,2020 Summer,2020,Summer,Tokyo,Badminton,"Badminton Doubles, Women",NA
1504380,Sin Seung-Chan,F,25,173.0,70.0,,,2020 Summer,2020,Summer,Tokyo,Badminton,"Badminton Doubles, Women",NA
1504381,Du Yue,F,22,NA,NA,,,2020 Summer,2020,Summer,Tokyo,Badminton,"Badminton Doubles, Women",NA
1504382,Li Yinhui,F,23,NA,NA,,,2020 Summer,2020,Summer,Tokyo,Badminton,"Badminton Doubles, Women",NA
1504383,Yuki Fukushima,F,27,NA,NA,,,2020 Summer,2020,Summer,Tokyo,Badminton,"Badminton Doubles, Women",NA
1504384,Sayaka Hirota,F,25,NA,NA,,,2020 Summer,2020,Summer,Tokyo,Badminton,"Badminton Doubles, Women",NA
1504385,Mayu Matsumoto,F,24,NA,NA,,,2020 Summer,2020,Summer,Tokyo,Badminton,"Badminton Doubles, Women",NA
1504386,Wakana Nagahara,F,24,NA,NA,,,2020 Summer,2020,Summer,Tokyo,Badminton,"Badminton Doubles, Women",NA
1504387,Selena Piek,F,28,166.0,59.0,,,2020 Summer,2020,Summer,Tokyo,Badminton,"Badminton Doubles, Women",NA
1504388,Cheryl Seinen,F,24,NA,NA,,,2020 Summer,2020,Summer,Tokyo,Badminton,"Badminton Doubles, Women",NA
1504389,Chloe Birch,F,24,NA,NA,,,2020 Summer,2020,Summer,Tokyo,Badminton,"Badminton Doubles, Women",NA
1504390,Lauren Smith,F,28,170.0,NA,,,2020 Summer,2020,Summer,Tokyo,Badminton,"Badminton Doubles, Women",NA
1504391,Chow Mei Kuan,F,25,NA,NA,,,2020 Summer,2020,Summer,Tokyo,Badminton,"Badminton Doubles, Women",NA
1504392,Lee Meng Yean,F,26,NA,NA,,,2020 Summer,2020,Summer,Tokyo,Badminton,"Badminton Doubles, Women",NA
1504393,Maiken Fruergaard,F,25,NA,NA,,,2020 Summer,2020,Summer,Tokyo,Badminton,"Badminton Doubles, Women",NA
1504394,Sara Thygesen,F,29,172.0,NA,,,2020 Summer,2020,Summer,Tokyo,Badminton,"Badminton Doubles, Women",NA
1504395,Doha Hany,F,22,NA,NA,,,2020 Summer,2020,Summer,Tokyo,Badminton,"Badminton Doubles, Women",NA
1504396,Hadia Hosny,F,31,177.0,72.0,,,2020 Summer,2020,Summer,Tokyo,Badminton,"Badminton Doubles, Women",NA
1504397,Rachel Honderich,F,24,NA,NA,,,2020 Summer,2020,Summer,Tokyo,Badminton,"Badminton Doubles, Women",NA
1504398,Kristen Tsai,F,25,NA,NA,,,2020 Summer,2020,Summer,Tokyo,Badminton,"Badminton Doubles, Women",NA
1504399,Jongkolphan Kititharakul,F,27,NA,NA,,,2020 Summer,2020,Summer,Tokyo,Badminton,"Badminton Doubles, Women",NA
1504400,Rawinda Prajongjai,F,27,NA,NA,,,2020 Summer,2020,Summer,Tokyo,Badminton,"Badminton Doubles, Women",NA
1504401,Setyana Mapasa,F,24,NA,NA,,,2020 Summer,2020,Summer,Tokyo,Badminton,"Badminton Doubles, Women",NA
1504402,Gronya Somerville,F,25,NA,NA,,,2020 Summer,2020,Summer,Tokyo,Badminton,"Badminton Doubles, Women",NA
1504403,Gabriela Stoeva,F,26,169.0,63.0,,,2020 Summer,2020,Summer,Tokyo,Badminton,"Badminton Doubles, Women",NA
1504404,Stefani Stoeva,F,24,174.0,64.0,,,2020 Summer,2020,Summer,Tokyo,Badminton,"Badminton Doubles, Women",NA
1504405,Wang Yilyu,M,25,NA,NA,,,2020 Summer,2020,Summer,Tokyo,Badminton,"Badminton Doubles, Mixed",NA
1504406,Huang Dongping,F,25,NA,NA,,,2020 Summer,2020,Summer,Tokyo,Badminton,"Badminton Doubles, Mixed",NA
1504407,Zheng Siwei,M,23,NA,NA,,,2020 Summer,2020,Summer,Tokyo,Badminton,"Badminton Doubles, Mixed",NA
1504408,Huang Yaqiong,F,26,NA,NA,,,2020 Summer,2020,Summer,Tokyo,Badminton,"Badminton Doubles, Mixed",NA
1504409,Yuta Watanabe,M,23,NA,NA,,,2020 Summer,2020,Summer,Tokyo,Badminton,"Badminton Doubles, Mixed",NA
1504410,Arisa Higashino,F,23,NA,NA,,,2020 Summer,2020,Summer,Tokyo,Badminton,"Badminton Doubles, Mixed",NA
1504411,Jordan Tang,M,25,NA,NA,,,2020 Summer,2020,Summer,Tokyo,Badminton,"Badminton Doubles, Mixed",NA
1504412,Tse Ying Suet,F,28,166.0,66.0,,,2020 Summer,2020,Summer,Tokyo,Badminton,"Badminton Doubles, Mixed",NA
1504413,Marcus Ellis,M,30,175.0,80.0,,,2020 Summer,2020,Summer,Tokyo,Badminton,"Badminton Doubles, Mixed",NA
1504414,Lauren Smith,F,28,170.0,NA,,,2020 Summer,2020,Summer,Tokyo,Badminton,"Badminton Doubles, Mixed",NA
1504415,Praveen Jordan,M,27,183.0,88.0,,,2020 Summer,2020,Summer,Tokyo,Badminton,"Badminton Doubles, Mixed",NA
1504416,Melati Daeva Oktavianti,F,25,NA,NA,,,2020 Summer,2020,Summer,Tokyo,Badminton,"Badminton Doubles, Mixed",NA
1504417,Dechapol Puavaranukroh,M,23,NA,NA,,,2020 Summer,2020,Summer,Tokyo,Badminton,"Badminton Doubles, Mixed",NA
1504418,Sapsiree Taerattanachai,F,28,170.0,59.0,,,2020 Summer,2020,Summer,Tokyo,Badminton,"Badminton Doubles, Mixed",NA
1504419,Seo Seung-Jae,M,22,NA,NA,,,2020 Summer,2020,Summer,Tokyo,Badminton,"Badminton Doubles, Mixed",NA
1504420,Chae Yu-Jeong,F,25,NA,NA,,,2020 Summer,2020,Summer,Tokyo,Badminton,"Badminton Doubles, Mixed",NA
1504421,Chan Peng Soon,M,32,175.0,68.0,,,2020 Summer,2020,Summer,Tokyo,Badminton,"Badminton Doubles, Mixed",NA
1504422,Goh Liu Ying,F,31,166.0,56.0,,,2020 Summer,2020,Summer,Tokyo,Badminton,"Badminton Doubles, Mixed",NA
1504423,Mathias Christiansen,M,26,NA,NA,,,2020 Summer,2020,Summer,Tokyo,Badminton,"Badminton Doubles, Mixed",NA
1504424,Alexandra Bøje,F,20,NA,NA,,,2020 Summer,2020,Summer,Tokyo,Badminton,"Badminton Doubles, Mixed",NA
1504425,Adham Hatem El-Gamal,M,22,NA,NA,,,2020 Summer,2020,Summer,Tokyo,Badminton,"Badminton Doubles, Mixed",NA
1504426,Doha Hany,F,22,NA,NA,,,2020 Summer,2020,Summer,Tokyo,Badminton,"Badminton Doubles, Mixed",NA
1504427,Thom Gicquel,M,21,NA,NA,,,2020 Summer,2020,Summer,Tokyo,Badminton,"Badminton Doubles, Mixed",NA
1504428,Delphine Delrue,F,21,NA,NA,,,2020 Summer,2020,Summer,Tokyo,Badminton,"Badminton Doubles, Mixed",NA
1504429,Joshua Hurlburt-Yu,M,25,NA,NA,,,2020 Summer,2020,Summer,Tokyo,Badminton,"Badminton Doubles, Mixed",NA
1504430,Josephine Wu,F,25,NA,NA,,,2020 Summer,2020,Summer,Tokyo,Badminton,"Badminton Doubles, Mixed",NA
1504431,Mark Lamsfuß,M,26,NA,NA,,,2020 Summer,2020,Summer,Tokyo,Badminton,"Badminton Doubles, Mixed",NA
1504432,Isabel Herttrich,F,28,NA,NA,,,2020 Summer,2020,Summer,Tokyo,Badminton,"Badminton Doubles, Mixed",NA
1504433,Simon Leung,M,23,NA,NA,,,2020 Summer,2020,Summer,Tokyo,Badminton,"Badminton Doubles, Mixed",NA
1504434,Gronya Somerville,F,25,NA,NA,,,2020 Summer,2020,Summer,Tokyo,Badminton,"Badminton Doubles, Mixed",NA
1504435,Robin Tabeling,M,26,180.0,NA,,,2020 Summer,2020,Summer,Tokyo,Badminton,"Badminton Doubles, Mixed",NA
1504436,Selena Piek,F,28,166.0,59.0,,,2020 Summer,2020,Summer,Tokyo,Badminton,"Badminton Doubles, Mixed",NA
1504437,Lee Yang,M,28,NA,NA,,,2024 Summer,2024,Summer,Paris,Badminton,"Badminton Doubles, Men",NA
1504438,Wang Chi-Lin,M,29,NA,NA,,,2024 Summer,2024,Summer,Paris,Badminton,"Badminton Doubles, Men",NA
1504439,Liang Weikeng,M,23,NA,NA,,,2024 Summer,2024,Summer,Paris,Badminton,"Badminton Doubles, Men",NA
1504440,Wang Chang,M,23,NA,NA,,,2024 Summer,2024,Summer,Paris,Badminton,"Badminton Doubles, Men",NA
1504441,Aaron Chia,M,27,NA,NA,,,2024 Summer,2024,Summer,Paris,Badminton,"Badminton Doubles, Men",NA
1504442,Soh Wooi Yik,M,26,NA,NA,,,2024 Summer,2024,Summer,Paris,Badminton,"Badminton Doubles, Men",NA
1504443,Kim Astrup,M,32,NA,NA,,,2024 Summer,2024,Summer,Paris,Badminton,"Badminton Doubles, Men",NA
1504444,Anders Skaarup Rasmussen,M,35,189.0,NA,,,2024 Summer,2024,Summer,Paris,Badminton,"Badminton Doubles, Men",NA
1504445,Fajar Alfian,M,29,NA,NA,,,2024 Summer,2024,Summer,Paris,Badminton,"Badminton Doubles, Men",NA
1504446,Muhammad Rian Ardianto,M,28,NA,NA,,,2024 Summer,2024,Summer,Paris,Badminton,"Badminton Doubles, Men",NA
1504447,Supak Jomkoh,M,27,NA,NA,,,2024 Summer,2024,Summer,Paris,Badminton,"Badminton Doubles, Men",NA
1504448,Kittinupong Kedren,M,27,NA,NA,,,2024 Summer,2024,Summer,Paris,Badminton,"Badminton Doubles, Men",NA
1504449,Gang Min-Hyeok,M,25,NA,NA,,,2024 Summer,2024,Summer,Paris,Badminton,"Badminton Doubles, Men",NA
1504450,Seo Seung-Jae,M,26,NA,NA,,,2024 Summer,2024,Summer,Paris,Badminton,"Badminton Doubles, Men",NA
1504451,Satwiksairaj Rankireddy,M,23,NA,NA,,,2024 Summer,2024,Summer,Paris,Badminton,"Badminton Doubles, Men",NA
1504452,Chirag Shetty,M,27,NA,NA,,,2024 Summer,2024,Summer,Paris,Badminton,"Badminton Doubles, Men",NA
1504453,Lucas Corvée,M,31,NA,NA,,,2024 Summer,2024,Summer,Paris,Badminton,"Badminton Doubles, Men",NA
1504454,Ronan Labar,M,35,NA,NA,,,2024 Summer,2024,Summer,Paris,Badminton,"Badminton Doubles, Men",NA
1504455,Ben Lane,M,27,180.0,NA,,,2024 Summer,2024,Summer,Paris,Badminton,"Badminton Doubles, Men",NA
1504456,Sean Vendy,M,28,NA,NA,,,2024 Summer,2024,Summer,Paris,Badminton,"Badminton Doubles, Men",NA
1504457,Liu Yuchen,M,28,NA,NA,,,2024 Summer,2024,Summer,Paris,Badminton,"Badminton Doubles, Men",NA
1504458,Ou Xuanyi,M,30,NA,NA,,,2024 Summer,2024,Summer,Paris,Badminton,"Badminton Doubles, Men",NA
1504459,Christo Popov,M,22,NA,NA,,,2024 Summer,2024,Summer,Paris,Badminton,"Badminton Doubles, Men",NA
1504460,Toma Junior Popov,M,25,NA,NA,,,2024 Summer,2024,Summer,Paris,Badminton,"Badminton Doubles, Men",NA
1504461,Adam Dong,M,30,NA,NA,,,2024 Summer,2024,Summer,Paris,Badminton,"Badminton Doubles, Men",NA
1504462,Nyl Yakura,M,31,NA,NA,,,2024 Summer,2024,Summer,Paris,Badminton,"Badminton Doubles, Men",NA
1504463,Takuro Hoki,M,28,NA,NA,,,2024 Summer,2024,Summer,Paris,Badminton,"Badminton Doubles, Men",NA
1504464,Yugo Kobayashi,M,29,NA,NA,,,2024 Summer,2024,Summer,Paris,Badminton,"Badminton Doubles, Men",NA
1504465,Ondřej Král,M,25,NA,NA,,,2024 Summer,2024,Summer,Paris,Badminton,"Badminton Doubles, Men",NA
1504466,Adam Mendrek,M,28,NA,NA,,,2024 Summer,2024,Summer,Paris,Badminton,"Badminton Doubles, Men",NA
1504467,Mark Lamsfuß,M,30,NA,NA,,,2024 Summer,2024,Summer,Paris,Badminton,"Badminton Doubles, Men",NA
1504468,Marvin Seidel,M,28,NA,NA,,,2024 Summer,2024,Summer,Paris,Badminton,"Badminton Doubles, Men",NA
1504469,Vinson Chiu,M,25,NA,NA,,,2024 Summer,2024,Summer,Paris,Badminton,"Badminton Doubles, Men",NA
1504470,Joshua Yuan,M,20,NA,NA,,,2024 Summer,2024,Summer,Paris,Badminton,"Badminton Doubles, Men",NA
1504471,Chen Qingchen,F,27,NA,NA,,,2024 Summer,2024,Summer,Paris,Badminton,"Badminton Doubles, Women",NA
1504472,Jia Yifan,F,27,NA,NA,,,2024 Summer,2024,Summer,Paris,Badminton,"Badminton Doubles, Women",NA
1504473,Liu Shengshu,F,20,NA,NA,,,2024 Summer,2024,Summer,Paris,Badminton,"Badminton Doubles, Women",NA
1504474,Tan Ning,F,21,NA,NA,,,2024 Summer,2024,Summer,Paris,Badminton,"Badminton Doubles, Women",NA
1504475,Nami Matsuyama,F,26,NA,NA,,,2024 Summer,2024,Summer,Paris,Badminton,"Badminton Doubles, Women",NA
1504476,Chiharu Shida,F,27,NA,NA,,,2024 Summer,2024,Summer,Paris,Badminton,"Badminton Doubles, Women",NA
1504477,Pearly Tan,F,24,NA,NA,,,2024 Summer,2024,Summer,Paris,Badminton,"Badminton Doubles, Women",NA
1504478,Thinaah Muralitharan,F,26,NA,NA,,,2024 Summer,2024,Summer,Paris,Badminton,"Badminton Doubles, Women",NA
1504479,Baek Ha-Na,F,23,NA,NA,,,2024 Summer,2024,Summer,Paris,Badminton,"Badminton Doubles, Women",NA
1504480,Lee So-Hui,F,30,171.0,67.0,,,2024 Summer,2024,Summer,Paris,Badminton,"Badminton Doubles, Women",NA
1504481,Maiken Fruergaard,F,29,NA,NA,,,2024 Summer,2024,Summer,Paris,Badminton,"Badminton Doubles, Women",NA
1504482,Sara Thygesen,F,33,172.0,NA,,,2024 Summer,2024,Summer,Paris,Badminton,"Badminton Doubles, Women",NA
1504483,Kim So-Yeong,F,32,NA,NA,,,2024 Summer,2024,Summer,Paris,Badminton,"Badminton Doubles, Women",NA
1504484,Gong Hui-Yong,F,27,NA,NA,,,2024 Summer,2024,Summer,Paris,Badminton,"Badminton Doubles, Women",NA
1504485,Gabriela Stoeva,F,30,169.0,63.0,,,2024 Summer,2024,Summer,Paris,Badminton,"Badminton Doubles, Women",NA
1504486,Stefani Stoeva,F,28,174.0,64.0,,,2024 Summer,2024,Summer,Paris,Badminton,"Badminton Doubles, Women",NA
1504487,Jongkolphan Kititharakul,F,31,NA,NA,,,2024 Summer,2024,Summer,Paris,Badminton,"Badminton Doubles, Women",NA
1504488,Rawinda Prajongjai,F,31,NA,NA,,,2024 Summer,2024,Summer,Paris,Badminton,"Badminton Doubles, Women",NA
1504489,Setyana Mapasa,F,28,NA,NA,,,2024 Summer,2024,Summer,Paris,Badminton,"Badminton Doubles, Women",NA
1504490,Angela Yu,F,21,NA,NA,,,2024 Summer,2024,Summer,Paris,Badminton,"Badminton Doubles, Women",NA
1504491,Mayu Matsumoto,F,28,NA,NA,,,2024 Summer,2024,Summer,Paris,Badminton,"Badminton Doubles, Women",NA
1504492,Wakana Nagahara,F,28,NA,NA,,,2024 Summer,2024,Summer,Paris,Badminton,"Badminton Doubles, Women",NA
1504493,Lianne Yeung,F,25,NA,NA,,,2024 Summer,2024,Summer,Paris,Badminton,"Badminton Doubles, Women",NA
1504494,Yeung Pui Lam,F,22,NA,NA,,,2024 Summer,2024,Summer,Paris,Badminton,"Badminton Doubles, Women",NA
1504495,Tanisha Crasto,F,21,NA,NA,,,2024 Summer,2024,Summer,Paris,Badminton,"Badminton Doubles, Women",NA
1504496,Ashwini Ponnappa,F,34,165.0,59.0,,,2024 Summer,2024,Summer,Paris,Badminton,"Badminton Doubles, Women",NA
1504497,Margot Lambert,F,25,NA,NA,,,2024 Summer,2024,Summer,Paris,Badminton,"Badminton Doubles, Women",NA
1504498,Anne Tran,F,28,NA,NA,,,2024 Summer,2024,Summer,Paris,Badminton,"Badminton Doubles, Women",NA
1504499,Apriyani Rahayu,F,26,NA,NA,,,2024 Summer,2024,Summer,Paris,Badminton,"Badminton Doubles, Women",NA
1504500,Siti Fadia Silva Ramadhanti,F,23,NA,NA,,,2024 Summer,2024,Summer,Paris,Badminton,"Badminton Doubles, Women",NA
1504501,Annie Xu,F,24,NA,NA,,,2024 Summer,2024,Summer,Paris,Badminton,"Badminton Doubles, Women",NA
1504502,Kerry Xu,F,24,NA,NA,,,2024 Summer,2024,Summer,Paris,Badminton,"Badminton Doubles, Women",NA
1504503,Zheng Siwei,M,27,NA,NA,,,2024 Summer,2024,Summer,Paris,Badminton,"Badminton Doubles, Mixed",NA
1504504,Huang Yaqiong,F,30,NA,NA,,,2024 Summer,2024,Summer,Paris,Badminton,"Badminton Doubles, Mixed",NA
1504505,Kim Won-Ho,M,25,NA,NA,,,2024 Summer,2024,Summer,Paris,Badminton,"Badminton Doubles, Mixed",NA
1504506,Jeong Na-Eun,F,24,NA,NA,,,2024 Summer,2024,Summer,Paris,Badminton,"Badminton Doubles, Mixed",NA
1504507,Yuta Watanabe,M,27,NA,NA,,,2024 Summer,2024,Summer,Paris,Badminton,"Badminton Doubles, Mixed",NA
1504508,Arisa Higashino,F,27,NA,NA,,,2024 Summer,2024,Summer,Paris,Badminton,"Badminton Doubles, Mixed",NA
1504509,Seo Seung-Jae,M,26,NA,NA,,,2024 Summer,2024,Summer,Paris,Badminton,"Badminton Doubles, Mixed",NA
1504510,Chae Yu-Jeong,F,29,NA,NA,,,2024 Summer,2024,Summer,Paris,Badminton,"Badminton Doubles, Mixed",NA
1504511,Chen Tang Jie,M,26,NA,NA,,,2024 Summer,2024,Summer,Paris,Badminton,"Badminton Doubles, Mixed",NA
1504512,Toh Ee Wei,F,23,NA,NA,,,2024 Summer,2024,Summer,Paris,Badminton,"Badminton Doubles, Mixed",NA
1504513,Feng Yanzhe,M,23,NA,NA,,,2024 Summer,2024,Summer,Paris,Badminton,"Badminton Doubles, Mixed",NA
1504514,Huang Dongping,F,29,NA,NA,,,2024 Summer,2024,Summer,Paris,Badminton,"Badminton Doubles, Mixed",NA
1504515,Dechapol Puavaranukroh,M,27,NA,NA,,,2024 Summer,2024,Summer,Paris,Badminton,"Badminton Doubles, Mixed",NA
1504516,Sapsiree Taerattanachai,F,32,170.0,59.0,,,2024 Summer,2024,Summer,Paris,Badminton,"Badminton Doubles, Mixed",NA
1504517,Jordan Tang,M,29,NA,NA,,,2024 Summer,2024,Summer,Paris,Badminton,"Badminton Doubles, Mixed",NA
1504518,Tse Ying Suet,F,32,166.0,66.0,,,2024 Summer,2024,Summer,Paris,Badminton,"Badminton Doubles, Mixed",NA
1504519,Thom Gicquel,M,25,NA,NA,,,2024 Summer,2024,Summer,Paris,Badminton,"Badminton Doubles, Mixed",NA
1504520,Delphine Delrue,F,25,NA,NA,,,2024 Summer,2024,Summer,Paris,Badminton,"Badminton Doubles, Mixed",NA
1504521,Terry Hee,M,29,NA,NA,,,2024 Summer,2024,Summer,Paris,Badminton,"Badminton Doubles, Mixed",NA
1504522,Jessica Tan,F,30,NA,NA,,,2024 Summer,2024,Summer,Paris,Badminton,"Badminton Doubles, Mixed",NA
1504523,Robin Tabeling,M,30,180.0,NA,,,2024 Summer,2024,Summer,Paris,Badminton,"Badminton Doubles, Mixed",NA
1504524,Selena Piek,F,32,166.0,59.0,,,2024 Summer,2024,Summer,Paris,Badminton,"Badminton Doubles, Mixed",NA
1504525,Ye Hong-Wei,M,24,NA,NA,,,2024 Summer,2024,Summer,Paris,Badminton,"Badminton Doubles, Mixed",NA
1504526,Lee Chia-Hsin,F,27,NA,NA,,,2024 Summer,2024,Summer,Paris,Badminton,"Badminton Doubles, Mixed",NA
1504527,Vinson Chiu,M,25,NA,NA,,,2024 Summer,2024,Summer,Paris,Badminton,"Badminton Doubles, Mixed",NA
1504528,Jennie Gai,F,23,175.0,70.0,,,2024 Summer,2024,Summer,Paris,Badminton,"Badminton Doubles, Mixed",NA
1504529,Koceila Mammeri,M,25,NA,NA,,,2024 Summer,2024,Summer,Paris,Badminton,"Badminton Doubles, Mixed",NA
1504530,Tanina Violette Mammeri,F,21,NA,NA,,,2024 Summer,2024,Summer,Paris,Badminton,"Badminton Doubles, Mixed",NA
1504531,Rinov Rivaldy,M,24,NA,NA,,,2024 Summer,2024,Summer,Paris,Badminton,"Badminton Doubles, Mixed",NA
1504532,Pitha Haningtyas Mentari,F,25,NA,NA,,,2024 Summer,2024,Summer,Paris,Badminton,"Badminton Doubles, Mixed",NA
1504533,Mathias Christiansen,M,30,NA,NA,,,2024 Summer,2024,Summer,Paris,Badminton,"Badminton Doubles, Mixed",NA
1504534,Alexandra Bøje,F,24,NA,NA,,,2024 Summer,2024,Summer,Paris,Badminton,"Badminton Doubles, Mixed",NA
1504535,Ma Long,M,31,175.0,72.0,CHN,CHN,2020 Summer,2020,Summer,Tokyo,Table Tennis,"Table Tennis Singles, Men",Gold
1504536,Fan Zhendong,M,23,172.0,76.0,CHN,CHN,2020 Summer,2020,Summer,Tokyo,Table Tennis,"Table Tennis Singles, Men",Silver
1504537,Dimitrij Ovtcharov,M,31,186.0,78.0,GER,GER,2020 Summer,2020,Summer,Tokyo,Table Tennis,"Table Tennis Singles, Men",Bronze
1504538,Lin Yun-Ju,M,18,174.0,70.0,TPE,TPE,2020 Summer,2020,Summer,Tokyo,Table Tennis,"Table Tennis Singles, Men",NA
1504539,Omar Assar,M,28,196.0,93.0,EGY,EGY,2020 Summer,2020,Summer,Tokyo,Table Tennis,"Table Tennis Singles, Men",NA
1504540,Hugo Calderano,M,24,182.0,74.0,BRA,BRA,2020 Summer,2020,Summer,Tokyo,Table Tennis,"Table Tennis Singles, Men",NA
1504541,Jeong Yeong-Sik,M,28,182.0,65.0,KOR,KOR,2020 Summer,2020,Summer,Tokyo,Table Tennis,"Table Tennis Singles, Men",NA
1504542,Darko Jorgić,M,21,182.0,81.0,SLO,SLO,2020 Summer,2020,Summer,Tokyo,Table Tennis,"Table Tennis Singles, Men",NA
1504543,Timo Boll,M,39,181.0,74.0,GER,GER,2020 Summer,2020,Summer,Tokyo,Table Tennis,"Table Tennis Singles, Men",NA
1504544,Chuang Chih-Yuan,M,39,166.0,60.0,TPE,TPE,2020 Summer,2020,Summer,Tokyo,Table Tennis,"Table Tennis Singles, Men",NA
1504545,Marcos Freitas,M,32,183.0,75.0,POR,POR,2020 Summer,2020,Summer,Tokyo,Table Tennis,"Table Tennis Singles, Men",NA
1504546,Simon Gauzy,M,25,182.0,77.0,FRA,FRA,2020 Summer,2020,Summer,Tokyo,Table Tennis,"Table Tennis Singles, Men",NA
1504547,Tomokazu Harimoto,M,17,175.0,64.0,JPN,JPN,2020 Summer,2020,Summer,Tokyo,Table Tennis,"Table Tennis Singles, Men",NA
1504548,Jang U-Jin,M,24,171.0,69.0,KOR,KOR,2020 Summer,2020,Summer,Tokyo,Table Tennis,"Table Tennis Singles, Men",NA
1504549,Koki Niwa,M,25,162.0,51.0,JPN,JPN,2020 Summer,2020,Summer,Tokyo,Table Tennis,"Table Tennis Singles, Men",NA
1504550,Gustavo Tsuboi,M,35,170.0,65.0,BRA,BRA,2020 Summer,2020,Summer,Tokyo,Table Tennis,"Table Tennis Singles, Men",NA
1504551,Sharath Kamal Achanta,M,38,186.0,85.0,IND,IND,2020 Summer,2020,Summer,Tokyo,Table Tennis,"Table Tennis Singles, Men",NA
1504552,Quadri Aruna,M,31,180.0,81.0,NGR,NGR,2020 Summer,2020,Summer,Tokyo,Table Tennis,"Table Tennis Singles, Men",NA
1504553,Paul Drinkhall,M,30,176.0,80.0,GBR,GBR,2020 Summer,2020,Summer,Tokyo,Table Tennis,"Table Tennis Singles, Men",NA
1504554,Mattias Falck,M,28,191.0,88.0,SWE,SWE,2020 Summer,2020,Summer,Tokyo,Table Tennis,"Table Tennis Singles, Men",NA
1504555,Kirill Gerasimenko,M,23,175.0,64.0,KAZ,KAZ,2020 Summer,2020,Summer,Tokyo,Table Tennis,"Table Tennis Singles, Men",NA
1504556,Panagiotis Gkionis,M,40,187.0,85.0,GRE,GRE,2020 Summer,2020,Summer,Tokyo,Table Tennis,"Table Tennis Singles, Men",NA
1504557,Jonathan Groth,M,27,184.0,75.0,DEN,DEN,2020 Summer,2020,Summer,Tokyo,Table Tennis,"Table Tennis Singles, Men",NA
1504558,Daniel Habesohn,M,33,185.0,78.0,AUT,AUT,2020 Summer,2020,Summer,Tokyo,Table Tennis,"Table Tennis Singles, Men",NA
1504559,Anton Källberg,M,22,183.0,73.0,SWE,SWE,2020 Summer,2020,Summer,Tokyo,Table Tennis,"Table Tennis Singles, Men",NA
1504560,Lam Siu Hang,M,23,NA,NA,HKG,HKG,2020 Summer,2020,Summer,Tokyo,Table Tennis,"Table Tennis Singles, Men",NA
1504561,Emmanuel Lebesson,M,32,180.0,75.0,FRA,FRA,2020 Summer,2020,Summer,Tokyo,Table Tennis,"Table Tennis Singles, Men",NA
1504562,Liam Pitchford,M,27,186.0,67.0,GBR,GBR,2020 Summer,2020,Summer,Tokyo,Table Tennis,"Table Tennis Singles, Men",NA
1504563,Kirill Skachkov,M,32,191.0,88.0,ROC,ROC,2020 Summer,2020,Summer,Tokyo,Table Tennis,"Table Tennis Singles, Men",NA
1504564,Bojan Tokič,M,39,178.0,76.0,SLO,SLO,2020 Summer,2020,Summer,Tokyo,Table Tennis,"Table Tennis Singles, Men",NA
1504565,Jang Wang,M,29,183.0,73.0,SVK,SVK,2020 Summer,2020,Summer,Tokyo,Table Tennis,"Table Tennis Singles, Men",NA
1504566,Wong Chun Ting,M,28,170.0,70.0,HKG,HKG,2020 Summer,2020,Summer,Tokyo,Table Tennis,"Table Tennis Singles, Men",NA
1504567,Tiago Apolónia,M,33,185.0,73.0,POR,POR,2020 Summer,2020,Summer,Tokyo,Table Tennis,"Table Tennis Singles, Men",NA
1504568,Clarence Chew,M,24,NA,NA,SGP,SGP,2020 Summer,2020,Summer,Tokyo,Table Tennis,"Table Tennis Singles, Men",NA
1504569,Horacio Cifuentes,M,22,NA,NA,ARG,ARG,2020 Summer,2020,Summer,Tokyo,Table Tennis,"Table Tennis Singles, Men",NA
1504570,Andrej Gaćina,M,34,185.0,85.0,CRO,CRO,2020 Summer,2020,Summer,Tokyo,Table Tennis,"Table Tennis Singles, Men",NA
1504571,Robert Gardos,M,41,178.0,72.0,AUT,AUT,2020 Summer,2020,Summer,Tokyo,Table Tennis,"Table Tennis Singles, Men",NA
1504572,Sathiyan Gnanasekaran,M,27,NA,NA,IND,IND,2020 Summer,2020,Summer,Tokyo,Table Tennis,"Table Tennis Singles, Men",NA
1504573,Ovidiu Ionescu,M,31,182.0,72.0,ROU,ROU,2020 Summer,2020,Summer,Tokyo,Table Tennis,"Table Tennis Singles, Men",NA
1504574,Lubomír Jančařík,M,32,193.0,82.0,CZE,CZE,2020 Summer,2020,Summer,Tokyo,Table Tennis,"Table Tennis Singles, Men",NA
1504575,Kanak Jha,M,20,NA,NA,USA,USA,2020 Summer,2020,Summer,Tokyo,Table Tennis,"Table Tennis Singles, Men",NA
1504576,Kou Lei,M,32,176.0,74.0,UKR,UKR,2020 Summer,2020,Summer,Tokyo,Table Tennis,"Table Tennis Singles, Men",NA
1504577,Nikhil Kumar,M,17,NA,NA,USA,USA,2020 Summer,2020,Summer,Tokyo,Table Tennis,"Table Tennis Singles, Men",NA
1504578,Bence Majoros,M,22,180.0,74.0,HUN,HUN,2020 Summer,2020,Summer,Tokyo,Table Tennis,"Table Tennis Singles, Men",NA
1504579,David Powell,M,29,175.0,67.0,AUS,AUS,2020 Summer,2020,Summer,Tokyo,Table Tennis,"Table Tennis Singles, Men",NA
1504580,Tomislav Pucar,M,24,197.0,88.0,CRO,CRO,2020 Summer,2020,Summer,Tokyo,Table Tennis,"Table Tennis Singles, Men",NA
1504581,Álvaro Robles,M,29,188.0,80.0,ESP,ESP,2020 Summer,2020,Summer,Tokyo,Table Tennis,"Table Tennis Singles, Men",NA
1504582,Ahmed Ali Saleh,M,40,179.0,78.0,EGY,EGY,2020 Summer,2020,Summer,Tokyo,Table Tennis,"Table Tennis Singles, Men",NA
1504583,Brian Afanador,M,23,175.0,68.0,PUR,PUR,2020 Summer,2020,Summer,Tokyo,Table Tennis,"Table Tennis Singles, Men",NA
1504584,Nima Alamian,M,27,174.0,70.0,IRI,IRI,2020 Summer,2020,Summer,Tokyo,Table Tennis,"Table Tennis Singles, Men",NA
1504585,Ali Al-Khadrawi,M,23,NA,NA,KSA,KSA,2020 Summer,2020,Summer,Tokyo,Table Tennis,"Table Tennis Singles, Men",NA
1504586,Gastón Alto,M,35,NA,NA,ARG,ARG,2020 Summer,2020,Summer,Tokyo,Table Tennis,"Table Tennis Singles, Men",NA
1504587,Larbi Bouriah,M,37,NA,NA,ALG,ALG,2020 Summer,2020,Summer,Tokyo,Table Tennis,"Table Tennis Singles, Men",NA
1504588,Ibrahima Diaw,M,28,178.0,68.0,SEN,SEN,2020 Summer,2020,Summer,Tokyo,Table Tennis,"Table Tennis Singles, Men",NA
1504589,Dodji Fanny,M,33,NA,NA,TOG,TOG,2020 Summer,2020,Summer,Tokyo,Table Tennis,"Table Tennis Singles, Men",NA
1504590,Jeremy Hazin,M,20,NA,NA,CAN,CAN,2020 Summer,2020,Summer,Tokyo,Table Tennis,"Table Tennis Singles, Men",NA
1504591,Adem Hmam,M,25,NA,NA,TUN,TUN,2020 Summer,2020,Summer,Tokyo,Table Tennis,"Table Tennis Singles, Men",NA
1504592,Dimitrije Levajac,M,18,NA,NA,SRB,SRB,2020 Summer,2020,Summer,Tokyo,Table Tennis,"Table Tennis Singles, Men",NA
1504593,Alberto Miño,M,29,181.0,NA,ECU,ECU,2020 Summer,2020,Summer,Tokyo,Table Tennis,"Table Tennis Singles, Men",NA
1504594,Olajide Omotayo,M,25,NA,NA,NGR,NGR,2020 Summer,2020,Summer,Tokyo,Table Tennis,"Table Tennis Singles, Men",NA
1504595,Žolt Peto,M,32,NA,NA,SRB,SRB,2020 Summer,2020,Summer,Tokyo,Table Tennis,"Table Tennis Singles, Men",NA
1504596,Yoshua Shing,M,27,173.0,65.0,VAN,VAN,2020 Summer,2020,Summer,Tokyo,Table Tennis,"Table Tennis Singles, Men",NA
1504597,Chris Yan,M,31,180.0,75.0,AUS,AUS,2020 Summer,2020,Summer,Tokyo,Table Tennis,"Table Tennis Singles, Men",NA
1504598,Enkhbat Lkhagvasüren,M,31,NA,NA,MGL,MGL,2020 Summer,2020,Summer,Tokyo,Table Tennis,"Table Tennis Singles, Men",NA
1504599,Pavel Širuček,M,27,NA,NA,CZE,CZE,2020 Summer,2020,Summer,Tokyo,Table Tennis,"Table Tennis Singles, Men",NA
1504600,Fan Zhendong,M,23,172.0,76.0,,,2020 Summer,2020,Summer,Tokyo,Table Tennis,"Table Tennis Team, Men",NA
1504601,Ma Long,M,31,175.0,72.0,,,2020 Summer,2020,Summer,Tokyo,Table Tennis,"Table Tennis Team, Men",NA
1504602,Xu Xin,M,30,180.0,67.0,,,2020 Summer,2020,Summer,Tokyo,Table Tennis,"Table Tennis Team, Men",NA
1504603,Timo Boll,M,39,181.0,74.0,,,2020 Summer,2020,Summer,Tokyo,Table Tennis,"Table Tennis Team, Men",NA
1504604,Patrick Franziska,M,28,187.0,83.0,,,2020 Summer,2020,Summer,Tokyo,Table Tennis,"Table Tennis Team, Men",NA
1504605,Dimitrij Ovtcharov,M,31,186.0,78.0,,,2020 Summer,2020,Summer,Tokyo,Table Tennis,"Table Tennis Team, Men",NA
1504606,Tomokazu Harimoto,M,17,175.0,64.0,,,2020 Summer,2020,Summer,Tokyo,Table Tennis,"Table Tennis Team, Men",NA
1504607,Jun Mizutani,M,31,172.0,63.0,,,2020 Summer,2020,Summer,Tokyo,Table Tennis,"Table Tennis Team, Men",NA
1504608,Koki Niwa,M,25,162.0,51.0,,,2020 Summer,2020,Summer,Tokyo,Table Tennis,"Table Tennis Team, Men",NA
1504609,Lee Sang-Su,M,29,180.0,69.0,,,2020 Summer,2020,Summer,Tokyo,Table Tennis,"Table Tennis Team, Men",NA
1504610,Jeong Yeong-Sik,M,28,182.0,65.0,,,2020 Summer,2020,Summer,Tokyo,Table Tennis,"Table Tennis Team, Men",NA
1504611,Jang U-Jin,M,24,171.0,69.0,,,2020 Summer,2020,Summer,Tokyo,Table Tennis,"Table Tennis Team, Men",NA
1504612,Vitor Ishiy,M,24,171.0,56.0,,,2020 Summer,2020,Summer,Tokyo,Table Tennis,"Table Tennis Team, Men",NA
1504613,Gustavo Tsuboi,M,35,170.0,65.0,,,2020 Summer,2020,Summer,Tokyo,Table Tennis,"Table Tennis Team, Men",NA
1504614,Hugo Calderano,M,24,182.0,74.0,,,2020 Summer,2020,Summer,Tokyo,Table Tennis,"Table Tennis Team, Men",NA
1504615,Alexandre Cassin,M,21,NA,NA,,,2020 Summer,2020,Summer,Tokyo,Table Tennis,"Table Tennis Team, Men",NA
1504616,Emmanuel Lebesson,M,32,180.0,75.0,,,2020 Summer,2020,Summer,Tokyo,Table Tennis,"Table Tennis Team, Men",NA
1504617,Simon Gauzy,M,25,182.0,77.0,,,2020 Summer,2020,Summer,Tokyo,Table Tennis,"Table Tennis Team, Men",NA
1504618,Kristian Karlsson,M,28,183.0,82.0,,,2020 Summer,2020,Summer,Tokyo,Table Tennis,"Table Tennis Team, Men",NA
1504619,Anton Källberg,M,22,183.0,73.0,,,2020 Summer,2020,Summer,Tokyo,Table Tennis,"Table Tennis Team, Men",NA
1504620,Mattias Falck,M,28,191.0,88.0,,,2020 Summer,2020,Summer,Tokyo,Table Tennis,"Table Tennis Team, Men",NA
1504621,Chuang Chih-Yuan,M,39,166.0,60.0,,,2020 Summer,2020,Summer,Tokyo,Table Tennis,"Table Tennis Team, Men",NA
1504622,Chen Chien-An,M,29,170.0,72.0,,,2020 Summer,2020,Summer,Tokyo,Table Tennis,"Table Tennis Team, Men",NA
1504623,Lin Yun-Ju,M,18,174.0,70.0,,,2020 Summer,2020,Summer,Tokyo,Table Tennis,"Table Tennis Team, Men",NA
1504624,Heming Hu,M,26,179.0,76.0,,,2020 Summer,2020,Summer,Tokyo,Table Tennis,"Table Tennis Team, Men",NA
1504625,Chris Yan,M,31,180.0,75.0,,,2020 Summer,2020,Summer,Tokyo,Table Tennis,"Table Tennis Team, Men",NA
1504626,David Powell,M,29,175.0,67.0,,,2020 Summer,2020,Summer,Tokyo,Table Tennis,"Table Tennis Team, Men",NA
1504627,Frane Kojić,M,28,NA,NA,,,2020 Summer,2020,Summer,Tokyo,Table Tennis,"Table Tennis Team, Men",NA
1504628,Andrej Gaćina,M,34,185.0,85.0,,,2020 Summer,2020,Summer,Tokyo,Table Tennis,"Table Tennis Team, Men",NA
1504629,Tomislav Pucar,M,24,197.0,88.0,,,2020 Summer,2020,Summer,Tokyo,Table Tennis,"Table Tennis Team, Men",NA
1504630,Ahmed Ali Saleh,M,40,179.0,78.0,,,2020 Summer,2020,Summer,Tokyo,Table Tennis,"Table Tennis Team, Men",NA
1504631,Khalid Assar,M,27,198.0,99.0,,,2020 Summer,2020,Summer,Tokyo,Table Tennis,"Table Tennis Team, Men",NA
1504632,Omar Assar,M,28,196.0,93.0,,,2020 Summer,2020,Summer,Tokyo,Table Tennis,"Table Tennis Team, Men",NA
1504633,Lam Siu Hang,M,23,NA,NA,,,2020 Summer,2020,Summer,Tokyo,Table Tennis,"Table Tennis Team, Men",NA
1504634,Ho Kwan Kit,M,23,178.0,66.0,,,2020 Summer,2020,Summer,Tokyo,Table Tennis,"Table Tennis Team, Men",NA
1504635,Wong Chun Ting,M,28,170.0,70.0,,,2020 Summer,2020,Summer,Tokyo,Table Tennis,"Table Tennis Team, Men",NA
1504636,João Pedro Monteiro,M,36,180.0,70.0,,,2020 Summer,2020,Summer,Tokyo,Table Tennis,"Table Tennis Team, Men",NA
1504637,Tiago Apolónia,M,33,185.0,73.0,,,2020 Summer,2020,Summer,Tokyo,Table Tennis,"Table Tennis Team, Men",NA
1504638,Marcos Freitas,M,32,183.0,75.0,,,2020 Summer,2020,Summer,Tokyo,Table Tennis,"Table Tennis Team, Men",NA
1504639,Deni Kožul,M,23,182.0,73.0,,,2020 Summer,2020,Summer,Tokyo,Table Tennis,"Table Tennis Team, Men",NA
1504640,Bojan Tokič,M,39,178.0,76.0,,,2020 Summer,2020,Summer,Tokyo,Table Tennis,"Table Tennis Team, Men",NA
1504641,Darko Jorgić,M,21,182.0,81.0,,,2020 Summer,2020,Summer,Tokyo,Table Tennis,"Table Tennis Team, Men",NA
1504642,Žolt Peto,M,32,NA,NA,,,2020 Summer,2020,Summer,Tokyo,Table Tennis,"Table Tennis Team, Men",NA
1504643,Marko Jevtović,M,33,174.0,74.0,,,2020 Summer,2020,Summer,Tokyo,Table Tennis,"Table Tennis Team, Men",NA
1504644,Dimitrije Levajac,M,18,NA,NA,,,2020 Summer,2020,Summer,Tokyo,Table Tennis,"Table Tennis Team, Men",NA
1504645,Nikhil Kumar,M,17,NA,NA,,,2020 Summer,2020,Summer,Tokyo,Table Tennis,"Table Tennis Team, Men",NA
1504646,Zhou Xin,M,31,185.0,80.0,,,2020 Summer,2020,Summer,Tokyo,Table Tennis,"Table Tennis Team, Men",NA
1504647,Kanak Jha,M,20,NA,NA,,,2020 Summer,2020,Summer,Tokyo,Table Tennis,"Table Tennis Team, Men",NA
1504648,Chen Meng,F,26,NA,NA,CHN,CHN,2020 Summer,2020,Summer,Tokyo,Table Tennis,"Table Tennis Singles, Women",Gold
1504649,Sun Yingsha,F,19,NA,NA,CHN,CHN,2020 Summer,2020,Summer,Tokyo,Table Tennis,"Table Tennis Singles, Women",Silver
1504650,Mima Ito,F,19,150.0,45.0,JPN,JPN,2020 Summer,2020,Summer,Tokyo,Table Tennis,"Table Tennis Singles, Women",Bronze
1504651,Yu Mengyu,F,30,166.0,50.0,SGP,SGP,2020 Summer,2020,Summer,Tokyo,Table Tennis,"Table Tennis Singles, Women",NA
1504652,Doo Hoi Kem,F,23,166.0,60.0,HKG,HKG,2020 Summer,2020,Summer,Tokyo,Table Tennis,"Table Tennis Singles, Women",NA
1504653,Ying Han,F,37,170.0,60.0,GER,GER,2020 Summer,2020,Summer,Tokyo,Table Tennis,"Table Tennis Singles, Women",NA
1504654,Kasumi Ishikawa,F,27,158.0,51.0,JPN,JPN,2020 Summer,2020,Summer,Tokyo,Table Tennis,"Table Tennis Singles, Women",NA
1504655,Jeon Ji-Hui,F,27,159.0,56.0,KOR,KOR,2020 Summer,2020,Summer,Tokyo,Table Tennis,"Table Tennis Singles, Women",NA
1504656,Chen Szu-Yu,F,26,162.0,58.0,TPE,TPE,2020 Summer,2020,Summer,Tokyo,Table Tennis,"Table Tennis Singles, Women",NA
1504657,Britt Eerland,F,26,168.0,62.0,NED,NED,2020 Summer,2020,Summer,Tokyo,Table Tennis,"Table Tennis Singles, Women",NA
1504658,Feng Tianwei,F,33,163.0,55.0,SGP,SGP,2020 Summer,2020,Summer,Tokyo,Table Tennis,"Table Tennis Singles, Women",NA
1504659,Liu Jia,F,38,160.0,46.0,AUT,AUT,2020 Summer,2020,Summer,Tokyo,Table Tennis,"Table Tennis Singles, Women",NA
1504660,Juan Liu,F,35,NA,NA,USA,USA,2020 Summer,2020,Summer,Tokyo,Table Tennis,"Table Tennis Singles, Women",NA
1504661,Sofia Polcanova,F,25,181.0,69.0,AUT,AUT,2020 Summer,2020,Summer,Tokyo,Table Tennis,"Table Tennis Singles, Women",NA
1504662,Suthasini Sawettabut,F,25,168.0,63.0,THA,THA,2020 Summer,2020,Summer,Tokyo,Table Tennis,"Table Tennis Singles, Women",NA
1504663,Mo Zhang,F,31,173.0,57.0,CAN,CAN,2020 Summer,2020,Summer,Tokyo,Table Tennis,"Table Tennis Singles, Women",NA
1504664,Manika Batra,F,25,179.0,63.0,IND,IND,2020 Summer,2020,Summer,Tokyo,Table Tennis,"Table Tennis Singles, Women",NA
1504665,Cheng I-Ching,F,28,162.0,52.0,TPE,TPE,2020 Summer,2020,Summer,Tokyo,Table Tennis,"Table Tennis Singles, Women",NA
1504666,Adriana Díaz,F,19,163.0,NA,PUR,PUR,2020 Summer,2020,Summer,Tokyo,Table Tennis,"Table Tennis Singles, Women",NA
1504667,Jian-Fang Lay,F,47,163.0,58.0,AUS,AUS,2020 Summer,2020,Summer,Tokyo,Table Tennis,"Table Tennis Singles, Women",NA
1504668,Dina Meshref,F,26,166.0,59.0,EGY,EGY,2020 Summer,2020,Summer,Tokyo,Table Tennis,"Table Tennis Singles, Women",NA
1504669,Rachel Moret,F,30,NA,NA,SUI,SUI,2020 Summer,2020,Summer,Tokyo,Table Tennis,"Table Tennis Singles, Women",NA
1504670,Orawan Paranang,F,22,152.0,45.0,THA,THA,2020 Summer,2020,Summer,Tokyo,Table Tennis,"Table Tennis Singles, Women",NA
1504671,Eliza Samara,F,31,171.0,56.0,ROU,ROU,2020 Summer,2020,Summer,Tokyo,Table Tennis,"Table Tennis Singles, Women",NA
1504672,Sin Yu-Bin,F,16,168.0,NA,KOR,KOR,2020 Summer,2020,Summer,Tokyo,Table Tennis,"Table Tennis Singles, Women",NA
1504673,Petrissa Solja,F,26,168.0,67.0,GER,GER,2020 Summer,2020,Summer,Tokyo,Table Tennis,"Table Tennis Singles, Women",NA
1504674,Bernadette Szőcs,F,25,159.0,48.0,ROU,ROU,2020 Summer,2020,Summer,Tokyo,Table Tennis,"Table Tennis Singles, Women",NA
1504675,María Xiao,F,26,NA,NA,ESP,ESP,2020 Summer,2020,Summer,Tokyo,Table Tennis,"Table Tennis Singles, Women",NA
1504676,Xiaoxin Yang,F,32,155.0,48.0,MON,MON,2020 Summer,2020,Summer,Tokyo,Table Tennis,"Table Tennis Singles, Women",NA
1504677,Fu Yu,F,41,170.0,65.0,POR,POR,2020 Summer,2020,Summer,Tokyo,Table Tennis,"Table Tennis Singles, Women",NA
1504678,Jia Nan Yuan,F,35,NA,NA,FRA,FRA,2020 Summer,2020,Summer,Tokyo,Table Tennis,"Table Tennis Singles, Women",NA
1504679,Lily Zhang,F,24,166.0,58.0,USA,USA,2020 Summer,2020,Summer,Tokyo,Table Tennis,"Table Tennis Singles, Women",NA
1504680,Barbora Balážová,F,28,169.0,73.0,SVK,SVK,2020 Summer,2020,Summer,Tokyo,Table Tennis,"Table Tennis Singles, Women",NA
1504681,Edem Offiong,F,33,170.0,70.0,NGR,NGR,2020 Summer,2020,Summer,Tokyo,Table Tennis,"Table Tennis Singles, Women",NA
1504682,Qian Li,F,33,160.0,54.0,POL,POL,2020 Summer,2020,Summer,Tokyo,Table Tennis,"Table Tennis Singles, Women",NA
1504683,Hana Matelová,F,30,160.0,53.0,CZE,CZE,2020 Summer,2020,Summer,Tokyo,Table Tennis,"Table Tennis Singles, Women",NA
1504684,Polina Mikhaylova,F,33,168.0,60.0,ROC,ROC,2020 Summer,2020,Summer,Tokyo,Table Tennis,"Table Tennis Singles, Women",NA
1504685,Sutirtha Mukherjee,F,24,NA,NA,IND,IND,2020 Summer,2020,Summer,Tokyo,Table Tennis,"Table Tennis Singles, Women",NA
1504686,Xia Lian Ni,F,57,157.0,58.0,LUX,LUX,2020 Summer,2020,Summer,Tokyo,Table Tennis,"Table Tennis Singles, Women",NA
1504687,Yana Noskova,F,26,163.0,59.0,ROC,ROC,2020 Summer,2020,Summer,Tokyo,Table Tennis,"Table Tennis Singles, Women",NA
1504688,Natalia Partyka,F,30,173.0,64.0,POL,POL,2020 Summer,2020,Summer,Tokyo,Table Tennis,"Table Tennis Singles, Women",NA
1504689,Marharyta Pesotska,F,28,175.0,68.0,UKR,UKR,2020 Summer,2020,Summer,Tokyo,Table Tennis,"Table Tennis Singles, Women",NA
1504690,Georgina Póta,F,35,173.0,63.0,HUN,HUN,2020 Summer,2020,Summer,Tokyo,Table Tennis,"Table Tennis Singles, Women",NA
1504691,Jieni Shao,F,26,169.0,79.0,POR,POR,2020 Summer,2020,Summer,Tokyo,Table Tennis,"Table Tennis Singles, Women",NA
1504692,Minnie Soo,F,22,NA,NA,HKG,HKG,2020 Summer,2020,Summer,Tokyo,Table Tennis,"Table Tennis Singles, Women",NA
1504693,Bruna Takahashi,F,19,168.0,55.0,BRA,BRA,2020 Summer,2020,Summer,Tokyo,Table Tennis,"Table Tennis Singles, Women",NA
1504694,Polina Trifonova,F,28,178.0,NA,BUL,BUL,2020 Summer,2020,Summer,Tokyo,Table Tennis,"Table Tennis Singles, Women",NA
1504695,María Paulina Vega,F,36,157.0,57.0,CHI,CHI,2020 Summer,2020,Summer,Tokyo,Table Tennis,"Table Tennis Singles, Women",NA
1504696,Batmönkh Bolor-Erdene,F,17,NA,NA,MGL,MGL,2020 Summer,2020,Summer,Tokyo,Table Tennis,"Table Tennis Singles, Women",NA
1504697,Linda Bergström,F,25,NA,NA,SWE,SWE,2020 Summer,2020,Summer,Tokyo,Table Tennis,"Table Tennis Singles, Women",NA
1504698,Michelle Bromley,F,32,163.0,58.0,AUS,AUS,2020 Summer,2020,Summer,Tokyo,Table Tennis,"Table Tennis Singles, Women",NA
1504699,Sarah de Nutte,F,27,166.0,50.0,LUX,LUX,2020 Summer,2020,Summer,Tokyo,Table Tennis,"Table Tennis Singles, Women",NA
1504700,Melanie Díaz,F,24,NA,NA,PUR,PUR,2020 Summer,2020,Summer,Tokyo,Table Tennis,"Table Tennis Singles, Women",NA
1504701,Galia Dvorak,F,32,169.0,58.0,ESP,ESP,2020 Summer,2020,Summer,Tokyo,Table Tennis,"Table Tennis Singles, Women",NA
1504702,Chelsea Edghill,F,23,177.0,62.0,GUY,GUY,2020 Summer,2020,Summer,Tokyo,Table Tennis,"Table Tennis Singles, Women",NA
1504703,Hanna Haponova,F,34,NA,NA,UKR,UKR,2020 Summer,2020,Summer,Tokyo,Table Tennis,"Table Tennis Singles, Women",NA
1504704,Yousra Helmy,F,24,165.0,50.0,EGY,EGY,2020 Summer,2020,Summer,Tokyo,Table Tennis,"Table Tennis Singles, Women",NA
1504705,Tin-Tin Ho,F,21,159.0,NA,GBR,GBR,2020 Summer,2020,Summer,Tokyo,Table Tennis,"Table Tennis Singles, Women",NA
1504706,Stina Källberg,F,20,NA,NA,SWE,SWE,2020 Summer,2020,Summer,Tokyo,Table Tennis,"Table Tennis Singles, Women",NA
1504707,Anastasiya Lavrova,F,24,NA,NA,KAZ,KAZ,2020 Summer,2020,Summer,Tokyo,Table Tennis,"Table Tennis Singles, Women",NA
1504708,Dóra Madarász,F,26,NA,NA,HUN,HUN,2020 Summer,2020,Summer,Tokyo,Table Tennis,"Table Tennis Singles, Women",NA
1504709,Prithika Pavade,F,15,NA,NA,FRA,FRA,2020 Summer,2020,Summer,Tokyo,Table Tennis,"Table Tennis Singles, Women",NA
1504710,Debora Vivarelli,F,27,163.0,NA,ITA,ITA,2020 Summer,2020,Summer,Tokyo,Table Tennis,"Table Tennis Singles, Women",NA
1504711,Jessica Yamada,F,30,159.0,51.0,BRA,BRA,2020 Summer,2020,Summer,Tokyo,Table Tennis,"Table Tennis Singles, Women",NA
1504712,Daniela Fonseca,F,17,NA,NA,CUB,CUB,2020 Summer,2020,Summer,Tokyo,Table Tennis,"Table Tennis Singles, Women",NA
1504713,Fadwa Garci,F,18,NA,NA,TUN,TUN,2020 Summer,2020,Summer,Tokyo,Table Tennis,"Table Tennis Singles, Women",NA
1504714,Sarah Hanffou,F,33,163.0,65.0,CMR,CMR,2020 Summer,2020,Summer,Tokyo,Table Tennis,"Table Tennis Singles, Women",NA
1504715,Funke Oshonaike,F,44,167.0,59.0,NGR,NGR,2020 Summer,2020,Summer,Tokyo,Table Tennis,"Table Tennis Singles, Women",NA
1504716,Sally Yee,F,19,NA,84.0,FIJ,FIJ,2020 Summer,2020,Summer,Tokyo,Table Tennis,"Table Tennis Singles, Women",NA
1504717,Hend Zaza,F,11,NA,NA,SYR,SYR,2020 Summer,2020,Summer,Tokyo,Table Tennis,"Table Tennis Singles, Women",NA
1504718,Chen Meng,F,26,NA,NA,,,2020 Summer,2020,Summer,Tokyo,Table Tennis,"Table Tennis Team, Women",NA
1504719,Sun Yingsha,F,19,NA,NA,,,2020 Summer,2020,Summer,Tokyo,Table Tennis,"Table Tennis Team, Women",NA
1504720,Wang Manyu,F,21,NA,NA,,,2020 Summer,2020,Summer,Tokyo,Table Tennis,"Table Tennis Team, Women",NA
1504721,Miu Hirano,F,20,157.0,NA,,,2020 Summer,2020,Summer,Tokyo,Table Tennis,"Table Tennis Team, Women",NA
1504722,Kasumi Ishikawa,F,27,158.0,51.0,,,2020 Summer,2020,Summer,Tokyo,Table Tennis,"Table Tennis Team, Women",NA
1504723,Mima Ito,F,19,150.0,45.0,,,2020 Summer,2020,Summer,Tokyo,Table Tennis,"Table Tennis Team, Women",NA
1504724,Doo Hoi Kem,F,23,166.0,60.0,,,2020 Summer,2020,Summer,Tokyo,Table Tennis,"Table Tennis Team, Women",NA
1504725,Lee Ho Ching,F,27,159.0,54.0,,,2020 Summer,2020,Summer,Tokyo,Table Tennis,"Table Tennis Team, Women",NA
1504726,Minnie Soo,F,22,NA,NA,,,2020 Summer,2020,Summer,Tokyo,Table Tennis,"Table Tennis Team, Women",NA
1504727,Ying Han,F,37,170.0,60.0,,,2020 Summer,2020,Summer,Tokyo,Table Tennis,"Table Tennis Team, Women",NA
1504728,Xiaona Shan,F,37,165.0,54.0,,,2020 Summer,2020,Summer,Tokyo,Table Tennis,"Table Tennis Team, Women",NA
1504729,Petrissa Solja,F,26,168.0,67.0,,,2020 Summer,2020,Summer,Tokyo,Table Tennis,"Table Tennis Team, Women",NA
1504730,Choi Hyo-Ju,F,22,NA,NA,,,2020 Summer,2020,Summer,Tokyo,Table Tennis,"Table Tennis Team, Women",NA
1504731,Jeon Ji-Hui,F,27,159.0,56.0,,,2020 Summer,2020,Summer,Tokyo,Table Tennis,"Table Tennis Team, Women",NA
1504732,Sin Yu-Bin,F,16,168.0,NA,,,2020 Summer,2020,Summer,Tokyo,Table Tennis,"Table Tennis Team, Women",NA
1504733,Daniela Dodean-Monteiro,F,32,170.0,55.0,,,2020 Summer,2020,Summer,Tokyo,Table Tennis,"Table Tennis Team, Women",NA
1504734,Eliza Samara,F,31,171.0,56.0,,,2020 Summer,2020,Summer,Tokyo,Table Tennis,"Table Tennis Team, Women",NA
1504735,Bernadette Szőcs,F,25,159.0,48.0,,,2020 Summer,2020,Summer,Tokyo,Table Tennis,"Table Tennis Team, Women",NA
1504736,Feng Tianwei,F,33,163.0,55.0,,,2020 Summer,2020,Summer,Tokyo,Table Tennis,"Table Tennis Team, Women",NA
1504737,Lin Ye,F,24,NA,NA,,,2020 Summer,2020,Summer,Tokyo,Table Tennis,"Table Tennis Team, Women",NA
1504738,Yu Mengyu,F,30,166.0,50.0,,,2020 Summer,2020,Summer,Tokyo,Table Tennis,"Table Tennis Team, Women",NA
1504739,Chen Szu-Yu,F,26,162.0,58.0,,,2020 Summer,2020,Summer,Tokyo,Table Tennis,"Table Tennis Team, Women",NA
1504740,Cheng Hsien-Tzu,F,27,NA,NA,,,2020 Summer,2020,Summer,Tokyo,Table Tennis,"Table Tennis Team, Women",NA
1504741,Cheng I-Ching,F,28,162.0,52.0,,,2020 Summer,2020,Summer,Tokyo,Table Tennis,"Table Tennis Team, Women",NA
1504742,Michelle Bromley,F,32,163.0,58.0,,,2020 Summer,2020,Summer,Tokyo,Table Tennis,"Table Tennis Team, Women",NA
1504743,Jian-Fang Lay,F,47,163.0,58.0,,,2020 Summer,2020,Summer,Tokyo,Table Tennis,"Table Tennis Team, Women",NA
1504744,Melissa Tapper,F,30,166.0,65.0,,,2020 Summer,2020,Summer,Tokyo,Table Tennis,"Table Tennis Team, Women",NA
1504745,Liu Jia,F,38,160.0,46.0,,,2020 Summer,2020,Summer,Tokyo,Table Tennis,"Table Tennis Team, Women",NA
1504746,Liu Yuan,F,34,NA,NA,,,2020 Summer,2020,Summer,Tokyo,Table Tennis,"Table Tennis Team, Women",NA
1504747,Sofia Polcanova,F,25,181.0,69.0,,,2020 Summer,2020,Summer,Tokyo,Table Tennis,"Table Tennis Team, Women",NA
1504748,Carol Kumahara,F,24,166.0,66.0,,,2020 Summer,2020,Summer,Tokyo,Table Tennis,"Table Tennis Team, Women",NA
1504749,Bruna Takahashi,F,19,168.0,55.0,,,2020 Summer,2020,Summer,Tokyo,Table Tennis,"Table Tennis Team, Women",NA
1504750,Jessica Yamada,F,30,159.0,51.0,,,2020 Summer,2020,Summer,Tokyo,Table Tennis,"Table Tennis Team, Women",NA
1504751,Farah Abdelaziz,F,27,NA,NA,,,2020 Summer,2020,Summer,Tokyo,Table Tennis,"Table Tennis Team, Women",NA
1504752,Yousra Helmy,F,24,165.0,50.0,,,2020 Summer,2020,Summer,Tokyo,Table Tennis,"Table Tennis Team, Women",NA
1504753,Dina Meshref,F,26,166.0,59.0,,,2020 Summer,2020,Summer,Tokyo,Table Tennis,"Table Tennis Team, Women",NA
1504754,Stéphanie Loeuillette,F,27,NA,NA,,,2020 Summer,2020,Summer,Tokyo,Table Tennis,"Table Tennis Team, Women",NA
1504755,Prithika Pavade,F,15,NA,NA,,,2020 Summer,2020,Summer,Tokyo,Table Tennis,"Table Tennis Team, Women",NA
1504756,Jia Nan Yuan,F,35,NA,NA,,,2020 Summer,2020,Summer,Tokyo,Table Tennis,"Table Tennis Team, Women",NA
1504757,Mária Fazekas,F,44,167.0,65.0,,,2020 Summer,2020,Summer,Tokyo,Table Tennis,"Table Tennis Team, Women",NA
1504758,Dóra Madarász,F,26,NA,NA,,,2020 Summer,2020,Summer,Tokyo,Table Tennis,"Table Tennis Team, Women",NA
1504759,Szandra Pergel,F,31,160.0,54.0,,,2020 Summer,2020,Summer,Tokyo,Table Tennis,"Table Tennis Team, Women",NA
1504760,Natalia Bajor,F,23,168.0,NA,,,2020 Summer,2020,Summer,Tokyo,Table Tennis,"Table Tennis Team, Women",NA
1504761,Qian Li,F,33,160.0,54.0,,,2020 Summer,2020,Summer,Tokyo,Table Tennis,"Table Tennis Team, Women",NA
1504762,Natalia Partyka,F,30,173.0,64.0,,,2020 Summer,2020,Summer,Tokyo,Table Tennis,"Table Tennis Team, Women",NA
1504763,Juan Liu,F,35,NA,NA,,,2020 Summer,2020,Summer,Tokyo,Table Tennis,"Table Tennis Team, Women",NA
1504764,Huijing Wang,F,40,NA,NA,,,2020 Summer,2020,Summer,Tokyo,Table Tennis,"Table Tennis Team, Women",NA
1504765,Lily Zhang,F,24,166.0,58.0,,,2020 Summer,2020,Summer,Tokyo,Table Tennis,"Table Tennis Team, Women",NA
1504766,Jun Mizutani,M,31,172.0,63.0,,,2020 Summer,2020,Summer,Tokyo,Table Tennis,"Table Tennis Doubles, Mixed",NA
1504767,Mima Ito,F,19,150.0,45.0,,,2020 Summer,2020,Summer,Tokyo,Table Tennis,"Table Tennis Doubles, Mixed",NA
1504768,Xu Xin,M,30,180.0,67.0,,,2020 Summer,2020,Summer,Tokyo,Table Tennis,"Table Tennis Doubles, Mixed",NA
1504769,Liu Shiwen,F,29,160.0,54.0,,,2020 Summer,2020,Summer,Tokyo,Table Tennis,"Table Tennis Doubles, Mixed",NA
1504770,Lin Yun-Ju,M,18,174.0,70.0,,,2020 Summer,2020,Summer,Tokyo,Table Tennis,"Table Tennis Doubles, Mixed",NA
1504771,Cheng I-Ching,F,28,162.0,52.0,,,2020 Summer,2020,Summer,Tokyo,Table Tennis,"Table Tennis Doubles, Mixed",NA
1504772,Emmanuel Lebesson,M,32,180.0,75.0,,,2020 Summer,2020,Summer,Tokyo,Table Tennis,"Table Tennis Doubles, Mixed",NA
1504773,Jia Nan Yuan,F,35,NA,NA,,,2020 Summer,2020,Summer,Tokyo,Table Tennis,"Table Tennis Doubles, Mixed",NA
1504774,Patrick Franziska,M,28,187.0,83.0,,,2020 Summer,2020,Summer,Tokyo,Table Tennis,"Table Tennis Doubles, Mixed",NA
1504775,Petrissa Solja,F,26,168.0,67.0,,,2020 Summer,2020,Summer,Tokyo,Table Tennis,"Table Tennis Doubles, Mixed",NA
1504776,Wong Chun Ting,M,28,170.0,70.0,,,2020 Summer,2020,Summer,Tokyo,Table Tennis,"Table Tennis Doubles, Mixed",NA
1504777,Doo Hoi Kem,F,23,166.0,60.0,,,2020 Summer,2020,Summer,Tokyo,Table Tennis,"Table Tennis Doubles, Mixed",NA
1504778,Lee Sang-Su,M,29,180.0,69.0,,,2020 Summer,2020,Summer,Tokyo,Table Tennis,"Table Tennis Doubles, Mixed",NA
1504779,Jeon Ji-Hui,F,27,159.0,56.0,,,2020 Summer,2020,Summer,Tokyo,Table Tennis,"Table Tennis Doubles, Mixed",NA
1504780,Ovidiu Ionescu,M,31,182.0,72.0,,,2020 Summer,2020,Summer,Tokyo,Table Tennis,"Table Tennis Doubles, Mixed",NA
1504781,Bernadette Szőcs,F,25,159.0,48.0,,,2020 Summer,2020,Summer,Tokyo,Table Tennis,"Table Tennis Doubles, Mixed",NA
1504782,Heming Hu,M,26,179.0,76.0,,,2020 Summer,2020,Summer,Tokyo,Table Tennis,"Table Tennis Doubles, Mixed",NA
1504783,Melissa Tapper,F,30,166.0,65.0,,,2020 Summer,2020,Summer,Tokyo,Table Tennis,"Table Tennis Doubles, Mixed",NA
1504784,Stefan Fegerl,M,31,186.0,69.0,,,2020 Summer,2020,Summer,Tokyo,Table Tennis,"Table Tennis Doubles, Mixed",NA
1504785,Sofia Polcanova,F,25,181.0,69.0,,,2020 Summer,2020,Summer,Tokyo,Table Tennis,"Table Tennis Doubles, Mixed",NA
1504786,Eugene Wang,M,34,174.0,80.0,,,2020 Summer,2020,Summer,Tokyo,Table Tennis,"Table Tennis Doubles, Mixed",NA
1504787,Mo Zhang,F,31,173.0,57.0,,,2020 Summer,2020,Summer,Tokyo,Table Tennis,"Table Tennis Doubles, Mixed",NA
1504788,Jorge Campos,M,28,184.0,77.0,,,2020 Summer,2020,Summer,Tokyo,Table Tennis,"Table Tennis Doubles, Mixed",NA
1504789,Daniela Fonseca,F,17,NA,NA,,,2020 Summer,2020,Summer,Tokyo,Table Tennis,"Table Tennis Doubles, Mixed",NA
1504790,Omar Assar,M,28,196.0,93.0,,,2020 Summer,2020,Summer,Tokyo,Table Tennis,"Table Tennis Doubles, Mixed",NA
1504791,Dina Meshref,F,26,166.0,59.0,,,2020 Summer,2020,Summer,Tokyo,Table Tennis,"Table Tennis Doubles, Mixed",NA
1504792,Ádám Szudi,M,24,175.0,NA,,,2020 Summer,2020,Summer,Tokyo,Table Tennis,"Table Tennis Doubles, Mixed",NA
1504793,Szandra Pergel,F,31,160.0,54.0,,,2020 Summer,2020,Summer,Tokyo,Table Tennis,"Table Tennis Doubles, Mixed",NA
1504794,Sharath Kamal Achanta,M,38,186.0,85.0,,,2020 Summer,2020,Summer,Tokyo,Table Tennis,"Table Tennis Doubles, Mixed",NA
1504795,Manika Batra,F,25,179.0,63.0,,,2020 Summer,2020,Summer,Tokyo,Table Tennis,"Table Tennis Doubles, Mixed",NA
1504796,Ľubomír Pištej,M,36,182.0,82.0,,,2020 Summer,2020,Summer,Tokyo,Table Tennis,"Table Tennis Doubles, Mixed",NA
1504797,Barbora Balážová,F,28,169.0,73.0,,,2020 Summer,2020,Summer,Tokyo,Table Tennis,"Table Tennis Doubles, Mixed",NA
1504798,Fan Zhendong,M,27,172.0,76.0,CHN,CHN,2024 Summer,2024,Summer,Paris,Table Tennis,"Table Tennis Singles, Men",Gold
1504799,Truls Möregårdh,M,22,180.0,NA,SWE,SWE,2024 Summer,2024,Summer,Paris,Table Tennis,"Table Tennis Singles, Men",Silver
1504800,Félix Lebrun,M,17,NA,NA,FRA,FRA,2024 Summer,2024,Summer,Paris,Table Tennis,"Table Tennis Singles, Men",Bronze
1504801,Hugo Calderano,M,28,182.0,74.0,BRA,BRA,2024 Summer,2024,Summer,Paris,Table Tennis,"Table Tennis Singles, Men",NA
1504802,Omar Assar,M,32,196.0,93.0,EGY,EGY,2024 Summer,2024,Summer,Paris,Table Tennis,"Table Tennis Singles, Men",NA
1504803,Tomokazu Harimoto,M,21,175.0,64.0,JPN,JPN,2024 Summer,2024,Summer,Paris,Table Tennis,"Table Tennis Singles, Men",NA
1504804,Jang U-Jin,M,28,171.0,69.0,KOR,KOR,2024 Summer,2024,Summer,Paris,Table Tennis,"Table Tennis Singles, Men",NA
1504805,Lin Yun-Ju,M,22,174.0,70.0,TPE,TPE,2024 Summer,2024,Summer,Paris,Table Tennis,"Table Tennis Singles, Men",NA
1504806,Kirill Gerasimenko,M,27,175.0,64.0,KAZ,KAZ,2024 Summer,2024,Summer,Paris,Table Tennis,"Table Tennis Singles, Men",NA
1504807,Kanak Jha,M,24,NA,NA,USA,USA,2024 Summer,2024,Summer,Paris,Table Tennis,"Table Tennis Singles, Men",NA
1504808,Darko Jorgić,M,25,182.0,81.0,SLO,SLO,2024 Summer,2024,Summer,Paris,Table Tennis,"Table Tennis Singles, Men",NA
1504809,Kao Cheng-Jui,M,19,NA,NA,TPE,TPE,2024 Summer,2024,Summer,Paris,Table Tennis,"Table Tennis Singles, Men",NA
1504810,Alexis Lebrun,M,20,NA,NA,FRA,FRA,2024 Summer,2024,Summer,Paris,Table Tennis,"Table Tennis Singles, Men",NA
1504811,Anders Lind,M,25,183.0,69.0,DEN,DEN,2024 Summer,2024,Summer,Paris,Table Tennis,"Table Tennis Singles, Men",NA
1504812,Dimitrij Ovtcharov,M,35,186.0,78.0,GER,GER,2024 Summer,2024,Summer,Paris,Table Tennis,"Table Tennis Singles, Men",NA
1504813,Shunsuke Togami,M,22,170.0,63.0,JPN,JPN,2024 Summer,2024,Summer,Paris,Table Tennis,"Table Tennis Singles, Men",NA
1504814,Noshad Alamian,M,32,170.0,67.0,IRI,IRI,2024 Summer,2024,Summer,Paris,Table Tennis,"Table Tennis Singles, Men",NA
1504815,Andrej Gaćina,M,38,185.0,85.0,CRO,CRO,2024 Summer,2024,Summer,Paris,Table Tennis,"Table Tennis Singles, Men",NA
1504816,Panagiotis Gkionis,M,44,187.0,85.0,GRE,GRE,2024 Summer,2024,Summer,Paris,Table Tennis,"Table Tennis Singles, Men",NA
1504817,Jonathan Groth,M,31,184.0,75.0,DEN,DEN,2024 Summer,2024,Summer,Paris,Table Tennis,"Table Tennis Singles, Men",NA
1504818,Andrei-Eduard Ionescu,M,19,173.0,64.0,ROU,ROU,2024 Summer,2024,Summer,Paris,Table Tennis,"Table Tennis Singles, Men",NA
1504819,Vitor Ishiy,M,28,171.0,56.0,BRA,BRA,2024 Summer,2024,Summer,Paris,Table Tennis,"Table Tennis Singles, Men",NA
1504820,Anton Källberg,M,26,183.0,73.0,SWE,SWE,2024 Summer,2024,Summer,Paris,Table Tennis,"Table Tennis Singles, Men",NA
1504821,Deni Kožul,M,27,182.0,73.0,SLO,SLO,2024 Summer,2024,Summer,Paris,Table Tennis,"Table Tennis Singles, Men",NA
1504822,Alberto Miño,M,33,181.0,NA,ECU,ECU,2024 Summer,2024,Summer,Paris,Table Tennis,"Table Tennis Singles, Men",NA
1504823,Liam Pitchford,M,31,186.0,67.0,GBR,GBR,2024 Summer,2024,Summer,Paris,Table Tennis,"Table Tennis Singles, Men",NA
1504824,Tomislav Pucar,M,28,197.0,88.0,CRO,CRO,2024 Summer,2024,Summer,Paris,Table Tennis,"Table Tennis Singles, Men",NA
1504825,Dang Qiu,M,27,178.0,68.0,GER,GER,2024 Summer,2024,Summer,Paris,Table Tennis,"Table Tennis Singles, Men",NA
1504826,Miłosz Redzimski,M,17,NA,NA,POL,POL,2024 Summer,2024,Summer,Paris,Table Tennis,"Table Tennis Singles, Men",NA
1504827,Álvaro Robles,M,33,188.0,80.0,ESP,ESP,2024 Summer,2024,Summer,Paris,Table Tennis,"Table Tennis Singles, Men",NA
1504828,Wang Chuqin,M,24,182.0,71.0,CHN,CHN,2024 Summer,2024,Summer,Paris,Table Tennis,"Table Tennis Singles, Men",NA
1504829,Wong Chun Ting,M,32,170.0,70.0,HKG,HKG,2024 Summer,2024,Summer,Paris,Table Tennis,"Table Tennis Singles, Men",NA
1504830,Sharath Kamal Achanta,M,42,186.0,85.0,IND,IND,2024 Summer,2024,Summer,Paris,Table Tennis,"Table Tennis Singles, Men",NA
1504831,Brian Afanador,M,27,175.0,68.0,PUR,PUR,2024 Summer,2024,Summer,Paris,Table Tennis,"Table Tennis Singles, Men",NA
1504832,Nima Alamian,M,31,174.0,70.0,IRI,IRI,2024 Summer,2024,Summer,Paris,Table Tennis,"Table Tennis Singles, Men",NA
1504833,Martin Allegro,M,28,170.0,66.0,BEL,BEL,2024 Summer,2024,Summer,Paris,Table Tennis,"Table Tennis Singles, Men",NA
1504834,Tiago Apolónia,M,37,185.0,73.0,POR,POR,2024 Summer,2024,Summer,Paris,Table Tennis,"Table Tennis Singles, Men",NA
1504835,Quadri Aruna,M,35,180.0,81.0,NGR,NGR,2024 Summer,2024,Summer,Paris,Table Tennis,"Table Tennis Singles, Men",NA
1504836,Mehdi Bouloussa,M,29,NA,NA,ALG,ALG,2024 Summer,2024,Summer,Paris,Table Tennis,"Table Tennis Singles, Men",NA
1504837,Nicolás Burgos,M,22,175.0,NA,CHI,CHI,2024 Summer,2024,Summer,Paris,Table Tennis,"Table Tennis Singles, Men",NA
1504838,Jo Dae-Seong,M,21,NA,NA,KOR,KOR,2024 Summer,2024,Summer,Paris,Table Tennis,"Table Tennis Singles, Men",NA
1504839,Harmeet Desai,M,30,170.0,65.0,IND,IND,2024 Summer,2024,Summer,Paris,Table Tennis,"Table Tennis Singles, Men",NA
1504840,Ibrahima Diaw,M,32,178.0,68.0,SEN,SEN,2024 Summer,2024,Summer,Paris,Table Tennis,"Table Tennis Singles, Men",NA
1504841,Mohamed El-Beialy,M,36,NA,NA,EGY,EGY,2024 Summer,2024,Summer,Paris,Table Tennis,"Table Tennis Singles, Men",NA
1504842,Marcos Freitas,M,36,183.0,75.0,POR,POR,2024 Summer,2024,Summer,Paris,Table Tennis,"Table Tennis Singles, Men",NA
1504843,Daniel González,M,30,NA,NA,PUR,PUR,2024 Summer,2024,Summer,Paris,Table Tennis,"Table Tennis Singles, Men",NA
1504844,Daniel Habesohn,M,37,185.0,78.0,AUT,AUT,2024 Summer,2024,Summer,Paris,Table Tennis,"Table Tennis Singles, Men",NA
1504845,Saheed Idowu,M,34,174.0,71.0,CGO,CGO,2024 Summer,2024,Summer,Paris,Table Tennis,"Table Tennis Singles, Men",NA
1504846,Ovidiu Ionescu,M,35,182.0,72.0,ROU,ROU,2024 Summer,2024,Summer,Paris,Table Tennis,"Table Tennis Singles, Men",NA
1504847,Santiago Lorenzo,M,22,NA,NA,ARG,ARG,2024 Summer,2024,Summer,Paris,Table Tennis,"Table Tennis Singles, Men",NA
1504848,Nicholas Lum,M,19,NA,NA,AUS,AUS,2024 Summer,2024,Summer,Paris,Table Tennis,"Table Tennis Singles, Men",NA
1504849,Finn Luu,M,19,NA,NA,AUS,AUS,2024 Summer,2024,Summer,Paris,Table Tennis,"Table Tennis Singles, Men",NA
1504850,Edward Ly,M,21,NA,NA,CAN,CAN,2024 Summer,2024,Summer,Paris,Table Tennis,"Table Tennis Singles, Men",NA
1504851,Marcos Madrid,M,37,180.0,68.0,MEX,MEX,2024 Summer,2024,Summer,Paris,Table Tennis,"Table Tennis Singles, Men",NA
1504852,Luka Mladenovic,M,25,190.0,82.0,LUX,LUX,2024 Summer,2024,Summer,Paris,Table Tennis,"Table Tennis Singles, Men",NA
1504853,Cédric Nuytinck,M,31,180.0,64.0,BEL,BEL,2024 Summer,2024,Summer,Paris,Table Tennis,"Table Tennis Singles, Men",NA
1504854,Olajide Omotayo,M,29,NA,NA,NGR,NGR,2024 Summer,2024,Summer,Paris,Table Tennis,"Table Tennis Singles, Men",NA
1504855,Andy Pereira,M,34,166.0,73.0,CUB,CUB,2024 Summer,2024,Summer,Paris,Table Tennis,"Table Tennis Singles, Men",NA
1504856,Izaac Quek,M,18,170.0,65.0,SGP,SGP,2024 Summer,2024,Summer,Paris,Table Tennis,"Table Tennis Singles, Men",NA
1504857,Fabio Rakotoarimanana,M,20,NA,NA,MAD,MAD,2024 Summer,2024,Summer,Paris,Table Tennis,"Table Tennis Singles, Men",NA
1504858,Eugene Wang,M,38,174.0,80.0,CAN,CAN,2024 Summer,2024,Summer,Paris,Table Tennis,"Table Tennis Singles, Men",NA
1504859,Jang Wang,M,33,183.0,73.0,SVK,SVK,2024 Summer,2024,Summer,Paris,Table Tennis,"Table Tennis Singles, Men",NA
1504860,Vicky Wu,M,19,NA,NA,FIJ,FIJ,2024 Summer,2024,Summer,Paris,Table Tennis,"Table Tennis Singles, Men",NA
1504861,Yaroslav Zhmudenko,M,35,175.0,70.0,UKR,UKR,2024 Summer,2024,Summer,Paris,Table Tennis,"Table Tennis Singles, Men",NA
1504862,Zaid Abo Yaman,M,31,NA,NA,JOR,JOR,2024 Summer,2024,Summer,Paris,Table Tennis,"Table Tennis Singles, Men",NA
1504863,Santoo Shrestha,M,24,NA,NA,NEP,NEP,2024 Summer,2024,Summer,Paris,Table Tennis,"Table Tennis Singles, Men",NA
1504864,Vladislav Ursu,M,23,178.0,NA,MDA,MDA,2024 Summer,2024,Summer,Paris,Table Tennis,"Table Tennis Singles, Men",NA
1504865,Fan Zhendong,M,27,172.0,76.0,,,2024 Summer,2024,Summer,Paris,Table Tennis,"Table Tennis Team, Men",NA
1504866,Ma Long,M,35,175.0,72.0,,,2024 Summer,2024,Summer,Paris,Table Tennis,"Table Tennis Team, Men",NA
1504867,Wang Chuqin,M,24,182.0,71.0,,,2024 Summer,2024,Summer,Paris,Table Tennis,"Table Tennis Team, Men",NA
1504868,Anton Källberg,M,26,183.0,73.0,,,2024 Summer,2024,Summer,Paris,Table Tennis,"Table Tennis Team, Men",NA
1504869,Kristian Karlsson,M,32,183.0,82.0,,,2024 Summer,2024,Summer,Paris,Table Tennis,"Table Tennis Team, Men",NA
1504870,Truls Möregårdh,M,22,180.0,NA,,,2024 Summer,2024,Summer,Paris,Table Tennis,"Table Tennis Team, Men",NA
1504871,Simon Gauzy,M,29,182.0,77.0,,,2024 Summer,2024,Summer,Paris,Table Tennis,"Table Tennis Team, Men",NA
1504872,Alexis Lebrun,M,20,NA,NA,,,2024 Summer,2024,Summer,Paris,Table Tennis,"Table Tennis Team, Men",NA
1504873,Félix Lebrun,M,17,NA,NA,,,2024 Summer,2024,Summer,Paris,Table Tennis,"Table Tennis Team, Men",NA
1504874,Tomokazu Harimoto,M,21,175.0,64.0,,,2024 Summer,2024,Summer,Paris,Table Tennis,"Table Tennis Team, Men",NA
1504875,Hiroto Shinozuka,M,20,165.0,NA,,,2024 Summer,2024,Summer,Paris,Table Tennis,"Table Tennis Team, Men",NA
1504876,Shunsuke Togami,M,22,170.0,63.0,,,2024 Summer,2024,Summer,Paris,Table Tennis,"Table Tennis Team, Men",NA
1504877,Hugo Calderano,M,28,182.0,74.0,,,2024 Summer,2024,Summer,Paris,Table Tennis,"Table Tennis Team, Men",NA
1504878,Vitor Ishiy,M,28,171.0,56.0,,,2024 Summer,2024,Summer,Paris,Table Tennis,"Table Tennis Team, Men",NA
1504879,Guilherme Teodoro,M,22,NA,NA,,,2024 Summer,2024,Summer,Paris,Table Tennis,"Table Tennis Team, Men",NA
1504880,Timo Boll,M,43,181.0,74.0,,,2024 Summer,2024,Summer,Paris,Table Tennis,"Table Tennis Team, Men",NA
1504881,Dimitrij Ovtcharov,M,35,186.0,78.0,,,2024 Summer,2024,Summer,Paris,Table Tennis,"Table Tennis Team, Men",NA
1504882,Dang Qiu,M,27,178.0,68.0,,,2024 Summer,2024,Summer,Paris,Table Tennis,"Table Tennis Team, Men",NA
1504883,Jo Dae-Seong,M,21,NA,NA,,,2024 Summer,2024,Summer,Paris,Table Tennis,"Table Tennis Team, Men",NA
1504884,Jang U-Jin,M,28,171.0,69.0,,,2024 Summer,2024,Summer,Paris,Table Tennis,"Table Tennis Team, Men",NA
1504885,Im Jong-Hun,M,27,NA,NA,,,2024 Summer,2024,Summer,Paris,Table Tennis,"Table Tennis Team, Men",NA
1504886,Chuang Chih-Yuan,M,43,166.0,60.0,,,2024 Summer,2024,Summer,Paris,Table Tennis,"Table Tennis Team, Men",NA
1504887,Kao Cheng-Jui,M,19,NA,NA,,,2024 Summer,2024,Summer,Paris,Table Tennis,"Table Tennis Team, Men",NA
1504888,Lin Yun-Ju,M,22,174.0,70.0,,,2024 Summer,2024,Summer,Paris,Table Tennis,"Table Tennis Team, Men",NA
1504889,Hwan Bae,M,19,NA,NA,,,2024 Summer,2024,Summer,Paris,Table Tennis,"Table Tennis Team, Men",NA
1504890,Nicholas Lum,M,19,NA,NA,,,2024 Summer,2024,Summer,Paris,Table Tennis,"Table Tennis Team, Men",NA
1504891,Finn Luu,M,19,NA,NA,,,2024 Summer,2024,Summer,Paris,Table Tennis,"Table Tennis Team, Men",NA
1504892,Jeremy Hazin,M,24,NA,NA,,,2024 Summer,2024,Summer,Paris,Table Tennis,"Table Tennis Team, Men",NA
1504893,Edward Ly,M,21,NA,NA,,,2024 Summer,2024,Summer,Paris,Table Tennis,"Table Tennis Team, Men",NA
1504894,Eugene Wang,M,38,174.0,80.0,,,2024 Summer,2024,Summer,Paris,Table Tennis,"Table Tennis Team, Men",NA
1504895,Andrej Gaćina,M,38,185.0,85.0,,,2024 Summer,2024,Summer,Paris,Table Tennis,"Table Tennis Team, Men",NA
1504896,Tomislav Pucar,M,28,197.0,88.0,,,2024 Summer,2024,Summer,Paris,Table Tennis,"Table Tennis Team, Men",NA
1504897,Filip Zeljko,M,27,185.0,73.0,,,2024 Summer,2024,Summer,Paris,Table Tennis,"Table Tennis Team, Men",NA
1504898,Martin Buch Andersen,M,23,192.0,78.0,,,2024 Summer,2024,Summer,Paris,Table Tennis,"Table Tennis Team, Men",NA
1504899,Jonathan Groth,M,31,184.0,75.0,,,2024 Summer,2024,Summer,Paris,Table Tennis,"Table Tennis Team, Men",NA
1504900,Anders Lind,M,25,183.0,69.0,,,2024 Summer,2024,Summer,Paris,Table Tennis,"Table Tennis Team, Men",NA
1504901,Youssef Abdel-Aziz,M,23,183.0,NA,,,2024 Summer,2024,Summer,Paris,Table Tennis,"Table Tennis Team, Men",NA
1504902,Khalid Assar,M,31,198.0,99.0,,,2024 Summer,2024,Summer,Paris,Table Tennis,"Table Tennis Team, Men",NA
1504903,Mohamed El-Beialy,M,36,NA,NA,,,2024 Summer,2024,Summer,Paris,Table Tennis,"Table Tennis Team, Men",NA
1504904,Sharath Kamal Achanta,M,42,186.0,85.0,,,2024 Summer,2024,Summer,Paris,Table Tennis,"Table Tennis Team, Men",NA
1504905,Harmeet Desai,M,30,170.0,65.0,,,2024 Summer,2024,Summer,Paris,Table Tennis,"Table Tennis Team, Men",NA
1504906,Manav Thakkar,M,24,177.0,54.0,,,2024 Summer,2024,Summer,Paris,Table Tennis,"Table Tennis Team, Men",NA
1504907,Tiago Apolónia,M,37,185.0,73.0,,,2024 Summer,2024,Summer,Paris,Table Tennis,"Table Tennis Team, Men",NA
1504908,Marcos Freitas,M,36,183.0,75.0,,,2024 Summer,2024,Summer,Paris,Table Tennis,"Table Tennis Team, Men",NA
1504909,João Geraldo,M,28,180.0,73.0,,,2024 Summer,2024,Summer,Paris,Table Tennis,"Table Tennis Team, Men",NA
1504910,Peter Hribar,M,24,178.0,NA,,,2024 Summer,2024,Summer,Paris,Table Tennis,"Table Tennis Team, Men",NA
1504911,Darko Jorgić,M,25,182.0,81.0,,,2024 Summer,2024,Summer,Paris,Table Tennis,"Table Tennis Team, Men",NA
1504912,Deni Kožul,M,27,182.0,73.0,,,2024 Summer,2024,Summer,Paris,Table Tennis,"Table Tennis Team, Men",NA
1504913,Chen Meng,F,30,NA,NA,CHN,CHN,2024 Summer,2024,Summer,Paris,Table Tennis,"Table Tennis Singles, Women",Gold
1504914,Sun Yingsha,F,23,NA,NA,CHN,CHN,2024 Summer,2024,Summer,Paris,Table Tennis,"Table Tennis Singles, Women",Silver
1504915,Hina Hayata,F,24,165.0,NA,JPN,JPN,2024 Summer,2024,Summer,Paris,Table Tennis,"Table Tennis Singles, Women",Bronze
1504916,Sin Yu-Bin,F,20,168.0,NA,KOR,KOR,2024 Summer,2024,Summer,Paris,Table Tennis,"Table Tennis Singles, Women",NA
1504917,Cheng I-Ching,F,32,162.0,52.0,TPE,TPE,2024 Summer,2024,Summer,Paris,Table Tennis,"Table Tennis Singles, Women",NA
1504918,Miu Hirano,F,24,157.0,NA,JPN,JPN,2024 Summer,2024,Summer,Paris,Table Tennis,"Table Tennis Singles, Women",NA
1504919,Sofia Polcanova,F,29,181.0,69.0,AUT,AUT,2024 Summer,2024,Summer,Paris,Table Tennis,"Table Tennis Singles, Women",NA
1504920,Pyon Song-Gyong,F,23,NA,NA,PRK,PRK,2024 Summer,2024,Summer,Paris,Table Tennis,"Table Tennis Singles, Women",NA
1504921,Sreeja Akula,F,25,155.0,NA,IND,IND,2024 Summer,2024,Summer,Paris,Table Tennis,"Table Tennis Singles, Women",NA
1504922,Natalia Bajor,F,27,168.0,NA,POL,POL,2024 Summer,2024,Summer,Paris,Table Tennis,"Table Tennis Singles, Women",NA
1504923,Manika Batra,F,29,179.0,63.0,IND,IND,2024 Summer,2024,Summer,Paris,Table Tennis,"Table Tennis Singles, Women",NA
1504924,Adriana Díaz,F,23,163.0,NA,PUR,PUR,2024 Summer,2024,Summer,Paris,Table Tennis,"Table Tennis Singles, Women",NA
1504925,Britt Eerland,F,30,168.0,62.0,NED,NED,2024 Summer,2024,Summer,Paris,Table Tennis,"Table Tennis Singles, Women",NA
1504926,Bernadette Szőcs,F,29,159.0,48.0,ROU,ROU,2024 Summer,2024,Summer,Paris,Table Tennis,"Table Tennis Singles, Women",NA
1504927,Jia Nan Yuan,F,39,NA,NA,FRA,FRA,2024 Summer,2024,Summer,Paris,Table Tennis,"Table Tennis Singles, Women",NA
1504928,Lily Zhang,F,28,166.0,58.0,USA,USA,2024 Summer,2024,Summer,Paris,Table Tennis,"Table Tennis Singles, Women",NA
1504929,Xia Lian Ni,F,61,157.0,58.0,LUX,LUX,2024 Summer,2024,Summer,Paris,Table Tennis,"Table Tennis Singles, Women",NA
1504930,Zeng Jian,F,27,159.0,NA,SGP,SGP,2024 Summer,2024,Summer,Paris,Table Tennis,"Table Tennis Singles, Women",NA
1504931,Fu Yu,F,45,170.0,65.0,POR,POR,2024 Summer,2024,Summer,Paris,Table Tennis,"Table Tennis Singles, Women",NA
1504932,Eliza Samara,F,35,171.0,56.0,ROU,ROU,2024 Summer,2024,Summer,Paris,Table Tennis,"Table Tennis Singles, Women",NA
1504933,Amy Wang,F,21,168.0,NA,USA,USA,2024 Summer,2024,Summer,Paris,Table Tennis,"Table Tennis Singles, Women",NA
1504934,Nina Mittelham,F,27,164.0,62.0,GER,GER,2024 Summer,2024,Summer,Paris,Table Tennis,"Table Tennis Singles, Women",NA
1504935,Mo Zhang,F,35,173.0,57.0,CAN,CAN,2024 Summer,2024,Summer,Paris,Table Tennis,"Table Tennis Singles, Women",NA
1504936,Dina Meshref,F,30,166.0,59.0,EGY,EGY,2024 Summer,2024,Summer,Paris,Table Tennis,"Table Tennis Singles, Women",NA
1504937,Georgina Póta,F,39,173.0,63.0,HUN,HUN,2024 Summer,2024,Summer,Paris,Table Tennis,"Table Tennis Singles, Women",NA
1504938,Bruna Takahashi,F,23,168.0,55.0,BRA,BRA,2024 Summer,2024,Summer,Paris,Table Tennis,"Table Tennis Singles, Women",NA
1504939,Prithika Pavade,F,19,NA,NA,FRA,FRA,2024 Summer,2024,Summer,Paris,Table Tennis,"Table Tennis Singles, Women",NA
1504940,Zhu Cheng Zhu,F,27,165.0,NA,HKG,HKG,2024 Summer,2024,Summer,Paris,Table Tennis,"Table Tennis Singles, Women",NA
1504941,Marharyta Pesotska,F,32,175.0,68.0,UKR,UKR,2024 Summer,2024,Summer,Paris,Table Tennis,"Table Tennis Singles, Women",NA
1504942,Jieni Shao,F,30,169.0,79.0,POR,POR,2024 Summer,2024,Summer,Paris,Table Tennis,"Table Tennis Singles, Women",NA
1504943,Hana Matelová,F,34,160.0,53.0,CZE,CZE,2024 Summer,2024,Summer,Paris,Table Tennis,"Table Tennis Singles, Women",NA
1504944,Linda Bergström,F,29,NA,NA,SWE,SWE,2024 Summer,2024,Summer,Paris,Table Tennis,"Table Tennis Singles, Women",NA
1504945,Giulia Takahashi,F,19,NA,NA,BRA,BRA,2024 Summer,2024,Summer,Paris,Table Tennis,"Table Tennis Singles, Women",NA
1504946,Sibel Altınkaya,F,31,NA,NA,TUR,TUR,2024 Summer,2024,Summer,Paris,Table Tennis,"Table Tennis Singles, Women",NA
1504947,Ivana Malobabić,F,44,NA,NA,CRO,CRO,2024 Summer,2024,Summer,Paris,Table Tennis,"Table Tennis Singles, Women",NA
1504948,Stina Källberg,F,24,NA,NA,SWE,SWE,2024 Summer,2024,Summer,Paris,Table Tennis,"Table Tennis Singles, Women",NA
1504949,Jeon Ji-Hui,F,31,159.0,56.0,KOR,KOR,2024 Summer,2024,Summer,Paris,Table Tennis,"Table Tennis Singles, Women",NA
1504950,Suthasini Sawettabut,F,29,168.0,63.0,THA,THA,2024 Summer,2024,Summer,Paris,Table Tennis,"Table Tennis Singles, Women",NA
1504951,Solomiya Brateyko,F,25,166.0,NA,UKR,UKR,2024 Summer,2024,Summer,Paris,Table Tennis,"Table Tennis Singles, Women",NA
1504952,Sarah Hanffou,F,37,163.0,65.0,CMR,CMR,2024 Summer,2024,Summer,Paris,Table Tennis,"Table Tennis Singles, Women",NA
1504953,Izabela Lupulesku,F,24,NA,NA,SRB,SRB,2024 Summer,2024,Summer,Paris,Table Tennis,"Table Tennis Singles, Women",NA
1504954,Priscilla Tommy,F,33,171.0,65.0,VAN,VAN,2024 Summer,2024,Summer,Paris,Table Tennis,"Table Tennis Singles, Women",NA
1504955,Doo Hoi Kem,F,27,166.0,60.0,HKG,HKG,2024 Summer,2024,Summer,Paris,Table Tennis,"Table Tennis Singles, Women",NA
1504956,Min-Hyung Jee,F,37,NA,NA,AUS,AUS,2024 Summer,2024,Summer,Paris,Table Tennis,"Table Tennis Singles, Women",NA
1504957,Fatimo Bello,F,26,NA,NA,NGR,NGR,2024 Summer,2024,Summer,Paris,Table Tennis,"Table Tennis Singles, Women",NA
1504958,María Paulina Vega,F,40,157.0,57.0,CHI,CHI,2024 Summer,2024,Summer,Paris,Table Tennis,"Table Tennis Singles, Women",NA
1504959,María Xiao,F,30,NA,NA,ESP,ESP,2024 Summer,2024,Summer,Paris,Table Tennis,"Table Tennis Singles, Women",NA
1504960,Debora Vivarelli,F,31,163.0,NA,ITA,ITA,2024 Summer,2024,Summer,Paris,Table Tennis,"Table Tennis Singles, Women",NA
1504961,Melissa Tapper,F,34,166.0,65.0,AUS,AUS,2024 Summer,2024,Summer,Paris,Table Tennis,"Table Tennis Singles, Women",NA
1504962,Xiaona Shan,F,41,165.0,54.0,GER,GER,2024 Summer,2024,Summer,Paris,Table Tennis,"Table Tennis Singles, Women",NA
1504963,Mariana Sahakian,F,46,155.0,52.0,LBN,LBN,2024 Summer,2024,Summer,Paris,Table Tennis,"Table Tennis Singles, Women",NA
1504964,Edem Offiong,F,37,170.0,70.0,NGR,NGR,2024 Summer,2024,Summer,Paris,Table Tennis,"Table Tennis Singles, Women",NA
1504965,Neda Shahsavari,F,37,167.0,62.0,IRI,IRI,2024 Summer,2024,Summer,Paris,Table Tennis,"Table Tennis Singles, Women",NA
1504966,Anna Hursey,F,18,NA,NA,GBR,GBR,2024 Summer,2024,Summer,Paris,Table Tennis,"Table Tennis Singles, Women",NA
1504967,Chien Tung-Chuan,F,22,NA,NA,TPE,TPE,2024 Summer,2024,Summer,Paris,Table Tennis,"Table Tennis Singles, Women",NA
1504968,Giorgia Piccolin,F,28,NA,NA,ITA,ITA,2024 Summer,2024,Summer,Paris,Table Tennis,"Table Tennis Singles, Women",NA
1504969,Zhou Jingyi,F,19,NA,NA,SGP,SGP,2024 Summer,2024,Summer,Paris,Table Tennis,"Table Tennis Singles, Women",NA
1504970,Orawan Paranang,F,26,152.0,45.0,THA,THA,2024 Summer,2024,Summer,Paris,Table Tennis,"Table Tennis Singles, Women",NA
1504971,Sarah de Nutte,F,31,166.0,50.0,LUX,LUX,2024 Summer,2024,Summer,Paris,Table Tennis,"Table Tennis Singles, Women",NA
1504972,Arantxa Cossio,F,20,NA,NA,MEX,MEX,2024 Summer,2024,Summer,Paris,Table Tennis,"Table Tennis Singles, Women",NA
1504973,Xiaoxin Yang,F,36,155.0,48.0,MON,MON,2024 Summer,2024,Summer,Paris,Table Tennis,"Table Tennis Singles, Women",NA
1504974,Hana Goda,F,16,NA,NA,EGY,EGY,2024 Summer,2024,Summer,Paris,Table Tennis,"Table Tennis Singles, Women",NA
1504975,Katarzyna Wegrzyn,F,23,NA,NA,POL,POL,2024 Summer,2024,Summer,Paris,Table Tennis,"Table Tennis Singles, Women",NA
1504976,Lynda Loghraibi,F,27,NA,NA,ALG,ALG,2024 Summer,2024,Summer,Paris,Table Tennis,"Table Tennis Singles, Women",NA
1504977,Chelsea Edghill,F,27,177.0,62.0,GUY,GUY,2024 Summer,2024,Summer,Paris,Table Tennis,"Table Tennis Singles, Women",NA
1504978,Tania Zeng,F,57,NA,NA,CHI,CHI,2024 Summer,2024,Summer,Paris,Table Tennis,"Table Tennis Singles, Women",NA
1504979,Fathimath Ali,F,16,167.0,52.0,MDV,MDV,2024 Summer,2024,Summer,Paris,Table Tennis,"Table Tennis Singles, Women",NA
1504980,Chen Meng,F,30,NA,NA,,,2024 Summer,2024,Summer,Paris,Table Tennis,"Table Tennis Team, Women",NA
1504981,Sun Yingsha,F,23,NA,NA,,,2024 Summer,2024,Summer,Paris,Table Tennis,"Table Tennis Team, Women",NA
1504982,Wang Manyu,F,25,NA,NA,,,2024 Summer,2024,Summer,Paris,Table Tennis,"Table Tennis Team, Women",NA
1504983,Miwa Harimoto,F,16,162.0,53.0,,,2024 Summer,2024,Summer,Paris,Table Tennis,"Table Tennis Team, Women",NA
1504984,Hina Hayata,F,24,165.0,NA,,,2024 Summer,2024,Summer,Paris,Table Tennis,"Table Tennis Team, Women",NA
1504985,Miu Hirano,F,24,157.0,NA,,,2024 Summer,2024,Summer,Paris,Table Tennis,"Table Tennis Team, Women",NA
1504986,Jeon Ji-Hui,F,31,159.0,56.0,,,2024 Summer,2024,Summer,Paris,Table Tennis,"Table Tennis Team, Women",NA
1504987,Lee Eun-Hye,F,29,170.0,NA,,,2024 Summer,2024,Summer,Paris,Table Tennis,"Table Tennis Team, Women",NA
1504988,Sin Yu-Bin,F,20,168.0,NA,,,2024 Summer,2024,Summer,Paris,Table Tennis,"Table Tennis Team, Women",NA
1504989,Annett Kaufmann,F,18,183.0,NA,,,2024 Summer,2024,Summer,Paris,Table Tennis,"Table Tennis Team, Women",NA
1504990,Xiaona Shan,F,41,165.0,54.0,,,2024 Summer,2024,Summer,Paris,Table Tennis,"Table Tennis Team, Women",NA
1504991,Yuan Wan,F,27,NA,NA,,,2024 Summer,2024,Summer,Paris,Table Tennis,"Table Tennis Team, Women",NA
1504992,Sreeja Akula,F,25,155.0,NA,,,2024 Summer,2024,Summer,Paris,Table Tennis,"Table Tennis Team, Women",NA
1504993,Manika Batra,F,29,179.0,63.0,,,2024 Summer,2024,Summer,Paris,Table Tennis,"Table Tennis Team, Women",NA
1504994,Archana Kamath,F,24,165.0,NA,,,2024 Summer,2024,Summer,Paris,Table Tennis,"Table Tennis Team, Women",NA
1504995,Filippa Bergand,F,25,NA,NA,,,2024 Summer,2024,Summer,Paris,Table Tennis,"Table Tennis Team, Women",NA
1504996,Linda Bergström,F,29,NA,NA,,,2024 Summer,2024,Summer,Paris,Table Tennis,"Table Tennis Team, Women",NA
1504997,Stina Källberg,F,24,NA,NA,,,2024 Summer,2024,Summer,Paris,Table Tennis,"Table Tennis Team, Women",NA
1504998,Orawan Paranang,F,26,152.0,45.0,,,2024 Summer,2024,Summer,Paris,Table Tennis,"Table Tennis Team, Women",NA
1504999,Jinnipa Sawettabut,F,24,165.0,NA,,,2024 Summer,2024,Summer,Paris,Table Tennis,"Table Tennis Team, Women",NA
1505000,Suthasini Sawettabut,F,29,168.0,63.0,,,2024 Summer,2024,Summer,Paris,Table Tennis,"Table Tennis Team, Women",NA
1505001,Chen Szu-Yu,F,30,162.0,58.0,,,2024 Summer,2024,Summer,Paris,Table Tennis,"Table Tennis Team, Women",NA
1505002,Cheng I-Ching,F,32,162.0,52.0,,,2024 Summer,2024,Summer,Paris,Table Tennis,"Table Tennis Team, Women",NA
1505003,Chien Tung-Chuan,F,22,NA,NA,,,2024 Summer,2024,Summer,Paris,Table Tennis,"Table Tennis Team, Women",NA
1505004,Michelle Bromley,F,36,163.0,58.0,,,2024 Summer,2024,Summer,Paris,Table Tennis,"Table Tennis Team, Women",NA
1505005,Min-Hyung Jee,F,37,NA,NA,,,2024 Summer,2024,Summer,Paris,Table Tennis,"Table Tennis Team, Women",NA
1505006,Melissa Tapper,F,34,166.0,65.0,,,2024 Summer,2024,Summer,Paris,Table Tennis,"Table Tennis Team, Women",NA
1505007,Bruna Alexandre,F,29,NA,NA,,,2024 Summer,2024,Summer,Paris,Table Tennis,"Table Tennis Team, Women",NA
1505008,Bruna Takahashi,F,23,168.0,55.0,,,2024 Summer,2024,Summer,Paris,Table Tennis,"Table Tennis Team, Women",NA
1505009,Giulia Takahashi,F,19,NA,NA,,,2024 Summer,2024,Summer,Paris,Table Tennis,"Table Tennis Team, Women",NA
1505010,Marwa Al-Hodaby,F,24,NA,NA,,,2024 Summer,2024,Summer,Paris,Table Tennis,"Table Tennis Team, Women",NA
1505011,Hana Goda,F,16,NA,NA,,,2024 Summer,2024,Summer,Paris,Table Tennis,"Table Tennis Team, Women",NA
1505012,Dina Meshref,F,30,166.0,59.0,,,2024 Summer,2024,Summer,Paris,Table Tennis,"Table Tennis Team, Women",NA
1505013,Charlotte Lutz,F,19,NA,NA,,,2024 Summer,2024,Summer,Paris,Table Tennis,"Table Tennis Team, Women",NA
1505014,Prithika Pavade,F,19,NA,NA,,,2024 Summer,2024,Summer,Paris,Table Tennis,"Table Tennis Team, Women",NA
1505015,Jia Nan Yuan,F,39,NA,NA,,,2024 Summer,2024,Summer,Paris,Table Tennis,"Table Tennis Team, Women",NA
1505016,Doo Hoi Kem,F,27,166.0,60.0,,,2024 Summer,2024,Summer,Paris,Table Tennis,"Table Tennis Team, Women",NA
1505017,Lee Ho Ching,F,31,159.0,54.0,,,2024 Summer,2024,Summer,Paris,Table Tennis,"Table Tennis Team, Women",NA
1505018,Zhu Cheng Zhu,F,27,165.0,NA,,,2024 Summer,2024,Summer,Paris,Table Tennis,"Table Tennis Team, Women",NA
1505019,Natalia Bajor,F,27,168.0,NA,,,2024 Summer,2024,Summer,Paris,Table Tennis,"Table Tennis Team, Women",NA
1505020,Anna Węgrzyn,F,23,157.0,NA,,,2024 Summer,2024,Summer,Paris,Table Tennis,"Table Tennis Team, Women",NA
1505021,Zuzanna Wielgos,F,18,NA,NA,,,2024 Summer,2024,Summer,Paris,Table Tennis,"Table Tennis Team, Women",NA
1505022,Adina Diaconu,F,24,177.0,NA,,,2024 Summer,2024,Summer,Paris,Table Tennis,"Table Tennis Team, Women",NA
1505023,Eliza Samara,F,35,171.0,56.0,,,2024 Summer,2024,Summer,Paris,Table Tennis,"Table Tennis Team, Women",NA
1505024,Bernadette Szőcs,F,29,159.0,48.0,,,2024 Summer,2024,Summer,Paris,Table Tennis,"Table Tennis Team, Women",NA
1505025,Rachel Sung,F,20,NA,NA,,,2024 Summer,2024,Summer,Paris,Table Tennis,"Table Tennis Team, Women",NA
1505026,Amy Wang,F,21,168.0,NA,,,2024 Summer,2024,Summer,Paris,Table Tennis,"Table Tennis Team, Women",NA
1505027,Lily Zhang,F,28,166.0,58.0,,,2024 Summer,2024,Summer,Paris,Table Tennis,"Table Tennis Team, Women",NA
1505028,Wang Chuqin,M,24,182.0,71.0,,,2024 Summer,2024,Summer,Paris,Table Tennis,"Table Tennis Doubles, Mixed",NA
1505029,Sun Yingsha,F,23,NA,NA,,,2024 Summer,2024,Summer,Paris,Table Tennis,"Table Tennis Doubles, Mixed",NA
1505030,Ri Jong-Sik,M,24,NA,NA,,,2024 Summer,2024,Summer,Paris,Table Tennis,"Table Tennis Doubles, Mixed",NA
1505031,Kim Kum-Yong,F,22,NA,NA,,,2024 Summer,2024,Summer,Paris,Table Tennis,"Table Tennis Doubles, Mixed",NA
1505032,Im Jong-Hun,M,27,NA,NA,,,2024 Summer,2024,Summer,Paris,Table Tennis,"Table Tennis Doubles, Mixed",NA
1505033,Sin Yu-Bin,F,20,168.0,NA,,,2024 Summer,2024,Summer,Paris,Table Tennis,"Table Tennis Doubles, Mixed",NA
1505034,Wong Chun Ting,M,32,170.0,70.0,,,2024 Summer,2024,Summer,Paris,Table Tennis,"Table Tennis Doubles, Mixed",NA
1505035,Doo Hoi Kem,F,27,166.0,60.0,,,2024 Summer,2024,Summer,Paris,Table Tennis,"Table Tennis Doubles, Mixed",NA
1505036,Álvaro Robles,M,33,188.0,80.0,,,2024 Summer,2024,Summer,Paris,Table Tennis,"Table Tennis Doubles, Mixed",NA
1505037,María Xiao,F,30,NA,NA,,,2024 Summer,2024,Summer,Paris,Table Tennis,"Table Tennis Doubles, Mixed",NA
1505038,Ovidiu Ionescu,M,35,182.0,72.0,,,2024 Summer,2024,Summer,Paris,Table Tennis,"Table Tennis Doubles, Mixed",NA
1505039,Bernadette Szőcs,F,29,159.0,48.0,,,2024 Summer,2024,Summer,Paris,Table Tennis,"Table Tennis Doubles, Mixed",NA
1505040,Stina Källberg,F,24,NA,NA,,,2024 Summer,2024,Summer,Paris,Table Tennis,"Table Tennis Doubles, Mixed",NA
1505041,Kristian Karlsson,M,32,183.0,82.0,,,2024 Summer,2024,Summer,Paris,Table Tennis,"Table Tennis Doubles, Mixed",NA
1505042,Lin Yun-Ju,M,22,174.0,70.0,,,2024 Summer,2024,Summer,Paris,Table Tennis,"Table Tennis Doubles, Mixed",NA
1505043,Chen Szu-Yu,F,30,162.0,58.0,,,2024 Summer,2024,Summer,Paris,Table Tennis,"Table Tennis Doubles, Mixed",NA
1505044,Nicholas Lum,M,19,NA,NA,,,2024 Summer,2024,Summer,Paris,Table Tennis,"Table Tennis Doubles, Mixed",NA
1505045,Min-Hyung Jee,F,37,NA,NA,,,2024 Summer,2024,Summer,Paris,Table Tennis,"Table Tennis Doubles, Mixed",NA
1505046,Vitor Ishiy,M,28,171.0,56.0,,,2024 Summer,2024,Summer,Paris,Table Tennis,"Table Tennis Doubles, Mixed",NA
1505047,Bruna Takahashi,F,23,168.0,55.0,,,2024 Summer,2024,Summer,Paris,Table Tennis,"Table Tennis Doubles, Mixed",NA
1505048,Jorge Campos,M,32,184.0,77.0,,,2024 Summer,2024,Summer,Paris,Table Tennis,"Table Tennis Doubles, Mixed",NA
1505049,Daniela Fonseca,F,21,NA,NA,,,2024 Summer,2024,Summer,Paris,Table Tennis,"Table Tennis Doubles, Mixed",NA
1505050,Omar Assar,M,32,196.0,93.0,,,2024 Summer,2024,Summer,Paris,Table Tennis,"Table Tennis Doubles, Mixed",NA
1505051,Dina Meshref,F,30,166.0,59.0,,,2024 Summer,2024,Summer,Paris,Table Tennis,"Table Tennis Doubles, Mixed",NA
1505052,Alexis Lebrun,M,20,NA,NA,,,2024 Summer,2024,Summer,Paris,Table Tennis,"Table Tennis Doubles, Mixed",NA
1505053,Jia Nan Yuan,F,39,NA,NA,,,2024 Summer,2024,Summer,Paris,Table Tennis,"Table Tennis Doubles, Mixed",NA
1505054,Dang Qiu,M,27,178.0,68.0,,,2024 Summer,2024,Summer,Paris,Table Tennis,"Table Tennis Doubles, Mixed",NA
1505055,Nina Mittelham,F,27,164.0,62.0,,,2024 Summer,2024,Summer,Paris,Table Tennis,"Table Tennis Doubles, Mixed",NA
1505056,Nándor Ecseki,M,27,NA,NA,,,2024 Summer,2024,Summer,Paris,Table Tennis,"Table Tennis Doubles, Mixed",NA
1505057,Dóra Madarász,F,30,NA,NA,,,2024 Summer,2024,Summer,Paris,Table Tennis,"Table Tennis Doubles, Mixed",NA
1505058,Tomokazu Harimoto,M,21,175.0,64.0,,,2024 Summer,2024,Summer,Paris,Table Tennis,"Table Tennis Doubles, Mixed",NA
1505059,Hina Hayata,F,24,165.0,NA,,,2024 Summer,2024,Summer,Paris,Table Tennis,"Table Tennis Doubles, Mixed",NA
1505060,Julien Mertine,M,32,185.0,80.0,,,2020 Summer,2020,Summer,Tokyo,Fencing,"Fencing Foil, Team, Men",NA
1505061,Enzo Lefort,M,28,190.0,80.0,,,2020 Summer,2020,Summer,Tokyo,Fencing,"Fencing Foil, Team, Men",NA
1505062,Maxime Pauty,M,27,NA,NA,,,2020 Summer,2020,Summer,Tokyo,Fencing,"Fencing Foil, Team, Men",NA
1505063,Erwann Le Péchoux,M,38,171.0,65.0,,,2020 Summer,2020,Summer,Tokyo,Fencing,"Fencing Foil, Team, Men",NA
1505064,Kirill Borodachov,M,20,NA,NA,,,2020 Summer,2020,Summer,Tokyo,Fencing,"Fencing Foil, Team, Men",NA
1505065,Vladislav Mylnikov,M,19,NA,NA,,,2020 Summer,2020,Summer,Tokyo,Fencing,"Fencing Foil, Team, Men",NA
1505066,Anton Borodachov,M,20,NA,NA,,,2020 Summer,2020,Summer,Tokyo,Fencing,"Fencing Foil, Team, Men",NA
1505067,Timur Safin,M,27,182.0,82.0,,,2020 Summer,2020,Summer,Tokyo,Fencing,"Fencing Foil, Team, Men",NA
1505068,Alexander Massialas,M,26,188.0,81.0,,,2020 Summer,2020,Summer,Tokyo,Fencing,"Fencing Foil, Team, Men",NA
1505069,Nick Itkin,M,20,NA,NA,,,2020 Summer,2020,Summer,Tokyo,Fencing,"Fencing Foil, Team, Men",NA
1505070,Gerek Meinhardt,M,29,183.0,80.0,,,2020 Summer,2020,Summer,Tokyo,Fencing,"Fencing Foil, Team, Men",NA
1505071,Race Imboden,M,27,185.0,75.0,,,2020 Summer,2020,Summer,Tokyo,Fencing,"Fencing Foil, Team, Men",NA
1505072,Kyosuke Matsuyama,M,23,NA,NA,,,2020 Summer,2020,Summer,Tokyo,Fencing,"Fencing Foil, Team, Men",NA
1505073,Toshiya Saito,M,23,NA,NA,,,2020 Summer,2020,Summer,Tokyo,Fencing,"Fencing Foil, Team, Men",NA
1505074,Takahiro Shikine,M,22,NA,NA,,,2020 Summer,2020,Summer,Tokyo,Fencing,"Fencing Foil, Team, Men",NA
1505075,Yudai Nagano,M,21,NA,NA,,,2020 Summer,2020,Summer,Tokyo,Fencing,"Fencing Foil, Team, Men",NA
1505076,Alessio Foconi,M,30,NA,NA,,,2020 Summer,2020,Summer,Tokyo,Fencing,"Fencing Foil, Team, Men",NA
1505077,Daniele Garozzo,M,27,177.0,65.0,,,2020 Summer,2020,Summer,Tokyo,Fencing,"Fencing Foil, Team, Men",NA
1505078,Giorgio Avola,M,31,178.0,72.0,,,2020 Summer,2020,Summer,Tokyo,Fencing,"Fencing Foil, Team, Men",NA
1505079,Andrea Cassarà,M,36,193.0,93.0,,,2020 Summer,2020,Summer,Tokyo,Fencing,"Fencing Foil, Team, Men",NA
1505080,André Sanità,M,28,NA,NA,,,2020 Summer,2020,Summer,Tokyo,Fencing,"Fencing Foil, Team, Men",NA
1505081,Peter Joppich,M,37,176.0,68.0,,,2020 Summer,2020,Summer,Tokyo,Fencing,"Fencing Foil, Team, Men",NA
1505082,Benjamin Kleibrink,M,34,174.0,65.0,,,2020 Summer,2020,Summer,Tokyo,Fencing,"Fencing Foil, Team, Men",NA
1505083,Luis Klein,M,21,NA,NA,,,2020 Summer,2020,Summer,Tokyo,Fencing,"Fencing Foil, Team, Men",NA
1505084,Ryan Choi,M,22,NA,NA,,,2020 Summer,2020,Summer,Tokyo,Fencing,"Fencing Foil, Team, Men",NA
1505085,Edgar Cheung,M,23,181.0,68.0,,,2020 Summer,2020,Summer,Tokyo,Fencing,"Fencing Foil, Team, Men",NA
1505086,Cheung Siu Lun,M,34,NA,NA,,,2020 Summer,2020,Summer,Tokyo,Fencing,"Fencing Foil, Team, Men",NA
1505087,Lawrence Ng,M,20,NA,NA,,,2020 Summer,2020,Summer,Tokyo,Fencing,"Fencing Foil, Team, Men",NA
1505088,Alaaeldin Abouelkassem,M,29,188.0,87.0,,,2020 Summer,2020,Summer,Tokyo,Fencing,"Fencing Foil, Team, Men",NA
1505089,Mohamed Hassan,M,23,172.0,72.0,,,2020 Summer,2020,Summer,Tokyo,Fencing,"Fencing Foil, Team, Men",NA
1505090,Mohamed Hamza,M,19,172.0,62.0,,,2020 Summer,2020,Summer,Tokyo,Fencing,"Fencing Foil, Team, Men",NA
1505091,Youssef Sanaa,M,20,NA,NA,,,2020 Summer,2020,Summer,Tokyo,Fencing,"Fencing Foil, Team, Men",NA
1505092,Maximilien Van Haaster,M,28,185.0,88.0,,,2020 Summer,2020,Summer,Tokyo,Fencing,"Fencing Foil, Team, Men",NA
1505093,Alex Cai,M,19,NA,NA,,,2020 Summer,2020,Summer,Tokyo,Fencing,"Fencing Foil, Team, Men",NA
1505094,Blake Broszus,M,19,NA,NA,,,2020 Summer,2020,Summer,Tokyo,Fencing,"Fencing Foil, Team, Men",NA
1505095,Koki Kano,M,22,NA,NA,,,2020 Summer,2020,Summer,Tokyo,Fencing,"Fencing Épée, Team, Men",NA
1505096,Masaru Yamada,M,26,NA,NA,,,2020 Summer,2020,Summer,Tokyo,Fencing,"Fencing Épée, Team, Men",NA
1505097,Kazuyasu Minobe,M,33,177.0,75.0,,,2020 Summer,2020,Summer,Tokyo,Fencing,"Fencing Épée, Team, Men",NA
1505098,Satoru Uyama,M,28,NA,NA,,,2020 Summer,2020,Summer,Tokyo,Fencing,"Fencing Épée, Team, Men",NA
1505099,Pavel Sukhov,M,32,179.0,75.0,,,2020 Summer,2020,Summer,Tokyo,Fencing,"Fencing Épée, Team, Men",NA
1505100,Sergey Bida,M,27,NA,NA,,,2020 Summer,2020,Summer,Tokyo,Fencing,"Fencing Épée, Team, Men",NA
1505101,Sergey Khodos,M,34,197.0,87.0,,,2020 Summer,2020,Summer,Tokyo,Fencing,"Fencing Épée, Team, Men",NA
1505102,Nikita Glazkov,M,28,NA,NA,,,2020 Summer,2020,Summer,Tokyo,Fencing,"Fencing Épée, Team, Men",NA
1505103,Park Sang-Yeong,M,24,177.0,73.0,,,2020 Summer,2020,Summer,Tokyo,Fencing,"Fencing Épée, Team, Men",NA
1505104,Gwon Yeong-Jun,M,33,NA,NA,,,2020 Summer,2020,Summer,Tokyo,Fencing,"Fencing Épée, Team, Men",NA
1505105,Ma Se-Geon,M,26,NA,NA,,,2020 Summer,2020,Summer,Tokyo,Fencing,"Fencing Épée, Team, Men",NA
1505106,Song Jae-Ho,M,30,NA,NA,,,2020 Summer,2020,Summer,Tokyo,Fencing,"Fencing Épée, Team, Men",NA
1505107,Dong Chao,M,32,NA,NA,,,2020 Summer,2020,Summer,Tokyo,Fencing,"Fencing Épée, Team, Men",NA
1505108,Lan Minghao,M,23,NA,NA,,,2020 Summer,2020,Summer,Tokyo,Fencing,"Fencing Épée, Team, Men",NA
1505109,Wang Zijie,M,24,NA,NA,,,2020 Summer,2020,Summer,Tokyo,Fencing,"Fencing Épée, Team, Men",NA
1505110,Shi Gaofeng,M,28,NA,NA,,,2020 Summer,2020,Summer,Tokyo,Fencing,"Fencing Épée, Team, Men",NA
1505111,Yannick Borel,M,31,197.0,100.0,,,2020 Summer,2020,Summer,Tokyo,Fencing,"Fencing Épée, Team, Men",NA
1505112,Romain Cannone,M,23,NA,NA,,,2020 Summer,2020,Summer,Tokyo,Fencing,"Fencing Épée, Team, Men",NA
1505113,Alexandre Bardenet,M,30,NA,NA,,,2020 Summer,2020,Summer,Tokyo,Fencing,"Fencing Épée, Team, Men",NA
1505114,Ronan Gustin,M,32,NA,NA,,,2020 Summer,2020,Summer,Tokyo,Fencing,"Fencing Épée, Team, Men",NA
1505115,Ihor Reizlin,M,36,NA,NA,,,2020 Summer,2020,Summer,Tokyo,Fencing,"Fencing Épée, Team, Men",NA
1505116,Bohdan Nikishyn,M,40,188.0,85.0,,,2020 Summer,2020,Summer,Tokyo,Fencing,"Fencing Épée, Team, Men",NA
1505117,Roman Svichkar,M,27,NA,NA,,,2020 Summer,2020,Summer,Tokyo,Fencing,"Fencing Épée, Team, Men",NA
1505118,Anatoliy Herei,M,31,186.0,75.0,,,2020 Summer,2020,Summer,Tokyo,Fencing,"Fencing Épée, Team, Men",NA
1505119,Marco Fichera,M,26,180.0,74.0,,,2020 Summer,2020,Summer,Tokyo,Fencing,"Fencing Épée, Team, Men",NA
1505120,Andrea Santarelli,M,27,184.0,76.0,,,2020 Summer,2020,Summer,Tokyo,Fencing,"Fencing Épée, Team, Men",NA
1505121,Enrico Garozzo,M,31,190.0,70.0,,,2020 Summer,2020,Summer,Tokyo,Fencing,"Fencing Épée, Team, Men",NA
1505122,Gabriele Cimini,M,26,NA,NA,,,2020 Summer,2020,Summer,Tokyo,Fencing,"Fencing Épée, Team, Men",NA
1505123,Max Heinzer,M,32,178.0,77.0,,,2020 Summer,2020,Summer,Tokyo,Fencing,"Fencing Épée, Team, Men",NA
1505124,Benjamin Steffen,M,38,189.0,78.0,,,2020 Summer,2020,Summer,Tokyo,Fencing,"Fencing Épée, Team, Men",NA
1505125,Michele Niggeler,M,28,NA,NA,,,2020 Summer,2020,Summer,Tokyo,Fencing,"Fencing Épée, Team, Men",NA
1505126,Lucas Malcotti,M,25,NA,NA,,,2020 Summer,2020,Summer,Tokyo,Fencing,"Fencing Épée, Team, Men",NA
1505127,Jake Hoyle,M,26,NA,NA,,,2020 Summer,2020,Summer,Tokyo,Fencing,"Fencing Épée, Team, Men",NA
1505128,Curtis McDowald,M,24,NA,NA,,,2020 Summer,2020,Summer,Tokyo,Fencing,"Fencing Épée, Team, Men",NA
1505129,Yeisser Ramirez,M,33,NA,NA,,,2020 Summer,2020,Summer,Tokyo,Fencing,"Fencing Épée, Team, Men",NA
1505130,Alen Hadzic,M,28,190.0,77.0,,,2020 Summer,2020,Summer,Tokyo,Fencing,"Fencing Épée, Team, Men",NA
1505131,Kim Jeong-Hwan,M,36,178.0,66.0,,,2020 Summer,2020,Summer,Tokyo,Fencing,"Fencing Sabre, Team, Men",NA
1505132,Oh Sang-Uk,M,23,NA,NA,,,2020 Summer,2020,Summer,Tokyo,Fencing,"Fencing Sabre, Team, Men",NA
1505133,Gu Bon-Gil,M,31,182.0,70.0,,,2020 Summer,2020,Summer,Tokyo,Fencing,"Fencing Sabre, Team, Men",NA
1505134,Kim Jun-Ho,M,26,NA,NA,,,2020 Summer,2020,Summer,Tokyo,Fencing,"Fencing Sabre, Team, Men",NA
1505135,Luca Curatoli,M,25,NA,NA,,,2020 Summer,2020,Summer,Tokyo,Fencing,"Fencing Sabre, Team, Men",NA
1505136,Luigi Samele,M,32,191.0,73.0,,,2020 Summer,2020,Summer,Tokyo,Fencing,"Fencing Sabre, Team, Men",NA
1505137,Enrico Berrè,M,27,NA,NA,,,2020 Summer,2020,Summer,Tokyo,Fencing,"Fencing Sabre, Team, Men",NA
1505138,Aldo Montano,M,41,184.0,82.0,,,2020 Summer,2020,Summer,Tokyo,Fencing,"Fencing Sabre, Team, Men",NA
1505139,András Szatmári,M,27,183.0,65.0,,,2020 Summer,2020,Summer,Tokyo,Fencing,"Fencing Sabre, Team, Men",NA
1505140,Áron Szilágyi,M,30,180.0,78.0,,,2020 Summer,2020,Summer,Tokyo,Fencing,"Fencing Sabre, Team, Men",NA
1505141,Tamás Decsi,M,37,178.0,82.0,,,2020 Summer,2020,Summer,Tokyo,Fencing,"Fencing Sabre, Team, Men",NA
1505142,Csanád Gémesi,M,33,NA,NA,,,2020 Summer,2020,Summer,Tokyo,Fencing,"Fencing Sabre, Team, Men",NA
1505143,Max Hartung,M,30,189.0,86.0,,,2020 Summer,2020,Summer,Tokyo,Fencing,"Fencing Sabre, Team, Men",NA
1505144,Matyas Szabo,M,28,183.0,82.0,,,2020 Summer,2020,Summer,Tokyo,Fencing,"Fencing Sabre, Team, Men",NA
1505145,Benedikt Wagner,M,30,191.0,90.0,,,2020 Summer,2020,Summer,Tokyo,Fencing,"Fencing Sabre, Team, Men",NA
1505146,Richard Hübers,M,27,NA,NA,,,2020 Summer,2020,Summer,Tokyo,Fencing,"Fencing Sabre, Team, Men",NA
1505147,Mohamed Amer,M,22,199.0,80.0,,,2020 Summer,2020,Summer,Tokyo,Fencing,"Fencing Sabre, Team, Men",NA
1505148,Ziad El-Sissy,M,25,173.0,60.0,,,2020 Summer,2020,Summer,Tokyo,Fencing,"Fencing Sabre, Team, Men",NA
1505149,Mohab Shawky,M,25,NA,NA,,,2020 Summer,2020,Summer,Tokyo,Fencing,"Fencing Sabre, Team, Men",NA
1505150,Medhat Moataz,M,19,NA,NA,,,2020 Summer,2020,Summer,Tokyo,Fencing,"Fencing Sabre, Team, Men",NA
1505151,Mohammad Rahbari,M,28,NA,NA,,,2020 Summer,2020,Summer,Tokyo,Fencing,"Fencing Sabre, Team, Men",NA
1505152,Ali Pakdaman,M,29,193.0,94.0,,,2020 Summer,2020,Summer,Tokyo,Fencing,"Fencing Sabre, Team, Men",NA
1505153,Mojtaba Abedini,M,35,180.0,83.0,,,2020 Summer,2020,Summer,Tokyo,Fencing,"Fencing Sabre, Team, Men",NA
1505154,Mohammad Fotouhi,M,29,NA,NA,,,2020 Summer,2020,Summer,Tokyo,Fencing,"Fencing Sabre, Team, Men",NA
1505155,Veniamin Reshetnikov,M,33,183.0,78.0,,,2020 Summer,2020,Summer,Tokyo,Fencing,"Fencing Sabre, Team, Men",NA
1505156,Kamil Ibragimov,M,26,NA,NA,,,2020 Summer,2020,Summer,Tokyo,Fencing,"Fencing Sabre, Team, Men",NA
1505157,Konstantin Lokhanov,M,21,NA,NA,,,2020 Summer,2020,Summer,Tokyo,Fencing,"Fencing Sabre, Team, Men",NA
1505158,Dmitry Danilenko,M,25,NA,NA,,,2020 Summer,2020,Summer,Tokyo,Fencing,"Fencing Sabre, Team, Men",NA
1505159,Eli Dershwitz,M,24,185.0,77.0,,,2020 Summer,2020,Summer,Tokyo,Fencing,"Fencing Sabre, Team, Men",NA
1505160,Andrew Mackiewicz,M,24,NA,NA,,,2020 Summer,2020,Summer,Tokyo,Fencing,"Fencing Sabre, Team, Men",NA
1505161,Daryl Homer,M,29,173.0,74.0,,,2020 Summer,2020,Summer,Tokyo,Fencing,"Fencing Sabre, Team, Men",NA
1505162,Khalil Thompson,M,23,NA,NA,,,2020 Summer,2020,Summer,Tokyo,Fencing,"Fencing Sabre, Team, Men",NA
1505163,Kaito Streets,M,26,NA,NA,,,2020 Summer,2020,Summer,Tokyo,Fencing,"Fencing Sabre, Team, Men",NA
1505164,Tomohiro Shimamura,M,36,NA,NA,,,2020 Summer,2020,Summer,Tokyo,Fencing,"Fencing Sabre, Team, Men",NA
1505165,Kento Yoshida,M,27,NA,NA,,,2020 Summer,2020,Summer,Tokyo,Fencing,"Fencing Sabre, Team, Men",NA
1505166,Kenta Tokunan,M,32,183.0,83.0,,,2020 Summer,2020,Summer,Tokyo,Fencing,"Fencing Sabre, Team, Men",NA
1505167,Larisa Korobeynikova,F,33,182.0,76.0,,,2020 Summer,2020,Summer,Tokyo,Fencing,"Fencing Foil, Team, Women",NA
1505168,Inna Deriglazova,F,30,173.0,61.0,,,2020 Summer,2020,Summer,Tokyo,Fencing,"Fencing Foil, Team, Women",NA
1505169,Adelina Zagidullina,F,27,NA,NA,,,2020 Summer,2020,Summer,Tokyo,Fencing,"Fencing Foil, Team, Women",NA
1505170,Marta Martyanova,F,21,NA,NA,,,2020 Summer,2020,Summer,Tokyo,Fencing,"Fencing Foil, Team, Women",NA
1505171,Ysaora Thibus,F,28,174.0,59.0,,,2020 Summer,2020,Summer,Tokyo,Fencing,"Fencing Foil, Team, Women",NA
1505172,Pauline Ranvier,F,26,NA,NA,,,2020 Summer,2020,Summer,Tokyo,Fencing,"Fencing Foil, Team, Women",NA
1505173,Anita Blaze,F,28,166.0,52.0,,,2020 Summer,2020,Summer,Tokyo,Fencing,"Fencing Foil, Team, Women",NA
1505174,Astrid Guyart,F,37,174.0,59.0,,,2020 Summer,2020,Summer,Tokyo,Fencing,"Fencing Foil, Team, Women",NA
1505175,Alice Volpi,F,28,NA,NA,,,2020 Summer,2020,Summer,Tokyo,Fencing,"Fencing Foil, Team, Women",NA
1505176,Arianna Errigo,F,32,180.0,68.0,,,2020 Summer,2020,Summer,Tokyo,Fencing,"Fencing Foil, Team, Women",NA
1505177,Martina Batini,F,31,NA,NA,,,2020 Summer,2020,Summer,Tokyo,Fencing,"Fencing Foil, Team, Women",NA
1505178,Erica Cipressa,F,24,NA,NA,,,2020 Summer,2020,Summer,Tokyo,Fencing,"Fencing Foil, Team, Women",NA
1505179,Lee Kiefer,F,26,163.0,49.0,,,2020 Summer,2020,Summer,Tokyo,Fencing,"Fencing Foil, Team, Women",NA
1505180,Jackie Dubrovich,F,25,175.0,66.0,,,2020 Summer,2020,Summer,Tokyo,Fencing,"Fencing Foil, Team, Women",NA
1505181,Nicole Ross,F,31,165.0,57.0,,,2020 Summer,2020,Summer,Tokyo,Fencing,"Fencing Foil, Team, Women",NA
1505182,Sabrina Massialas,F,23,NA,NA,,,2020 Summer,2020,Summer,Tokyo,Fencing,"Fencing Foil, Team, Women",NA
1505183,Jessica Guo,F,15,NA,NA,,,2020 Summer,2020,Summer,Tokyo,Fencing,"Fencing Foil, Team, Women",NA
1505184,Eleanor Harvey,F,25,172.0,56.0,,,2020 Summer,2020,Summer,Tokyo,Fencing,"Fencing Foil, Team, Women",NA
1505185,Kelleigh Ryan,F,33,NA,NA,,,2020 Summer,2020,Summer,Tokyo,Fencing,"Fencing Foil, Team, Women",NA
1505186,Alanna Goldie,F,26,NA,NA,,,2020 Summer,2020,Summer,Tokyo,Fencing,"Fencing Foil, Team, Women",NA
1505187,Rio Azuma,F,21,NA,NA,,,2020 Summer,2020,Summer,Tokyo,Fencing,"Fencing Foil, Team, Women",NA
1505188,Yuka Ueno,F,18,159.0,52.0,,,2020 Summer,2020,Summer,Tokyo,Fencing,"Fencing Foil, Team, Women",NA
1505189,Sera Azuma,F,20,NA,NA,,,2020 Summer,2020,Summer,Tokyo,Fencing,"Fencing Foil, Team, Women",NA
1505190,Sumire Tsuji,F,20,NA,NA,,,2020 Summer,2020,Summer,Tokyo,Fencing,"Fencing Foil, Team, Women",NA
1505191,Fanni Kreiss,F,31,NA,NA,,,2020 Summer,2020,Summer,Tokyo,Fencing,"Fencing Foil, Team, Women",NA
1505192,Kata Kondricz,F,21,NA,NA,,,2020 Summer,2020,Summer,Tokyo,Fencing,"Fencing Foil, Team, Women",NA
1505193,Flóra Pásztor,F,22,NA,NA,,,2020 Summer,2020,Summer,Tokyo,Fencing,"Fencing Foil, Team, Women",NA
1505194,Aida Mohamed,F,44,162.0,57.0,,,2020 Summer,2020,Summer,Tokyo,Fencing,"Fencing Foil, Team, Women",NA
1505195,Noura Mohamed,F,22,173.0,60.0,,,2020 Summer,2020,Summer,Tokyo,Fencing,"Fencing Foil, Team, Women",NA
1505196,Noha Hany,F,19,160.0,52.0,,,2020 Summer,2020,Summer,Tokyo,Fencing,"Fencing Foil, Team, Women",NA
1505197,Yara El-Sharkawy,F,21,NA,NA,,,2020 Summer,2020,Summer,Tokyo,Fencing,"Fencing Foil, Team, Women",NA
1505198,Mariam El-Zoheiry,F,20,NA,NA,,,2020 Summer,2020,Summer,Tokyo,Fencing,"Fencing Foil, Team, Women",NA
1505199,Julia Beljajeva,F,27,176.0,70.0,,,2020 Summer,2020,Summer,Tokyo,Fencing,"Fencing Épée, Team, Women",NA
1505200,Katrina Lehis,F,25,NA,NA,,,2020 Summer,2020,Summer,Tokyo,Fencing,"Fencing Épée, Team, Women",NA
1505201,Erika Kirpu,F,28,174.0,61.0,,,2020 Summer,2020,Summer,Tokyo,Fencing,"Fencing Épée, Team, Women",NA
1505202,Irina Embrich,F,40,170.0,54.0,,,2020 Summer,2020,Summer,Tokyo,Fencing,"Fencing Épée, Team, Women",NA
1505203,Choi In-Jeong,F,30,174.0,59.0,,,2020 Summer,2020,Summer,Tokyo,Fencing,"Fencing Épée, Team, Women",NA
1505204,Gang Yeong-Mi,F,35,164.0,63.0,,,2020 Summer,2020,Summer,Tokyo,Fencing,"Fencing Épée, Team, Women",NA
1505205,Song Se-Ra,F,26,NA,NA,,,2020 Summer,2020,Summer,Tokyo,Fencing,"Fencing Épée, Team, Women",NA
1505206,Lee Hye-In,F,25,NA,NA,,,2020 Summer,2020,Summer,Tokyo,Fencing,"Fencing Épée, Team, Women",NA
1505207,Rossella Fiamingo,F,29,167.0,50.0,,,2020 Summer,2020,Summer,Tokyo,Fencing,"Fencing Épée, Team, Women",NA
1505208,Federica Isola,F,20,NA,NA,,,2020 Summer,2020,Summer,Tokyo,Fencing,"Fencing Épée, Team, Women",NA
1505209,Mara Navarria,F,34,172.0,75.0,,,2020 Summer,2020,Summer,Tokyo,Fencing,"Fencing Épée, Team, Women",NA
1505210,Alberta Santuccio,F,25,170.0,60.0,,,2020 Summer,2020,Summer,Tokyo,Fencing,"Fencing Épée, Team, Women",NA
1505211,Zhu Mingye,F,28,NA,NA,,,2020 Summer,2020,Summer,Tokyo,Fencing,"Fencing Épée, Team, Women",NA
1505212,Xu Anqi,F,28,182.0,76.0,,,2020 Summer,2020,Summer,Tokyo,Fencing,"Fencing Épée, Team, Women",NA
1505213,Lin Sheng,F,26,175.0,63.0,,,2020 Summer,2020,Summer,Tokyo,Fencing,"Fencing Épée, Team, Women",NA
1505214,Sun Yiwen,F,28,177.0,63.0,,,2020 Summer,2020,Summer,Tokyo,Fencing,"Fencing Épée, Team, Women",NA
1505215,Kelley Hurley,F,32,175.0,75.0,,,2020 Summer,2020,Summer,Tokyo,Fencing,"Fencing Épée, Team, Women",NA
1505216,Kat Holmes,F,27,180.0,80.0,,,2020 Summer,2020,Summer,Tokyo,Fencing,"Fencing Épée, Team, Women",NA
1505217,Anna van Brummen,F,25,NA,NA,,,2020 Summer,2020,Summer,Tokyo,Fencing,"Fencing Épée, Team, Women",NA
1505218,Courtney Hurley,F,29,173.0,80.0,,,2020 Summer,2020,Summer,Tokyo,Fencing,"Fencing Épée, Team, Women",NA
1505219,Ewa Trzebińska,F,31,NA,NA,,,2020 Summer,2020,Summer,Tokyo,Fencing,"Fencing Épée, Team, Women",NA
1505220,Magdalena Piekarska-Twardochel,F,33,192.0,80.0,,,2020 Summer,2020,Summer,Tokyo,Fencing,"Fencing Épée, Team, Women",NA
1505221,Aleksandra Jarecka,F,24,NA,NA,,,2020 Summer,2020,Summer,Tokyo,Fencing,"Fencing Épée, Team, Women",NA
1505222,Renata Knapik-Miazga,F,32,NA,NA,,,2020 Summer,2020,Summer,Tokyo,Fencing,"Fencing Épée, Team, Women",NA
1505223,Kaylin Hsieh,F,19,169.0,65.0,,,2020 Summer,2020,Summer,Tokyo,Fencing,"Fencing Épée, Team, Women",NA
1505224,Vivian Kong,F,26,178.0,66.0,,,2020 Summer,2020,Summer,Tokyo,Fencing,"Fencing Épée, Team, Women",NA
1505225,Chu Ka Mong,F,25,NA,NA,,,2020 Summer,2020,Summer,Tokyo,Fencing,"Fencing Épée, Team, Women",NA
1505226,Coco Lin,F,25,NA,NA,,,2020 Summer,2020,Summer,Tokyo,Fencing,"Fencing Épée, Team, Women",NA
1505227,Violetta Khrapina,F,26,NA,NA,,,2020 Summer,2020,Summer,Tokyo,Fencing,"Fencing Épée, Team, Women",NA
1505228,Ayzanat Murtazayeva,F,18,NA,NA,,,2020 Summer,2020,Summer,Tokyo,Fencing,"Fencing Épée, Team, Women",NA
1505229,Yuliya Lichagina,F,26,NA,NA,,,2020 Summer,2020,Summer,Tokyo,Fencing,"Fencing Épée, Team, Women",NA
1505230,Violetta Kolobova,F,28,176.0,64.0,,,2020 Summer,2020,Summer,Tokyo,Fencing,"Fencing Épée, Team, Women",NA
1505231,Sofya Velikaya,F,35,175.0,70.0,,,2020 Summer,2020,Summer,Tokyo,Fencing,"Fencing Sabre, Team, Women",NA
1505232,Sofiya Pozdnyakova,F,23,NA,NA,,,2020 Summer,2020,Summer,Tokyo,Fencing,"Fencing Sabre, Team, Women",NA
1505233,Olga Nikitina,F,21,NA,NA,,,2020 Summer,2020,Summer,Tokyo,Fencing,"Fencing Sabre, Team, Women",NA
1505234,Svetlana Sheveleva,F,23,NA,NA,,,2020 Summer,2020,Summer,Tokyo,Fencing,"Fencing Sabre, Team, Women",NA
1505235,Manon Brunet,F,24,165.0,55.0,,,2020 Summer,2020,Summer,Tokyo,Fencing,"Fencing Sabre, Team, Women",NA
1505236,Cécilia Berder,F,30,171.0,65.0,,,2020 Summer,2020,Summer,Tokyo,Fencing,"Fencing Sabre, Team, Women",NA
1505237,Charlotte Lembach,F,32,164.0,57.0,,,2020 Summer,2020,Summer,Tokyo,Fencing,"Fencing Sabre, Team, Women",NA
1505238,Sara Balzer,F,25,NA,NA,,,2020 Summer,2020,Summer,Tokyo,Fencing,"Fencing Sabre, Team, Women",NA
1505239,Kim Ji-Yeon,F,32,165.0,56.0,,,2020 Summer,2020,Summer,Tokyo,Fencing,"Fencing Sabre, Team, Women",NA
1505240,Choi Su-Yeon,F,29,NA,NA,,,2020 Summer,2020,Summer,Tokyo,Fencing,"Fencing Sabre, Team, Women",NA
1505241,Yun Ji-Su,F,27,170.0,60.0,,,2020 Summer,2020,Summer,Tokyo,Fencing,"Fencing Sabre, Team, Women",NA
1505242,Seo Ji-Yeon,F,27,168.0,56.0,,,2020 Summer,2020,Summer,Tokyo,Fencing,"Fencing Sabre, Team, Women",NA
1505243,Rossella Gregorio,F,29,164.0,60.0,,,2020 Summer,2020,Summer,Tokyo,Fencing,"Fencing Sabre, Team, Women",NA
1505244,Martina Criscio,F,26,NA,NA,,,2020 Summer,2020,Summer,Tokyo,Fencing,"Fencing Sabre, Team, Women",NA
1505245,Irene Vecchi,F,31,170.0,56.0,,,2020 Summer,2020,Summer,Tokyo,Fencing,"Fencing Sabre, Team, Women",NA
1505246,Michela Battiston,F,22,NA,NA,,,2020 Summer,2020,Summer,Tokyo,Fencing,"Fencing Sabre, Team, Women",NA
1505247,Norika Tamura,F,29,NA,NA,,,2020 Summer,2020,Summer,Tokyo,Fencing,"Fencing Sabre, Team, Women",NA
1505248,Misaki Emura,F,21,NA,NA,,,2020 Summer,2020,Summer,Tokyo,Fencing,"Fencing Sabre, Team, Women",NA
1505249,Chika Aoki,F,30,158.0,54.0,,,2020 Summer,2020,Summer,Tokyo,Fencing,"Fencing Sabre, Team, Women",NA
1505250,Shihomi Fukushima,F,25,NA,NA,,,2020 Summer,2020,Summer,Tokyo,Fencing,"Fencing Sabre, Team, Women",NA
1505251,Mariel Zagunis,F,35,173.0,72.0,,,2020 Summer,2020,Summer,Tokyo,Fencing,"Fencing Sabre, Team, Women",NA
1505252,Eliza Stone,F,29,175.0,75.0,,,2020 Summer,2020,Summer,Tokyo,Fencing,"Fencing Sabre, Team, Women",NA
1505253,Dagmara Wozniak,F,32,173.0,81.0,,,2020 Summer,2020,Summer,Tokyo,Fencing,"Fencing Sabre, Team, Women",NA
1505254,Francesca Russo,F,24,NA,NA,,,2020 Summer,2020,Summer,Tokyo,Fencing,"Fencing Sabre, Team, Women",NA
1505255,Qian Jiarui,F,28,NA,NA,,,2020 Summer,2020,Summer,Tokyo,Fencing,"Fencing Sabre, Team, Women",NA
1505256,Shao Yaqi,F,23,NA,NA,,,2020 Summer,2020,Summer,Tokyo,Fencing,"Fencing Sabre, Team, Women",NA
1505257,Yang Hengyu,F,23,NA,NA,,,2020 Summer,2020,Summer,Tokyo,Fencing,"Fencing Sabre, Team, Women",NA
1505258,Guo Yiqi,F,23,NA,NA,,,2020 Summer,2020,Summer,Tokyo,Fencing,"Fencing Sabre, Team, Women",NA
1505259,Anna Márton,F,25,180.0,70.0,,,2020 Summer,2020,Summer,Tokyo,Fencing,"Fencing Sabre, Team, Women",NA
1505260,Liza Pusztai,F,19,170.0,57.0,,,2020 Summer,2020,Summer,Tokyo,Fencing,"Fencing Sabre, Team, Women",NA
1505261,Renáta Katona,F,25,NA,NA,,,2020 Summer,2020,Summer,Tokyo,Fencing,"Fencing Sabre, Team, Women",NA
1505262,Sugár Katinka Battai,F,17,NA,NA,,,2020 Summer,2020,Summer,Tokyo,Fencing,"Fencing Sabre, Team, Women",NA
1505263,Amira Ben Chaabane,F,30,175.0,61.0,,,2020 Summer,2020,Summer,Tokyo,Fencing,"Fencing Sabre, Team, Women",NA
1505264,Yasmine Daghfous,F,20,NA,NA,,,2020 Summer,2020,Summer,Tokyo,Fencing,"Fencing Sabre, Team, Women",NA
1505265,Nadia Ben Azizi,F,18,NA,NA,,,2020 Summer,2020,Summer,Tokyo,Fencing,"Fencing Sabre, Team, Women",NA
1505266,Olfa Hezami,F,19,NA,NA,,,2020 Summer,2020,Summer,Tokyo,Fencing,"Fencing Sabre, Team, Women",NA
1505267,Takahiro Shikine,M,26,NA,NA,,,2024 Summer,2024,Summer,Paris,Fencing,"Fencing Foil, Team, Men",NA
1505268,Kazuki Iimura,M,20,NA,NA,,,2024 Summer,2024,Summer,Paris,Fencing,"Fencing Foil, Team, Men",NA
1505269,Kyosuke Matsuyama,M,27,NA,NA,,,2024 Summer,2024,Summer,Paris,Fencing,"Fencing Foil, Team, Men",NA
1505270,Yudai Nagano,M,25,NA,NA,,,2024 Summer,2024,Summer,Paris,Fencing,"Fencing Foil, Team, Men",NA
1505271,Tommaso Marini,M,24,NA,NA,,,2024 Summer,2024,Summer,Paris,Fencing,"Fencing Foil, Team, Men",NA
1505272,Guillaume Bianchi,M,26,NA,NA,,,2024 Summer,2024,Summer,Paris,Fencing,"Fencing Foil, Team, Men",NA
1505273,Filippo Macchi,M,22,189.0,NA,,,2024 Summer,2024,Summer,Paris,Fencing,"Fencing Foil, Team, Men",NA
1505274,Alessio Foconi,M,34,NA,NA,,,2024 Summer,2024,Summer,Paris,Fencing,"Fencing Foil, Team, Men",NA
1505275,Enzo Lefort,M,32,190.0,80.0,,,2024 Summer,2024,Summer,Paris,Fencing,"Fencing Foil, Team, Men",NA
1505276,Maxime Pauty,M,31,NA,NA,,,2024 Summer,2024,Summer,Paris,Fencing,"Fencing Foil, Team, Men",NA
1505277,Maximilien Chastanet,M,28,NA,NA,,,2024 Summer,2024,Summer,Paris,Fencing,"Fencing Foil, Team, Men",NA
1505278,Julien Mertine,M,36,185.0,80.0,,,2024 Summer,2024,Summer,Paris,Fencing,"Fencing Foil, Team, Men",NA
1505279,Alexander Massialas,M,30,188.0,81.0,,,2024 Summer,2024,Summer,Paris,Fencing,"Fencing Foil, Team, Men",NA
1505280,Nick Itkin,M,24,NA,NA,,,2024 Summer,2024,Summer,Paris,Fencing,"Fencing Foil, Team, Men",NA
1505281,Miles Chamley-Watson,M,34,193.0,80.0,,,2024 Summer,2024,Summer,Paris,Fencing,"Fencing Foil, Team, Men",NA
1505282,Gerek Meinhardt,M,33,183.0,80.0,,,2024 Summer,2024,Summer,Paris,Fencing,"Fencing Foil, Team, Men",NA
1505283,Wu Bin,M,26,NA,NA,,,2024 Summer,2024,Summer,Paris,Fencing,"Fencing Foil, Team, Men",NA
1505284,Mo Ziwei,M,27,NA,NA,,,2024 Summer,2024,Summer,Paris,Fencing,"Fencing Foil, Team, Men",NA
1505285,Xu Jie,M,22,NA,NA,,,2024 Summer,2024,Summer,Paris,Fencing,"Fencing Foil, Team, Men",NA
1505286,Chen Haiwei,M,29,188.0,78.0,,,2024 Summer,2024,Summer,Paris,Fencing,"Fencing Foil, Team, Men",NA
1505287,Michał Siess,M,30,NA,NA,,,2024 Summer,2024,Summer,Paris,Fencing,"Fencing Foil, Team, Men",NA
1505288,Andrzej Rządkowski,M,27,NA,NA,,,2024 Summer,2024,Summer,Paris,Fencing,"Fencing Foil, Team, Men",NA
1505289,Jan Jurkiewicz,M,23,NA,NA,,,2024 Summer,2024,Summer,Paris,Fencing,"Fencing Foil, Team, Men",NA
1505290,Adrian Wojtkowiak,M,25,NA,NA,,,2024 Summer,2024,Summer,Paris,Fencing,"Fencing Foil, Team, Men",NA
1505291,Blake Broszus,M,23,NA,NA,,,2024 Summer,2024,Summer,Paris,Fencing,"Fencing Foil, Team, Men",NA
1505292,Bogdan Hamilton,M,20,NA,NA,,,2024 Summer,2024,Summer,Paris,Fencing,"Fencing Foil, Team, Men",NA
1505293,Maximilien Van Haaster,M,32,185.0,88.0,,,2024 Summer,2024,Summer,Paris,Fencing,"Fencing Foil, Team, Men",NA
1505294,Daniel Gu,M,26,NA,NA,,,2024 Summer,2024,Summer,Paris,Fencing,"Fencing Foil, Team, Men",NA
1505295,Abdelrahman Tolba,M,16,NA,NA,,,2024 Summer,2024,Summer,Paris,Fencing,"Fencing Foil, Team, Men",NA
1505296,Mohamed Hamza,M,23,172.0,62.0,,,2024 Summer,2024,Summer,Paris,Fencing,"Fencing Foil, Team, Men",NA
1505297,Mohamed Essam,M,29,180.0,74.0,,,2024 Summer,2024,Summer,Paris,Fencing,"Fencing Foil, Team, Men",NA
1505298,Alaaeldin Abouelkassem,M,33,188.0,87.0,,,2024 Summer,2024,Summer,Paris,Fencing,"Fencing Foil, Team, Men",NA
1505299,Gergely Siklósi,M,26,NA,NA,,,2024 Summer,2024,Summer,Paris,Fencing,"Fencing Épée, Team, Men",NA
1505300,Máté Koch,M,24,NA,NA,,,2024 Summer,2024,Summer,Paris,Fencing,"Fencing Épée, Team, Men",NA
1505301,Tibor Andrásfi,M,24,NA,NA,,,2024 Summer,2024,Summer,Paris,Fencing,"Fencing Épée, Team, Men",NA
1505302,Dávid Nagy,M,25,NA,NA,,,2024 Summer,2024,Summer,Paris,Fencing,"Fencing Épée, Team, Men",NA
1505303,Masaru Yamada,M,30,NA,NA,,,2024 Summer,2024,Summer,Paris,Fencing,"Fencing Épée, Team, Men",NA
1505304,Koki Kano,M,26,NA,NA,,,2024 Summer,2024,Summer,Paris,Fencing,"Fencing Épée, Team, Men",NA
1505305,Akira Komata,M,26,NA,NA,,,2024 Summer,2024,Summer,Paris,Fencing,"Fencing Épée, Team, Men",NA
1505306,Kazuyasu Minobe,M,37,177.0,75.0,,,2024 Summer,2024,Summer,Paris,Fencing,"Fencing Épée, Team, Men",NA
1505307,Martin Rubeš,M,27,NA,NA,,,2024 Summer,2024,Summer,Paris,Fencing,"Fencing Épée, Team, Men",NA
1505308,Jakub Jurka,M,25,NA,NA,,,2024 Summer,2024,Summer,Paris,Fencing,"Fencing Épée, Team, Men",NA
1505309,Jiří Beran,M,42,192.0,80.0,,,2024 Summer,2024,Summer,Paris,Fencing,"Fencing Épée, Team, Men",NA
1505310,Michal Čupr,M,32,NA,NA,,,2024 Summer,2024,Summer,Paris,Fencing,"Fencing Épée, Team, Men",NA
1505311,Yannick Borel,M,35,197.0,100.0,,,2024 Summer,2024,Summer,Paris,Fencing,"Fencing Épée, Team, Men",NA
1505312,Paul Allègre,M,28,NA,NA,,,2024 Summer,2024,Summer,Paris,Fencing,"Fencing Épée, Team, Men",NA
1505313,Luidgi Midelton,M,25,NA,NA,,,2024 Summer,2024,Summer,Paris,Fencing,"Fencing Épée, Team, Men",NA
1505314,Romain Cannone,M,27,NA,NA,,,2024 Summer,2024,Summer,Paris,Fencing,"Fencing Épée, Team, Men",NA
1505315,Gabriele Cimini,M,30,NA,NA,,,2024 Summer,2024,Summer,Paris,Fencing,"Fencing Épée, Team, Men",NA
1505316,Davide Di Veroli,M,22,176.0,NA,,,2024 Summer,2024,Summer,Paris,Fencing,"Fencing Épée, Team, Men",NA
1505317,Andrea Santarelli,M,31,184.0,76.0,,,2024 Summer,2024,Summer,Paris,Fencing,"Fencing Épée, Team, Men",NA
1505318,Federico Vismara,M,27,NA,NA,,,2024 Summer,2024,Summer,Paris,Fencing,"Fencing Épée, Team, Men",NA
1505319,Elmir Alimzhanov,M,37,185.0,72.0,,,2024 Summer,2024,Summer,Paris,Fencing,"Fencing Épée, Team, Men",NA
1505320,Ruslan Kurbanov,M,32,NA,NA,,,2024 Summer,2024,Summer,Paris,Fencing,"Fencing Épée, Team, Men",NA
1505321,Yerlik Sertay,M,25,NA,NA,,,2024 Summer,2024,Summer,Paris,Fencing,"Fencing Épée, Team, Men",NA
1505322,Vadim Sharlaimov,M,27,NA,NA,,,2024 Summer,2024,Summer,Paris,Fencing,"Fencing Épée, Team, Men",NA
1505323,Rubén Limardo,M,38,175.0,75.0,,,2024 Summer,2024,Summer,Paris,Fencing,"Fencing Épée, Team, Men",NA
1505324,Jesús Limardo,M,28,NA,NA,,,2024 Summer,2024,Summer,Paris,Fencing,"Fencing Épée, Team, Men",NA
1505325,Grabiel Lugo,M,27,NA,NA,,,2024 Summer,2024,Summer,Paris,Fencing,"Fencing Épée, Team, Men",NA
1505326,Francisco Limardo,M,37,180.0,75.0,,,2024 Summer,2024,Summer,Paris,Fencing,"Fencing Épée, Team, Men",NA
1505327,Mohamed Yasseen,M,20,NA,NA,,,2024 Summer,2024,Summer,Paris,Fencing,"Fencing Épée, Team, Men",NA
1505328,Mohamed El-Sayed,M,21,180.0,55.0,,,2024 Summer,2024,Summer,Paris,Fencing,"Fencing Épée, Team, Men",NA
1505329,Mahmoud El-Sayed,M,19,NA,NA,,,2024 Summer,2024,Summer,Paris,Fencing,"Fencing Épée, Team, Men",NA
1505330,Mahmoud Mohsen,M,29,NA,NA,,,2024 Summer,2024,Summer,Paris,Fencing,"Fencing Épée, Team, Men",NA
1505331,Park Sang-Won,M,23,NA,NA,,,2024 Summer,2024,Summer,Paris,Fencing,"Fencing Sabre, Team, Men",NA
1505332,Oh Sang-Uk,M,27,NA,NA,,,2024 Summer,2024,Summer,Paris,Fencing,"Fencing Sabre, Team, Men",NA
1505333,Gu Bon-Gil,M,35,182.0,70.0,,,2024 Summer,2024,Summer,Paris,Fencing,"Fencing Sabre, Team, Men",NA
1505334,Do Gyeong-Dong,M,24,NA,NA,,,2024 Summer,2024,Summer,Paris,Fencing,"Fencing Sabre, Team, Men",NA
1505335,Áron Szilágyi,M,34,180.0,78.0,,,2024 Summer,2024,Summer,Paris,Fencing,"Fencing Sabre, Team, Men",NA
1505336,Krisztián Rabb,M,22,183.0,65.0,,,2024 Summer,2024,Summer,Paris,Fencing,"Fencing Sabre, Team, Men",NA
1505337,András Szatmári,M,31,183.0,65.0,,,2024 Summer,2024,Summer,Paris,Fencing,"Fencing Sabre, Team, Men",NA
1505338,Csanád Gémesi,M,37,NA,NA,,,2024 Summer,2024,Summer,Paris,Fencing,"Fencing Sabre, Team, Men",NA
1505339,Boladé Apithy,M,38,180.0,78.0,,,2024 Summer,2024,Summer,Paris,Fencing,"Fencing Sabre, Team, Men",NA
1505340,Sébastien Patrice,M,24,NA,NA,,,2024 Summer,2024,Summer,Paris,Fencing,"Fencing Sabre, Team, Men",NA
1505341,Maxime Pianfetti,M,25,NA,NA,,,2024 Summer,2024,Summer,Paris,Fencing,"Fencing Sabre, Team, Men",NA
1505342,Jean-Philippe Patrice,M,27,NA,NA,,,2024 Summer,2024,Summer,Paris,Fencing,"Fencing Sabre, Team, Men",NA
1505343,Ali Pakdaman,M,33,193.0,94.0,,,2024 Summer,2024,Summer,Paris,Fencing,"Fencing Sabre, Team, Men",NA
1505344,Farzad Baher,M,30,NA,NA,,,2024 Summer,2024,Summer,Paris,Fencing,"Fencing Sabre, Team, Men",NA
1505345,Mohammad Rahbari,M,32,NA,NA,,,2024 Summer,2024,Summer,Paris,Fencing,"Fencing Sabre, Team, Men",NA
1505346,Mohammad Fotouhi,M,33,NA,NA,,,2024 Summer,2024,Summer,Paris,Fencing,"Fencing Sabre, Team, Men",NA
1505347,Luigi Samele,M,36,191.0,73.0,,,2024 Summer,2024,Summer,Paris,Fencing,"Fencing Sabre, Team, Men",NA
1505348,Luca Curatoli,M,29,NA,NA,,,2024 Summer,2024,Summer,Paris,Fencing,"Fencing Sabre, Team, Men",NA
1505349,Pietro Torre,M,22,NA,NA,,,2024 Summer,2024,Summer,Paris,Fencing,"Fencing Sabre, Team, Men",NA
1505350,Michele Gallo,M,23,NA,NA,,,2024 Summer,2024,Summer,Paris,Fencing,"Fencing Sabre, Team, Men",NA
1505351,Ziad El-Sissy,M,29,173.0,60.0,,,2024 Summer,2024,Summer,Paris,Fencing,"Fencing Sabre, Team, Men",NA
1505352,Adham Moataz,M,21,NA,NA,,,2024 Summer,2024,Summer,Paris,Fencing,"Fencing Sabre, Team, Men",NA
1505353,Yassin Khodir,M,19,NA,NA,,,2024 Summer,2024,Summer,Paris,Fencing,"Fencing Sabre, Team, Men",NA
1505354,Mohamed Amer,M,26,199.0,80.0,,,2024 Summer,2024,Summer,Paris,Fencing,"Fencing Sabre, Team, Men",NA
1505355,Mitchell Saron,M,23,NA,NA,,,2024 Summer,2024,Summer,Paris,Fencing,"Fencing Sabre, Team, Men",NA
1505356,Filip Dolegiewicz,M,23,NA,NA,,,2024 Summer,2024,Summer,Paris,Fencing,"Fencing Sabre, Team, Men",NA
1505357,Colin Heathcock,M,18,NA,NA,,,2024 Summer,2024,Summer,Paris,Fencing,"Fencing Sabre, Team, Men",NA
1505358,Eli Dershwitz,M,28,185.0,77.0,,,2024 Summer,2024,Summer,Paris,Fencing,"Fencing Sabre, Team, Men",NA
1505359,Farès Arfa,M,29,NA,NA,,,2024 Summer,2024,Summer,Paris,Fencing,"Fencing Sabre, Team, Men",NA
1505360,Shaul Gordon,M,30,NA,NA,,,2024 Summer,2024,Summer,Paris,Fencing,"Fencing Sabre, Team, Men",NA
1505361,Olivier Desrosiers,M,19,NA,NA,,,2024 Summer,2024,Summer,Paris,Fencing,"Fencing Sabre, Team, Men",NA
1505362,François Cauchon,M,24,NA,NA,,,2024 Summer,2024,Summer,Paris,Fencing,"Fencing Sabre, Team, Men",NA
1505363,Lee Kiefer,F,30,163.0,49.0,,,2024 Summer,2024,Summer,Paris,Fencing,"Fencing Foil, Team, Women",NA
1505364,Lauren Scruggs,F,21,NA,NA,,,2024 Summer,2024,Summer,Paris,Fencing,"Fencing Foil, Team, Women",NA
1505365,Jackie Dubrovich,F,29,175.0,66.0,,,2024 Summer,2024,Summer,Paris,Fencing,"Fencing Foil, Team, Women",NA
1505366,Maia Weintraub,F,21,NA,NA,,,2024 Summer,2024,Summer,Paris,Fencing,"Fencing Foil, Team, Women",NA
1505367,Arianna Errigo,F,36,180.0,68.0,,,2024 Summer,2024,Summer,Paris,Fencing,"Fencing Foil, Team, Women",NA
1505368,Martina Favaretto,F,22,165.0,NA,,,2024 Summer,2024,Summer,Paris,Fencing,"Fencing Foil, Team, Women",NA
1505369,Alice Volpi,F,32,NA,NA,,,2024 Summer,2024,Summer,Paris,Fencing,"Fencing Foil, Team, Women",NA
1505370,Francesca Palumbo,F,30,NA,NA,,,2024 Summer,2024,Summer,Paris,Fencing,"Fencing Foil, Team, Women",NA
1505371,Yuka Ueno,F,22,159.0,52.0,,,2024 Summer,2024,Summer,Paris,Fencing,"Fencing Foil, Team, Women",NA
1505372,Karin Miyawaki,F,27,NA,NA,,,2024 Summer,2024,Summer,Paris,Fencing,"Fencing Foil, Team, Women",NA
1505373,Sera Azuma,F,24,NA,NA,,,2024 Summer,2024,Summer,Paris,Fencing,"Fencing Foil, Team, Women",NA
1505374,Komaki Kikuchi,F,27,NA,NA,,,2024 Summer,2024,Summer,Paris,Fencing,"Fencing Foil, Team, Women",NA
1505375,Jessica Guo,F,19,NA,NA,,,2024 Summer,2024,Summer,Paris,Fencing,"Fencing Foil, Team, Women",NA
1505376,Eleanor Harvey,F,29,172.0,56.0,,,2024 Summer,2024,Summer,Paris,Fencing,"Fencing Foil, Team, Women",NA
1505377,Yunjia Zhang,F,16,NA,NA,,,2024 Summer,2024,Summer,Paris,Fencing,"Fencing Foil, Team, Women",NA
1505378,Sabrina Fang,F,19,NA,NA,,,2024 Summer,2024,Summer,Paris,Fencing,"Fencing Foil, Team, Women",NA
1505379,Ysaora Thibus,F,32,174.0,59.0,,,2024 Summer,2024,Summer,Paris,Fencing,"Fencing Foil, Team, Women",NA
1505380,Anita Blaze,F,32,166.0,52.0,,,2024 Summer,2024,Summer,Paris,Fencing,"Fencing Foil, Team, Women",NA
1505381,Pauline Ranvier,F,30,NA,NA,,,2024 Summer,2024,Summer,Paris,Fencing,"Fencing Foil, Team, Women",NA
1505382,Éva Lacheray,F,24,NA,NA,,,2024 Summer,2024,Summer,Paris,Fencing,"Fencing Foil, Team, Women",NA
1505383,Martyna Synoradzka,F,36,182.0,65.0,,,2024 Summer,2024,Summer,Paris,Fencing,"Fencing Foil, Team, Women",NA
1505384,Julia Walczyk-Klimaszyk,F,26,NA,NA,,,2024 Summer,2024,Summer,Paris,Fencing,"Fencing Foil, Team, Women",NA
1505385,Martyna Jelińska,F,32,NA,NA,,,2024 Summer,2024,Summer,Paris,Fencing,"Fencing Foil, Team, Women",NA
1505386,Hanna Łyczbińska,F,34,178.0,64.0,,,2024 Summer,2024,Summer,Paris,Fencing,"Fencing Foil, Team, Women",NA
1505387,Huang Qianqian,F,22,NA,NA,,,2024 Summer,2024,Summer,Paris,Fencing,"Fencing Foil, Team, Women",NA
1505388,Jiao Enqi,F,18,NA,NA,,,2024 Summer,2024,Summer,Paris,Fencing,"Fencing Foil, Team, Women",NA
1505389,Chen Qingyuan,F,27,NA,NA,,,2024 Summer,2024,Summer,Paris,Fencing,"Fencing Foil, Team, Women",NA
1505390,Wang Yuting,F,23,NA,NA,,,2024 Summer,2024,Summer,Paris,Fencing,"Fencing Foil, Team, Women",NA
1505391,Malak Hamza,F,18,NA,NA,,,2024 Summer,2024,Summer,Paris,Fencing,"Fencing Foil, Team, Women",NA
1505392,Yara El-Sharkawy,F,25,NA,NA,,,2024 Summer,2024,Summer,Paris,Fencing,"Fencing Foil, Team, Women",NA
1505393,Noha Hany,F,23,160.0,52.0,,,2024 Summer,2024,Summer,Paris,Fencing,"Fencing Foil, Team, Women",NA
1505394,Sara Amr Hossny,F,14,NA,NA,,,2024 Summer,2024,Summer,Paris,Fencing,"Fencing Foil, Team, Women",NA
1505395,Alberta Santuccio,F,29,170.0,60.0,,,2024 Summer,2024,Summer,Paris,Fencing,"Fencing Épée, Team, Women",NA
1505396,Giulia Rizzi,F,35,NA,NA,,,2024 Summer,2024,Summer,Paris,Fencing,"Fencing Épée, Team, Women",NA
1505397,Rossella Fiamingo,F,33,167.0,50.0,,,2024 Summer,2024,Summer,Paris,Fencing,"Fencing Épée, Team, Women",NA
1505398,Mara Navarria,F,38,172.0,75.0,,,2024 Summer,2024,Summer,Paris,Fencing,"Fencing Épée, Team, Women",NA
1505399,Marie-Florence Candassamy,F,33,185.0,74.0,,,2024 Summer,2024,Summer,Paris,Fencing,"Fencing Épée, Team, Women",NA
1505400,Auriane Mallo-Breton,F,30,180.0,63.0,,,2024 Summer,2024,Summer,Paris,Fencing,"Fencing Épée, Team, Women",NA
1505401,Coraline Vitalis,F,29,179.0,73.0,,,2024 Summer,2024,Summer,Paris,Fencing,"Fencing Épée, Team, Women",NA
1505402,Alexandra Louis-Marie,F,28,NA,NA,,,2024 Summer,2024,Summer,Paris,Fencing,"Fencing Épée, Team, Women",NA
1505403,Aleksandra Jarecka,F,28,NA,NA,,,2024 Summer,2024,Summer,Paris,Fencing,"Fencing Épée, Team, Women",NA
1505404,Martyna Swatowska-Wenglarczyk,F,30,NA,NA,,,2024 Summer,2024,Summer,Paris,Fencing,"Fencing Épée, Team, Women",NA
1505405,Renata Knapik-Miazga,F,36,NA,NA,,,2024 Summer,2024,Summer,Paris,Fencing,"Fencing Épée, Team, Women",NA
1505406,Alicja Klasik,F,20,NA,NA,,,2024 Summer,2024,Summer,Paris,Fencing,"Fencing Épée, Team, Women",NA
1505407,Sun Yiwen,F,32,177.0,63.0,,,2024 Summer,2024,Summer,Paris,Fencing,"Fencing Épée, Team, Women",NA
1505408,Yu Sihan,F,22,NA,NA,,,2024 Summer,2024,Summer,Paris,Fencing,"Fencing Épée, Team, Women",NA
1505409,Xu Nuo,F,26,NA,NA,,,2024 Summer,2024,Summer,Paris,Fencing,"Fencing Épée, Team, Women",NA
1505410,Tang Junyao,F,20,NA,NA,,,2024 Summer,2024,Summer,Paris,Fencing,"Fencing Épée, Team, Women",NA
1505411,Gang Yeong-Mi,F,39,164.0,63.0,,,2024 Summer,2024,Summer,Paris,Fencing,"Fencing Épée, Team, Women",NA
1505412,Song Se-Ra,F,30,NA,NA,,,2024 Summer,2024,Summer,Paris,Fencing,"Fencing Épée, Team, Women",NA
1505413,Lee Hye-In,F,29,NA,NA,,,2024 Summer,2024,Summer,Paris,Fencing,"Fencing Épée, Team, Women",NA
1505414,Choi In-Jeong,F,34,174.0,59.0,,,2024 Summer,2024,Summer,Paris,Fencing,"Fencing Épée, Team, Women",NA
1505415,Vlada Kharkova,F,27,NA,NA,,,2024 Summer,2024,Summer,Paris,Fencing,"Fencing Épée, Team, Women",NA
1505416,Dzhoan Feybi Bezhura,F,32,NA,NA,,,2024 Summer,2024,Summer,Paris,Fencing,"Fencing Épée, Team, Women",NA
1505417,Olena Kryvytska,F,37,174.0,62.0,,,2024 Summer,2024,Summer,Paris,Fencing,"Fencing Épée, Team, Women",NA
1505418,Dar'ia Varfolomyeieva,F,25,NA,NA,,,2024 Summer,2024,Summer,Paris,Fencing,"Fencing Épée, Team, Women",NA
1505419,Kat Holmes,F,31,180.0,80.0,,,2024 Summer,2024,Summer,Paris,Fencing,"Fencing Épée, Team, Women",NA
1505420,Anne Cebula,F,26,NA,NA,,,2024 Summer,2024,Summer,Paris,Fencing,"Fencing Épée, Team, Women",NA
1505421,Hadley Husisian,F,20,NA,NA,,,2024 Summer,2024,Summer,Paris,Fencing,"Fencing Épée, Team, Women",NA
1505422,Margherita Guzzi Vincenti,F,33,NA,NA,,,2024 Summer,2024,Summer,Paris,Fencing,"Fencing Épée, Team, Women",NA
1505423,Aya Hussein,F,20,NA,NA,,,2024 Summer,2024,Summer,Paris,Fencing,"Fencing Épée, Team, Women",NA
1505424,Nardin Ehab,F,28,NA,NA,,,2024 Summer,2024,Summer,Paris,Fencing,"Fencing Épée, Team, Women",NA
1505425,Loulwa Soliman,F,17,NA,NA,,,2024 Summer,2024,Summer,Paris,Fencing,"Fencing Épée, Team, Women",NA
1505426,Shirwit Gaber,F,26,NA,NA,,,2024 Summer,2024,Summer,Paris,Fencing,"Fencing Épée, Team, Women",NA
1505427,Olha Kharlan,F,33,172.0,68.0,,,2024 Summer,2024,Summer,Paris,Fencing,"Fencing Sabre, Team, Women",NA
1505428,Yuliya Bakastova,F,28,NA,NA,,,2024 Summer,2024,Summer,Paris,Fencing,"Fencing Sabre, Team, Women",NA
1505429,Alina Komashchuk,F,31,169.0,75.0,,,2024 Summer,2024,Summer,Paris,Fencing,"Fencing Sabre, Team, Women",NA
1505430,Olena Kravatska,F,32,176.0,66.0,,,2024 Summer,2024,Summer,Paris,Fencing,"Fencing Sabre, Team, Women",NA
1505431,Jeon Eun-Hye,F,26,NA,NA,,,2024 Summer,2024,Summer,Paris,Fencing,"Fencing Sabre, Team, Women",NA
1505432,Jeon Ha-Yeong,F,22,NA,NA,,,2024 Summer,2024,Summer,Paris,Fencing,"Fencing Sabre, Team, Women",NA
1505433,Choi Se-Bin,F,23,NA,NA,,,2024 Summer,2024,Summer,Paris,Fencing,"Fencing Sabre, Team, Women",NA
1505434,Yun Ji-Su,F,31,170.0,60.0,,,2024 Summer,2024,Summer,Paris,Fencing,"Fencing Sabre, Team, Women",NA
1505435,Misaki Emura,F,25,NA,NA,,,2024 Summer,2024,Summer,Paris,Fencing,"Fencing Sabre, Team, Women",NA
1505436,Risa Takashima,F,25,NA,NA,,,2024 Summer,2024,Summer,Paris,Fencing,"Fencing Sabre, Team, Women",NA
1505437,Seri Ozaki,F,21,NA,NA,,,2024 Summer,2024,Summer,Paris,Fencing,"Fencing Sabre, Team, Women",NA
1505438,Shihomi Fukushima,F,29,NA,NA,,,2024 Summer,2024,Summer,Paris,Fencing,"Fencing Sabre, Team, Women",NA
1505439,Manon Apithy-Brunet,F,28,165.0,55.0,,,2024 Summer,2024,Summer,Paris,Fencing,"Fencing Sabre, Team, Women",NA
1505440,Sara Balzer,F,29,NA,NA,,,2024 Summer,2024,Summer,Paris,Fencing,"Fencing Sabre, Team, Women",NA
1505441,Sarah Noutcha,F,24,NA,NA,,,2024 Summer,2024,Summer,Paris,Fencing,"Fencing Sabre, Team, Women",NA
1505442,Cécilia Berder,F,34,171.0,65.0,,,2024 Summer,2024,Summer,Paris,Fencing,"Fencing Sabre, Team, Women",NA
1505443,Magda Skarbonkiewicz,F,18,NA,NA,,,2024 Summer,2024,Summer,Paris,Fencing,"Fencing Sabre, Team, Women",NA
1505444,Elizabeth Tartakovsky,F,24,NA,NA,,,2024 Summer,2024,Summer,Paris,Fencing,"Fencing Sabre, Team, Women",NA
1505445,Maia Chamberlain,F,26,NA,NA,,,2024 Summer,2024,Summer,Paris,Fencing,"Fencing Sabre, Team, Women",NA
1505446,Tatiana Nazlymov,F,19,NA,NA,,,2024 Summer,2024,Summer,Paris,Fencing,"Fencing Sabre, Team, Women",NA
1505447,Sugár Katinka Battai,F,21,NA,NA,,,2024 Summer,2024,Summer,Paris,Fencing,"Fencing Sabre, Team, Women",NA
1505448,Anna Márton,F,29,180.0,70.0,,,2024 Summer,2024,Summer,Paris,Fencing,"Fencing Sabre, Team, Women",NA
1505449,Luca Szűcs,F,21,NA,NA,,,2024 Summer,2024,Summer,Paris,Fencing,"Fencing Sabre, Team, Women",NA
1505450,Liza Pusztai,F,23,170.0,57.0,,,2024 Summer,2024,Summer,Paris,Fencing,"Fencing Sabre, Team, Women",NA
1505451,Michela Battiston,F,26,NA,NA,,,2024 Summer,2024,Summer,Paris,Fencing,"Fencing Sabre, Team, Women",NA
1505452,Martina Criscio,F,30,NA,NA,,,2024 Summer,2024,Summer,Paris,Fencing,"Fencing Sabre, Team, Women",NA
1505453,Irene Vecchi,F,35,170.0,56.0,,,2024 Summer,2024,Summer,Paris,Fencing,"Fencing Sabre, Team, Women",NA
1505454,Chiara Mormile,F,29,NA,NA,,,2024 Summer,2024,Summer,Paris,Fencing,"Fencing Sabre, Team, Women",NA
1505455,Saoussen Boudiaf,F,30,173.0,69.0,,,2024 Summer,2024,Summer,Paris,Fencing,"Fencing Sabre, Team, Women",NA
1505456,Kaouther Belkebir,F,20,NA,NA,,,2024 Summer,2024,Summer,Paris,Fencing,"Fencing Sabre, Team, Women",NA
1505457,Zohra Nora Kehli,F,23,NA,NA,,,2024 Summer,2024,Summer,Paris,Fencing,"Fencing Sabre, Team, Women",NA
1505458,Chaima Benadouda,F,20,NA,NA,,,2024 Summer,2024,Summer,Paris,Fencing,"Fencing Sabre, Team, Women",NA
1505459,"Josua, Ratu Vakurunabili",M,28,NA,NA,FIJ,FIJ,2020 Summer,2020,Summer,Tokyo,Rugby Sevens,"Rugby Sevens Rugby Sevens, Men",Gold
1505460,Iosefo Masi,M,22,NA,NA,FIJ,FIJ,2020 Summer,2020,Summer,Tokyo,Rugby Sevens,"Rugby Sevens Rugby Sevens, Men",Gold
1505461,Kalione Nasoko,M,29,NA,NA,FIJ,FIJ,2020 Summer,2020,Summer,Tokyo,Rugby Sevens,"Rugby Sevens Rugby Sevens, Men",Gold
1505462,Jiuta Wainiqolo,M,21,NA,NA,FIJ,FIJ,2020 Summer,2020,Summer,Tokyo,Rugby Sevens,"Rugby Sevens Rugby Sevens, Men",Gold
1505463,Asaeli Tuivuaka,M,24,NA,NA,FIJ,FIJ,2020 Summer,2020,Summer,Tokyo,Rugby Sevens,"Rugby Sevens Rugby Sevens, Men",Gold
1505464,Meli Derenalagi,M,21,NA,NA,FIJ,FIJ,2020 Summer,2020,Summer,Tokyo,Rugby Sevens,"Rugby Sevens Rugby Sevens, Men",Gold
1505465,Vilimoni Botitu,M,22,NA,NA,FIJ,FIJ,2020 Summer,2020,Summer,Tokyo,Rugby Sevens,"Rugby Sevens Rugby Sevens, Men",Gold
1505466,Waisea Nacuqu,M,27,NA,NA,FIJ,FIJ,2020 Summer,2020,Summer,Tokyo,Rugby Sevens,"Rugby Sevens Rugby Sevens, Men",Gold
1505467,Jerry Tuwai,M,31,174.0,81.0,FIJ,FIJ,2020 Summer,2020,Summer,Tokyo,Rugby Sevens,"Rugby Sevens Rugby Sevens, Men",Gold
1505468,Semi Radradra,M,28,NA,NA,FIJ,FIJ,2020 Summer,2020,Summer,Tokyo,Rugby Sevens,"Rugby Sevens Rugby Sevens, Men",Gold
1505469,Aminiasi Tuimaba,M,25,NA,NA,FIJ,FIJ,2020 Summer,2020,Summer,Tokyo,Rugby Sevens,"Rugby Sevens Rugby Sevens, Men",Gold
1505470,Napolioni Bolaca,M,23,NA,NA,FIJ,FIJ,2020 Summer,2020,Summer,Tokyo,Rugby Sevens,"Rugby Sevens Rugby Sevens, Men",Gold
1505471,Sireli Maqala,M,20,NA,NA,FIJ,FIJ,2020 Summer,2020,Summer,Tokyo,Rugby Sevens,"Rugby Sevens Rugby Sevens, Men",Gold
1505472,Gareth Baber,M,48,NA,NA,FIJ,FIJ,2020 Summer,2020,Summer,Tokyo,Rugby Sevens,"Rugby Sevens Rugby Sevens, Men",Gold
1505473,Scott Curry,M,32,193.0,100.0,NZL,NZL,2020 Summer,2020,Summer,Tokyo,Rugby Sevens,"Rugby Sevens Rugby Sevens, Men",Silver
1505474,Tim Mikkelson,M,33,193.0,102.0,NZL,NZL,2020 Summer,2020,Summer,Tokyo,Rugby Sevens,"Rugby Sevens Rugby Sevens, Men",Silver
1505475,Tone Ng Shiu,M,26,185.0,NA,NZL,NZL,2020 Summer,2020,Summer,Tokyo,Rugby Sevens,"Rugby Sevens Rugby Sevens, Men",Silver
1505476,Etene Nanai-Seturo,M,20,183.0,NA,NZL,NZL,2020 Summer,2020,Summer,Tokyo,Rugby Sevens,"Rugby Sevens Rugby Sevens, Men",Silver
1505477,Dylan Collier,M,29,192.0,NA,NZL,NZL,2020 Summer,2020,Summer,Tokyo,Rugby Sevens,"Rugby Sevens Rugby Sevens, Men",Silver
1505478,Ngarohi McGarvey-Black,M,24,179.0,NA,NZL,NZL,2020 Summer,2020,Summer,Tokyo,Rugby Sevens,"Rugby Sevens Rugby Sevens, Men",Silver
1505479,Amanaki Nicole,M,28,190.0,NA,NZL,NZL,2020 Summer,2020,Summer,Tokyo,Rugby Sevens,"Rugby Sevens Rugby Sevens, Men",Silver
1505480,Andrew Knewstubb,M,24,188.0,NA,NZL,NZL,2020 Summer,2020,Summer,Tokyo,Rugby Sevens,"Rugby Sevens Rugby Sevens, Men",Silver
1505481,Regan Ware,M,25,184.0,93.0,NZL,NZL,2020 Summer,2020,Summer,Tokyo,Rugby Sevens,"Rugby Sevens Rugby Sevens, Men",Silver
1505482,Kurt Baker,M,31,183.0,NA,NZL,NZL,2020 Summer,2020,Summer,Tokyo,Rugby Sevens,"Rugby Sevens Rugby Sevens, Men",Silver
1505483,Joe Webber,M,26,185.0,95.0,NZL,NZL,2020 Summer,2020,Summer,Tokyo,Rugby Sevens,"Rugby Sevens Rugby Sevens, Men",Silver
1505484,Sione Molia,M,26,186.0,95.0,NZL,NZL,2020 Summer,2020,Summer,Tokyo,Rugby Sevens,"Rugby Sevens Rugby Sevens, Men",Silver
1505485,William Warbrick,M,22,192.0,NA,NZL,NZL,2020 Summer,2020,Summer,Tokyo,Rugby Sevens,"Rugby Sevens Rugby Sevens, Men",Silver
1505486,Clark Laidlaw,M,42,NA,NA,NZL,NZL,2020 Summer,2020,Summer,Tokyo,Rugby Sevens,"Rugby Sevens Rugby Sevens, Men",Silver
1505487,Rodrigo Isgro,M,21,185.0,NA,ARG,ARG,2020 Summer,2020,Summer,Tokyo,Rugby Sevens,"Rugby Sevens Rugby Sevens, Men",Bronze
1505488,Lucio Cinti,M,20,191.0,NA,ARG,ARG,2020 Summer,2020,Summer,Tokyo,Rugby Sevens,"Rugby Sevens Rugby Sevens, Men",Bronze
1505489,Germán Schulz,M,26,187.0,93.0,ARG,ARG,2020 Summer,2020,Summer,Tokyo,Rugby Sevens,"Rugby Sevens Rugby Sevens, Men",Bronze
1505490,Ignacio Mendy,M,20,187.0,NA,ARG,ARG,2020 Summer,2020,Summer,Tokyo,Rugby Sevens,"Rugby Sevens Rugby Sevens, Men",Bronze
1505491,Rodrigo Etchart,M,26,175.0,80.0,ARG,ARG,2020 Summer,2020,Summer,Tokyo,Rugby Sevens,"Rugby Sevens Rugby Sevens, Men",Bronze
1505492,Santiago Álvarez,M,26,188.0,93.0,ARG,ARG,2020 Summer,2020,Summer,Tokyo,Rugby Sevens,"Rugby Sevens Rugby Sevens, Men",Bronze
1505493,Lautaro Bazán,M,24,NA,NA,ARG,ARG,2020 Summer,2020,Summer,Tokyo,Rugby Sevens,"Rugby Sevens Rugby Sevens, Men",Bronze
1505494,Gastón Revol,M,33,170.0,79.0,ARG,ARG,2020 Summer,2020,Summer,Tokyo,Rugby Sevens,"Rugby Sevens Rugby Sevens, Men",Bronze
1505495,Matías Osadczuk,M,23,191.0,NA,ARG,ARG,2020 Summer,2020,Summer,Tokyo,Rugby Sevens,"Rugby Sevens Rugby Sevens, Men",Bronze
1505496,Santiago Mare,M,23,184.0,NA,ARG,ARG,2020 Summer,2020,Summer,Tokyo,Rugby Sevens,"Rugby Sevens Rugby Sevens, Men",Bronze
1505497,Luciano González,M,23,185.0,NA,ARG,ARG,2020 Summer,2020,Summer,Tokyo,Rugby Sevens,"Rugby Sevens Rugby Sevens, Men",Bronze
1505498,Marcos Moneta,M,20,181.0,NA,ARG,ARG,2020 Summer,2020,Summer,Tokyo,Rugby Sevens,"Rugby Sevens Rugby Sevens, Men",Bronze
1505499,Felipe Del Mestre,M,26,186.0,NA,ARG,ARG,2020 Summer,2020,Summer,Tokyo,Rugby Sevens,"Rugby Sevens Rugby Sevens, Men",Bronze
1505500,Santiago Gómez,M,41,NA,NA,ARG,ARG,2020 Summer,2020,Summer,Tokyo,Rugby Sevens,"Rugby Sevens Rugby Sevens, Men",Bronze
1505501,Max McFarland,M,27,NA,NA,GBR,GBR,2020 Summer,2020,Summer,Tokyo,Rugby Sevens,"Rugby Sevens Rugby Sevens, Men",NA
1505502,Ben Harris,M,20,NA,NA,GBR,GBR,2020 Summer,2020,Summer,Tokyo,Rugby Sevens,"Rugby Sevens Rugby Sevens, Men",NA
1505503,Alex Davis,M,27,NA,NA,GBR,GBR,2020 Summer,2020,Summer,Tokyo,Rugby Sevens,"Rugby Sevens Rugby Sevens, Men",NA
1505504,Dan Norton,M,32,180.0,85.0,GBR,GBR,2020 Summer,2020,Summer,Tokyo,Rugby Sevens,"Rugby Sevens Rugby Sevens, Men",NA
1505505,Ross McCann,M,22,NA,NA,GBR,GBR,2020 Summer,2020,Summer,Tokyo,Rugby Sevens,"Rugby Sevens Rugby Sevens, Men",NA
1505506,Tom Mitchell,M,30,178.0,85.0,GBR,GBR,2020 Summer,2020,Summer,Tokyo,Rugby Sevens,"Rugby Sevens Rugby Sevens, Men",NA
1505507,Dan Bibby,M,29,176.0,86.0,GBR,GBR,2020 Summer,2020,Summer,Tokyo,Rugby Sevens,"Rugby Sevens Rugby Sevens, Men",NA
1505508,Alec Coombes,M,24,NA,NA,GBR,GBR,2020 Summer,2020,Summer,Tokyo,Rugby Sevens,"Rugby Sevens Rugby Sevens, Men",NA
1505509,Ollie Lindsay-Hague,M,29,180.0,83.0,GBR,GBR,2020 Summer,2020,Summer,Tokyo,Rugby Sevens,"Rugby Sevens Rugby Sevens, Men",NA
1505510,Robbie Fergusson,M,26,NA,NA,GBR,GBR,2020 Summer,2020,Summer,Tokyo,Rugby Sevens,"Rugby Sevens Rugby Sevens, Men",NA
1505511,Ethan Waddleton,M,23,NA,NA,GBR,GBR,2020 Summer,2020,Summer,Tokyo,Rugby Sevens,"Rugby Sevens Rugby Sevens, Men",NA
1505512,Harry Glover,M,24,NA,NA,GBR,GBR,2020 Summer,2020,Summer,Tokyo,Rugby Sevens,"Rugby Sevens Rugby Sevens, Men",NA
1505513,Tom Bowen,M,27,NA,NA,GBR,GBR,2020 Summer,2020,Summer,Tokyo,Rugby Sevens,"Rugby Sevens Rugby Sevens, Men",NA
1505514,Tony Roques,M,41,NA,NA,GBR,GBR,2020 Summer,2020,Summer,Tokyo,Rugby Sevens,"Rugby Sevens Rugby Sevens, Men",NA
1505515,Chris Dry,M,32,NA,NA,RSA,RSA,2020 Summer,2020,Summer,Tokyo,Rugby Sevens,"Rugby Sevens Rugby Sevens, Men",NA
1505516,Sakoyisa Makata,M,21,NA,NA,RSA,RSA,2020 Summer,2020,Summer,Tokyo,Rugby Sevens,"Rugby Sevens Rugby Sevens, Men",NA
1505517,Impi Visser,M,25,NA,NA,RSA,RSA,2020 Summer,2020,Summer,Tokyo,Rugby Sevens,"Rugby Sevens Rugby Sevens, Men",NA
1505518,Zaïn Davids,M,23,NA,NA,RSA,RSA,2020 Summer,2020,Summer,Tokyo,Rugby Sevens,"Rugby Sevens Rugby Sevens, Men",NA
1505519,Angelo Davids,M,21,NA,NA,RSA,RSA,2020 Summer,2020,Summer,Tokyo,Rugby Sevens,"Rugby Sevens Rugby Sevens, Men",NA
1505520,JC Pretorius,M,22,NA,NA,RSA,RSA,2020 Summer,2020,Summer,Tokyo,Rugby Sevens,"Rugby Sevens Rugby Sevens, Men",NA
1505521,Branco Du Preez,M,30,NA,NA,RSA,RSA,2020 Summer,2020,Summer,Tokyo,Rugby Sevens,"Rugby Sevens Rugby Sevens, Men",NA
1505522,Selvyn Davids,M,26,NA,NA,RSA,RSA,2020 Summer,2020,Summer,Tokyo,Rugby Sevens,"Rugby Sevens Rugby Sevens, Men",NA
1505523,Justin Geduld,M,26,175.0,78.0,RSA,RSA,2020 Summer,2020,Summer,Tokyo,Rugby Sevens,"Rugby Sevens Rugby Sevens, Men",NA
1505524,Kurt-Lee Arendse,M,24,NA,NA,RSA,RSA,2020 Summer,2020,Summer,Tokyo,Rugby Sevens,"Rugby Sevens Rugby Sevens, Men",NA
1505525,Shakes Soyizwapi,M,27,NA,NA,RSA,RSA,2020 Summer,2020,Summer,Tokyo,Rugby Sevens,"Rugby Sevens Rugby Sevens, Men",NA
1505526,Stedman Gans,M,23,NA,NA,RSA,RSA,2020 Summer,2020,Summer,Tokyo,Rugby Sevens,"Rugby Sevens Rugby Sevens, Men",NA
1505527,Ronald Brown,M,24,176.0,NA,RSA,RSA,2020 Summer,2020,Summer,Tokyo,Rugby Sevens,"Rugby Sevens Rugby Sevens, Men",NA
1505528,Neil Powell,M,42,NA,NA,RSA,RSA,2020 Summer,2020,Summer,Tokyo,Rugby Sevens,"Rugby Sevens Rugby Sevens, Men",NA
1505529,Carlin Isles,M,30,173.0,75.0,USA,USA,2020 Summer,2020,Summer,Tokyo,Rugby Sevens,"Rugby Sevens Rugby Sevens, Men",NA
1505530,Brett Thompson,M,29,193.0,102.0,USA,USA,2020 Summer,2020,Summer,Tokyo,Rugby Sevens,"Rugby Sevens Rugby Sevens, Men",NA
1505531,Danny Barrett,M,30,188.0,102.0,USA,USA,2020 Summer,2020,Summer,Tokyo,Rugby Sevens,"Rugby Sevens Rugby Sevens, Men",NA
1505532,Matai Leuta,M,29,NA,NA,USA,USA,2020 Summer,2020,Summer,Tokyo,Rugby Sevens,"Rugby Sevens Rugby Sevens, Men",NA
1505533,Joe Schroeder,M,27,196.0,108.0,USA,USA,2020 Summer,2020,Summer,Tokyo,Rugby Sevens,"Rugby Sevens Rugby Sevens, Men",NA
1505534,Kevon Williams,M,29,NA,NA,USA,USA,2020 Summer,2020,Summer,Tokyo,Rugby Sevens,"Rugby Sevens Rugby Sevens, Men",NA
1505535,Folau Niua,M,35,183.0,89.0,USA,USA,2020 Summer,2020,Summer,Tokyo,Rugby Sevens,"Rugby Sevens Rugby Sevens, Men",NA
1505536,Maceo Brown,M,24,NA,NA,USA,USA,2020 Summer,2020,Summer,Tokyo,Rugby Sevens,"Rugby Sevens Rugby Sevens, Men",NA
1505537,Steve Tomasin,M,25,178.0,91.0,USA,USA,2020 Summer,2020,Summer,Tokyo,Rugby Sevens,"Rugby Sevens Rugby Sevens, Men",NA
1505538,Madison Hughes,M,27,173.0,80.0,USA,USA,2020 Summer,2020,Summer,Tokyo,Rugby Sevens,"Rugby Sevens Rugby Sevens, Men",NA
1505539,Perry Baker,M,34,185.0,82.0,USA,USA,2020 Summer,2020,Summer,Tokyo,Rugby Sevens,"Rugby Sevens Rugby Sevens, Men",NA
1505540,Martin Iosefo,M,30,187.0,95.0,USA,USA,2020 Summer,2020,Summer,Tokyo,Rugby Sevens,"Rugby Sevens Rugby Sevens, Men",NA
1505541,Cody Melphy,M,27,NA,NA,USA,USA,2020 Summer,2020,Summer,Tokyo,Rugby Sevens,"Rugby Sevens Rugby Sevens, Men",NA
1505542,Mike Friday,M,48,NA,NA,USA,USA,2020 Summer,2020,Summer,Tokyo,Rugby Sevens,"Rugby Sevens Rugby Sevens, Men",NA
1505543,Henry Hutchison,M,23,176.0,85.0,AUS,AUS,2020 Summer,2020,Summer,Tokyo,Rugby Sevens,"Rugby Sevens Rugby Sevens, Men",NA
1505544,Samu Kerevi,M,26,NA,NA,AUS,AUS,2020 Summer,2020,Summer,Tokyo,Rugby Sevens,"Rugby Sevens Rugby Sevens, Men",NA
1505545,Nathan Lawson,M,21,NA,NA,AUS,AUS,2020 Summer,2020,Summer,Tokyo,Rugby Sevens,"Rugby Sevens Rugby Sevens, Men",NA
1505546,Dietrich Roache,M,19,NA,NA,AUS,AUS,2020 Summer,2020,Summer,Tokyo,Rugby Sevens,"Rugby Sevens Rugby Sevens, Men",NA
1505547,Lachie Miller,M,25,NA,NA,AUS,AUS,2020 Summer,2020,Summer,Tokyo,Rugby Sevens,"Rugby Sevens Rugby Sevens, Men",NA
1505548,Joe Pincus,M,23,NA,NA,AUS,AUS,2020 Summer,2020,Summer,Tokyo,Rugby Sevens,"Rugby Sevens Rugby Sevens, Men",NA
1505549,Josh Turner,M,24,NA,NA,AUS,AUS,2020 Summer,2020,Summer,Tokyo,Rugby Sevens,"Rugby Sevens Rugby Sevens, Men",NA
1505550,Dylan Pietsch,M,22,NA,NA,AUS,AUS,2020 Summer,2020,Summer,Tokyo,Rugby Sevens,"Rugby Sevens Rugby Sevens, Men",NA
1505551,Josh Coward,M,23,172.0,NA,AUS,AUS,2020 Summer,2020,Summer,Tokyo,Rugby Sevens,"Rugby Sevens Rugby Sevens, Men",NA
1505552,Nick Malouf,M,27,186.0,95.0,AUS,AUS,2020 Summer,2020,Summer,Tokyo,Rugby Sevens,"Rugby Sevens Rugby Sevens, Men",NA
1505553,Maurice Longbottom,M,25,NA,NA,AUS,AUS,2020 Summer,2020,Summer,Tokyo,Rugby Sevens,"Rugby Sevens Rugby Sevens, Men",NA
1505554,Lachlan Anderson,M,22,187.0,NA,AUS,AUS,2020 Summer,2020,Summer,Tokyo,Rugby Sevens,"Rugby Sevens Rugby Sevens, Men",NA
1505555,Lewis Holland,M,27,183.0,87.0,AUS,AUS,2020 Summer,2020,Summer,Tokyo,Rugby Sevens,"Rugby Sevens Rugby Sevens, Men",NA
1505556,Tim Walsh,M,41,NA,NA,AUS,AUS,2020 Summer,2020,Summer,Tokyo,Rugby Sevens,"Rugby Sevens Rugby Sevens, Men",NA
1505557,Matt Mullins,M,25,NA,NA,CAN,CAN,2020 Summer,2020,Summer,Tokyo,Rugby Sevens,"Rugby Sevens Rugby Sevens, Men",NA
1505558,Theo Sauder,M,24,NA,NA,CAN,CAN,2020 Summer,2020,Summer,Tokyo,Rugby Sevens,"Rugby Sevens Rugby Sevens, Men",NA
1505559,Mike Fuailefau,M,28,NA,NA,CAN,CAN,2020 Summer,2020,Summer,Tokyo,Rugby Sevens,"Rugby Sevens Rugby Sevens, Men",NA
1505560,Phil Berna,M,24,NA,NA,CAN,CAN,2020 Summer,2020,Summer,Tokyo,Rugby Sevens,"Rugby Sevens Rugby Sevens, Men",NA
1505561,Conor Trainor,M,30,NA,NA,CAN,CAN,2020 Summer,2020,Summer,Tokyo,Rugby Sevens,"Rugby Sevens Rugby Sevens, Men",NA
1505562,Connor Braid,M,30,NA,NA,CAN,CAN,2020 Summer,2020,Summer,Tokyo,Rugby Sevens,"Rugby Sevens Rugby Sevens, Men",NA
1505563,Lucas Hammond,M,26,NA,NA,CAN,CAN,2020 Summer,2020,Summer,Tokyo,Rugby Sevens,"Rugby Sevens Rugby Sevens, Men",NA
1505564,Justin Douglas,M,26,NA,NA,CAN,CAN,2020 Summer,2020,Summer,Tokyo,Rugby Sevens,"Rugby Sevens Rugby Sevens, Men",NA
1505565,Nathan Hirayama,M,32,NA,NA,CAN,CAN,2020 Summer,2020,Summer,Tokyo,Rugby Sevens,"Rugby Sevens Rugby Sevens, Men",NA
1505566,Pat Kay,M,26,NA,NA,CAN,CAN,2020 Summer,2020,Summer,Tokyo,Rugby Sevens,"Rugby Sevens Rugby Sevens, Men",NA
1505567,Harry Jones,M,30,NA,NA,CAN,CAN,2020 Summer,2020,Summer,Tokyo,Rugby Sevens,"Rugby Sevens Rugby Sevens, Men",NA
1505568,Jake Thiel,M,23,NA,NA,CAN,CAN,2020 Summer,2020,Summer,Tokyo,Rugby Sevens,"Rugby Sevens Rugby Sevens, Men",NA
1505569,Andrew Coe,M,24,NA,NA,CAN,CAN,2020 Summer,2020,Summer,Tokyo,Rugby Sevens,"Rugby Sevens Rugby Sevens, Men",NA
1505570,Henry Paul,M,46,NA,NA,CAN,CAN,2020 Summer,2020,Summer,Tokyo,Rugby Sevens,"Rugby Sevens Rugby Sevens, Men",NA
1505571,Daniel Taabu,M,24,174.0,NA,KEN,KEN,2020 Summer,2020,Summer,Tokyo,Rugby Sevens,"Rugby Sevens Rugby Sevens, Men",NA
1505572,Herman Humwa,M,24,183.0,NA,KEN,KEN,2020 Summer,2020,Summer,Tokyo,Rugby Sevens,"Rugby Sevens Rugby Sevens, Men",NA
1505573,Alvin Otieno,M,26,183.0,NA,KEN,KEN,2020 Summer,2020,Summer,Tokyo,Rugby Sevens,"Rugby Sevens Rugby Sevens, Men",NA
1505574,Vincent Onyala,M,23,180.0,NA,KEN,KEN,2020 Summer,2020,Summer,Tokyo,Rugby Sevens,"Rugby Sevens Rugby Sevens, Men",NA
1505575,Billy Odhiambo,M,26,184.0,95.0,KEN,KEN,2020 Summer,2020,Summer,Tokyo,Rugby Sevens,"Rugby Sevens Rugby Sevens, Men",NA
1505576,Jeff Oluoch,M,25,173.0,NA,KEN,KEN,2020 Summer,2020,Summer,Tokyo,Rugby Sevens,"Rugby Sevens Rugby Sevens, Men",NA
1505577,Eden Agero,M,29,183.0,NA,KEN,KEN,2020 Summer,2020,Summer,Tokyo,Rugby Sevens,"Rugby Sevens Rugby Sevens, Men",NA
1505578,Andrew Amonde,M,36,190.0,104.0,KEN,KEN,2020 Summer,2020,Summer,Tokyo,Rugby Sevens,"Rugby Sevens Rugby Sevens, Men",NA
1505579,Nelson Oyoo,M,26,178.0,NA,KEN,KEN,2020 Summer,2020,Summer,Tokyo,Rugby Sevens,"Rugby Sevens Rugby Sevens, Men",NA
1505580,Johnstone Olindi,M,20,177.0,NA,KEN,KEN,2020 Summer,2020,Summer,Tokyo,Rugby Sevens,"Rugby Sevens Rugby Sevens, Men",NA
1505581,Collins Injera,M,33,182.0,90.0,KEN,KEN,2020 Summer,2020,Summer,Tokyo,Rugby Sevens,"Rugby Sevens Rugby Sevens, Men",NA
1505582,Willy Ambaka,M,30,193.0,100.0,KEN,KEN,2020 Summer,2020,Summer,Tokyo,Rugby Sevens,"Rugby Sevens Rugby Sevens, Men",NA
1505583,Jacob Ojee,M,29,180.0,NA,KEN,KEN,2020 Summer,2020,Summer,Tokyo,Rugby Sevens,"Rugby Sevens Rugby Sevens, Men",NA
1505584,Innocent Simiyu,M,37,NA,NA,KEN,KEN,2020 Summer,2020,Summer,Tokyo,Rugby Sevens,"Rugby Sevens Rugby Sevens, Men",NA
1505585,Jack Kelly,M,22,183.0,90.0,IRL,IRL,2020 Summer,2020,Summer,Tokyo,Rugby Sevens,"Rugby Sevens Rugby Sevens, Men",NA
1505586,Adam Leavy,M,24,184.0,90.0,IRL,IRL,2020 Summer,2020,Summer,Tokyo,Rugby Sevens,"Rugby Sevens Rugby Sevens, Men",NA
1505587,Harry McNulty,M,27,188.0,94.0,IRL,IRL,2020 Summer,2020,Summer,Tokyo,Rugby Sevens,"Rugby Sevens Rugby Sevens, Men",NA
1505588,Foster Horan,M,27,180.0,90.0,IRL,IRL,2020 Summer,2020,Summer,Tokyo,Rugby Sevens,"Rugby Sevens Rugby Sevens, Men",NA
1505589,Ian Fitzpatrick,M,25,180.0,89.0,IRL,IRL,2020 Summer,2020,Summer,Tokyo,Rugby Sevens,"Rugby Sevens Rugby Sevens, Men",NA
1505590,Billy Dardis,M,25,178.0,87.0,IRL,IRL,2020 Summer,2020,Summer,Tokyo,Rugby Sevens,"Rugby Sevens Rugby Sevens, Men",NA
1505591,Jordan Conroy,M,26,189.0,78.0,IRL,IRL,2020 Summer,2020,Summer,Tokyo,Rugby Sevens,"Rugby Sevens Rugby Sevens, Men",NA
1505592,Greg O'Shea,M,25,180.0,85.0,IRL,IRL,2020 Summer,2020,Summer,Tokyo,Rugby Sevens,"Rugby Sevens Rugby Sevens, Men",NA
1505593,Mark Roche,M,27,172.0,86.0,IRL,IRL,2020 Summer,2020,Summer,Tokyo,Rugby Sevens,"Rugby Sevens Rugby Sevens, Men",NA
1505594,Terry Kennedy,M,24,184.0,85.0,IRL,IRL,2020 Summer,2020,Summer,Tokyo,Rugby Sevens,"Rugby Sevens Rugby Sevens, Men",NA
1505595,Hugo Lennox,M,21,175.0,63.0,IRL,IRL,2020 Summer,2020,Summer,Tokyo,Rugby Sevens,"Rugby Sevens Rugby Sevens, Men",NA
1505596,Gavin Mullin,M,22,183.0,90.0,IRL,IRL,2020 Summer,2020,Summer,Tokyo,Rugby Sevens,"Rugby Sevens Rugby Sevens, Men",NA
1505597,Bryan Mollen,M,24,187.0,95.0,IRL,IRL,2020 Summer,2020,Summer,Tokyo,Rugby Sevens,"Rugby Sevens Rugby Sevens, Men",NA
1505598,Anthony Eddy,M,54,NA,NA,IRL,IRL,2020 Summer,2020,Summer,Tokyo,Rugby Sevens,"Rugby Sevens Rugby Sevens, Men",NA
1505599,Jose Seru,M,29,NA,NA,JPN,JPN,2020 Summer,2020,Summer,Tokyo,Rugby Sevens,"Rugby Sevens Rugby Sevens, Men",NA
1505600,Lote Tuqiri,M,32,189.0,99.0,JPN,JPN,2020 Summer,2020,Summer,Tokyo,Rugby Sevens,"Rugby Sevens Rugby Sevens, Men",NA
1505601,Colin Bourke,M,35,NA,NA,JPN,JPN,2020 Summer,2020,Summer,Tokyo,Rugby Sevens,"Rugby Sevens Rugby Sevens, Men",NA
1505602,Kazushi Hano,M,29,185.0,87.0,JPN,JPN,2020 Summer,2020,Summer,Tokyo,Rugby Sevens,"Rugby Sevens Rugby Sevens, Men",NA
1505603,Kameli Soejima,M,37,189.0,94.0,JPN,JPN,2020 Summer,2020,Summer,Tokyo,Rugby Sevens,"Rugby Sevens Rugby Sevens, Men",NA
1505604,Masakatsu Hikosaka,M,29,177.0,90.0,JPN,JPN,2020 Summer,2020,Summer,Tokyo,Rugby Sevens,"Rugby Sevens Rugby Sevens, Men",NA
1505605,Brackin Karauria-Henry,M,31,NA,NA,JPN,JPN,2020 Summer,2020,Summer,Tokyo,Rugby Sevens,"Rugby Sevens Rugby Sevens, Men",NA
1505606,Chihito Matsui,M,25,NA,NA,JPN,JPN,2020 Summer,2020,Summer,Tokyo,Rugby Sevens,"Rugby Sevens Rugby Sevens, Men",NA
1505607,Ryota Kano,M,28,NA,NA,JPN,JPN,2020 Summer,2020,Summer,Tokyo,Rugby Sevens,"Rugby Sevens Rugby Sevens, Men",NA
1505608,Yoshikazu Fujita,M,26,NA,NA,JPN,JPN,2020 Summer,2020,Summer,Tokyo,Rugby Sevens,"Rugby Sevens Rugby Sevens, Men",NA
1505609,Kippei Ishida,M,20,167.0,NA,JPN,JPN,2020 Summer,2020,Summer,Tokyo,Rugby Sevens,"Rugby Sevens Rugby Sevens, Men",NA
1505610,Naoki Motomura,M,28,NA,NA,JPN,JPN,2020 Summer,2020,Summer,Tokyo,Rugby Sevens,"Rugby Sevens Rugby Sevens, Men",NA
1505611,Kazuhiro Goya,M,27,170.0,77.0,JPN,JPN,2020 Summer,2020,Summer,Tokyo,Rugby Sevens,"Rugby Sevens Rugby Sevens, Men",NA
1505612,Kensuke Iwabuchi,M,44,NA,NA,JPN,JPN,2020 Summer,2020,Summer,Tokyo,Rugby Sevens,"Rugby Sevens Rugby Sevens, Men",NA
1505613,Han Geon-Gyu,M,33,NA,NA,KOR,KOR,2020 Summer,2020,Summer,Tokyo,Rugby Sevens,"Rugby Sevens Rugby Sevens, Men",NA
1505614,Kim Hyeon-Su,M,31,NA,NA,KOR,KOR,2020 Summer,2020,Summer,Tokyo,Rugby Sevens,"Rugby Sevens Rugby Sevens, Men",NA
1505615,Andre-Jin Coquillard,M,29,NA,NA,KOR,KOR,2020 Summer,2020,Summer,Tokyo,Rugby Sevens,"Rugby Sevens Rugby Sevens, Men",NA
1505616,Jang Yong-Heung,M,26,NA,NA,KOR,KOR,2020 Summer,2020,Summer,Tokyo,Rugby Sevens,"Rugby Sevens Rugby Sevens, Men",NA
1505617,Lee Seong-Bae,M,30,NA,NA,KOR,KOR,2020 Summer,2020,Summer,Tokyo,Rugby Sevens,"Rugby Sevens Rugby Sevens, Men",NA
1505618,Kim Nam-Uk,M,30,NA,NA,KOR,KOR,2020 Summer,2020,Summer,Tokyo,Rugby Sevens,"Rugby Sevens Rugby Sevens, Men",NA
1505619,Jang Jeong-Min,M,25,NA,NA,KOR,KOR,2020 Summer,2020,Summer,Tokyo,Rugby Sevens,"Rugby Sevens Rugby Sevens, Men",NA
1505620,Jang Seong-Min,M,27,NA,NA,KOR,KOR,2020 Summer,2020,Summer,Tokyo,Rugby Sevens,"Rugby Sevens Rugby Sevens, Men",NA
1505621,Park Wan-Yong,M,36,NA,NA,KOR,KOR,2020 Summer,2020,Summer,Tokyo,Rugby Sevens,"Rugby Sevens Rugby Sevens, Men",NA
1505622,Lee Jin-Gyu,M,26,NA,NA,KOR,KOR,2020 Summer,2020,Summer,Tokyo,Rugby Sevens,"Rugby Sevens Rugby Sevens, Men",NA
1505623,Choi Seong-Deok,M,21,NA,NA,KOR,KOR,2020 Summer,2020,Summer,Tokyo,Rugby Sevens,"Rugby Sevens Rugby Sevens, Men",NA
1505624,Jeong Yeon-Sik,M,27,NA,NA,KOR,KOR,2020 Summer,2020,Summer,Tokyo,Rugby Sevens,"Rugby Sevens Rugby Sevens, Men",NA
1505625,Kim Gwang-Min,M,32,NA,NA,KOR,KOR,2020 Summer,2020,Summer,Tokyo,Rugby Sevens,"Rugby Sevens Rugby Sevens, Men",NA
1505626,Seo Cheon-Oh,M,52,NA,NA,KOR,KOR,2020 Summer,2020,Summer,Tokyo,Rugby Sevens,"Rugby Sevens Rugby Sevens, Men",NA
1505627,Ruby Tui,F,28,177.0,71.0,NZL,NZL,2020 Summer,2020,Summer,Tokyo,Rugby Sevens,"Rugby Sevens Rugby Sevens, Women",Gold
1505628,Risi Pouri-Lane,F,20,164.0,NA,NZL,NZL,2020 Summer,2020,Summer,Tokyo,Rugby Sevens,"Rugby Sevens Rugby Sevens, Women",Gold
1505629,Stacey Fluhler,F,24,170.0,NA,NZL,NZL,2020 Summer,2020,Summer,Tokyo,Rugby Sevens,"Rugby Sevens Rugby Sevens, Women",Gold
1505630,Shiray Kaka,F,25,170.0,NA,NZL,NZL,2020 Summer,2020,Summer,Tokyo,Rugby Sevens,"Rugby Sevens Rugby Sevens, Women",Gold
1505631,Sarah Goss-Hirini,F,27,176.0,73.0,NZL,NZL,2020 Summer,2020,Summer,Tokyo,Rugby Sevens,"Rugby Sevens Rugby Sevens, Women",Gold
1505632,Michaela Blyde,F,24,163.0,NA,NZL,NZL,2020 Summer,2020,Summer,Tokyo,Rugby Sevens,"Rugby Sevens Rugby Sevens, Women",Gold
1505633,Tyla Nathan-Wong,F,26,163.0,58.0,NZL,NZL,2020 Summer,2020,Summer,Tokyo,Rugby Sevens,"Rugby Sevens Rugby Sevens, Women",Gold
1505634,Kelly Brazier,F,30,171.0,70.0,NZL,NZL,2020 Summer,2020,Summer,Tokyo,Rugby Sevens,"Rugby Sevens Rugby Sevens, Women",Gold
1505635,Gayle Broughton,F,24,174.0,70.0,NZL,NZL,2020 Summer,2020,Summer,Tokyo,Rugby Sevens,"Rugby Sevens Rugby Sevens, Women",Gold
1505636,Theresa Fitzpatrick,F,25,168.0,75.0,NZL,NZL,2020 Summer,2020,Summer,Tokyo,Rugby Sevens,"Rugby Sevens Rugby Sevens, Women",Gold
1505637,Portia Woodman,F,29,169.0,74.0,NZL,NZL,2020 Summer,2020,Summer,Tokyo,Rugby Sevens,"Rugby Sevens Rugby Sevens, Women",Gold
1505638,Alena Saili,F,21,171.0,NA,NZL,NZL,2020 Summer,2020,Summer,Tokyo,Rugby Sevens,"Rugby Sevens Rugby Sevens, Women",Gold
1505639,Tenika Willison,F,22,170.0,NA,NZL,NZL,2020 Summer,2020,Summer,Tokyo,Rugby Sevens,"Rugby Sevens Rugby Sevens, Women",Gold
1505640,Allan Bunting,M,42,NA,NA,NZL,NZL,2020 Summer,2020,Summer,Tokyo,Rugby Sevens,"Rugby Sevens Rugby Sevens, Women",Gold
1505641,Séraphine Okemba,F,24,NA,NA,FRA,FRA,2020 Summer,2020,Summer,Tokyo,Rugby Sevens,"Rugby Sevens Rugby Sevens, Women",Silver
1505642,Anne-Cécile Ciofani,F,26,NA,NA,FRA,FRA,2020 Summer,2020,Summer,Tokyo,Rugby Sevens,"Rugby Sevens Rugby Sevens, Women",Silver
1505643,Chloé Pelle,F,30,NA,NA,FRA,FRA,2020 Summer,2020,Summer,Tokyo,Rugby Sevens,"Rugby Sevens Rugby Sevens, Women",Silver
1505644,Chloé Jacquet,F,18,NA,NA,FRA,FRA,2020 Summer,2020,Summer,Tokyo,Rugby Sevens,"Rugby Sevens Rugby Sevens, Women",Silver
1505645,Jade Ulutule,F,27,163.0,63.0,FRA,FRA,2020 Summer,2020,Summer,Tokyo,Rugby Sevens,"Rugby Sevens Rugby Sevens, Women",Silver
1505646,Fanny Horta,F,34,166.0,63.0,FRA,FRA,2020 Summer,2020,Summer,Tokyo,Rugby Sevens,"Rugby Sevens Rugby Sevens, Women",Silver
1505647,Coralie Bertrand,F,26,NA,NA,FRA,FRA,2020 Summer,2020,Summer,Tokyo,Rugby Sevens,"Rugby Sevens Rugby Sevens, Women",Silver
1505648,Camille Grassineau,F,29,165.0,58.0,FRA,FRA,2020 Summer,2020,Summer,Tokyo,Rugby Sevens,"Rugby Sevens Rugby Sevens, Women",Silver
1505649,Carla Neisen,F,24,NA,NA,FRA,FRA,2020 Summer,2020,Summer,Tokyo,Rugby Sevens,"Rugby Sevens Rugby Sevens, Women",Silver
1505650,Caroline Drouin,F,24,NA,NA,FRA,FRA,2020 Summer,2020,Summer,Tokyo,Rugby Sevens,"Rugby Sevens Rugby Sevens, Women",Silver
1505651,Shannon Izar,F,27,172.0,68.0,FRA,FRA,2020 Summer,2020,Summer,Tokyo,Rugby Sevens,"Rugby Sevens Rugby Sevens, Women",Silver
1505652,Lina Guérin,F,29,175.0,64.0,FRA,FRA,2020 Summer,2020,Summer,Tokyo,Rugby Sevens,"Rugby Sevens Rugby Sevens, Women",Silver
1505653,Nassira Kondé,F,20,NA,NA,FRA,FRA,2020 Summer,2020,Summer,Tokyo,Rugby Sevens,"Rugby Sevens Rugby Sevens, Women",Silver
1505654,David Courteix,M,48,NA,NA,FRA,FRA,2020 Summer,2020,Summer,Tokyo,Rugby Sevens,"Rugby Sevens Rugby Sevens, Women",Silver
1505655,Vasiti Solikoviti,F,26,NA,NA,FIJ,FIJ,2020 Summer,2020,Summer,Tokyo,Rugby Sevens,"Rugby Sevens Rugby Sevens, Women",Bronze
1505656,Sesenieli Donu,F,24,NA,NA,FIJ,FIJ,2020 Summer,2020,Summer,Tokyo,Rugby Sevens,"Rugby Sevens Rugby Sevens, Women",Bronze
1505657,Raijieli Daveua,F,28,NA,69.0,FIJ,FIJ,2020 Summer,2020,Summer,Tokyo,Rugby Sevens,"Rugby Sevens Rugby Sevens, Women",Bronze
1505658,Rusila Nagasau,F,32,175.0,80.0,FIJ,FIJ,2020 Summer,2020,Summer,Tokyo,Rugby Sevens,"Rugby Sevens Rugby Sevens, Women",Bronze
1505659,Ana Roqica,F,32,162.0,55.0,FIJ,FIJ,2020 Summer,2020,Summer,Tokyo,Rugby Sevens,"Rugby Sevens Rugby Sevens, Women",Bronze
1505660,Reapi Ulunisau,F,25,NA,NA,FIJ,FIJ,2020 Summer,2020,Summer,Tokyo,Rugby Sevens,"Rugby Sevens Rugby Sevens, Women",Bronze
1505661,Lavena Cavuru,F,26,NA,NA,FIJ,FIJ,2020 Summer,2020,Summer,Tokyo,Rugby Sevens,"Rugby Sevens Rugby Sevens, Women",Bronze
1505662,Laisana Likuceva,F,21,NA,NA,FIJ,FIJ,2020 Summer,2020,Summer,Tokyo,Rugby Sevens,"Rugby Sevens Rugby Sevens, Women",Bronze
1505663,Viniana Riwai,F,29,165.0,70.0,FIJ,FIJ,2020 Summer,2020,Summer,Tokyo,Rugby Sevens,"Rugby Sevens Rugby Sevens, Women",Bronze
1505664,Alowesi Nakoci,F,28,NA,NA,FIJ,FIJ,2020 Summer,2020,Summer,Tokyo,Rugby Sevens,"Rugby Sevens Rugby Sevens, Women",Bronze
1505665,Ana Maria Naimasi,F,26,NA,NA,FIJ,FIJ,2020 Summer,2020,Summer,Tokyo,Rugby Sevens,"Rugby Sevens Rugby Sevens, Women",Bronze
1505666,Roela Radiniyavuni,F,30,NA,NA,FIJ,FIJ,2020 Summer,2020,Summer,Tokyo,Rugby Sevens,"Rugby Sevens Rugby Sevens, Women",Bronze
1505667,Lavenia Tinai,F,29,165.0,57.0,FIJ,FIJ,2020 Summer,2020,Summer,Tokyo,Rugby Sevens,"Rugby Sevens Rugby Sevens, Women",Bronze
1505668,Saiasi Fuli,M,42,NA,NA,FIJ,FIJ,2020 Summer,2020,Summer,Tokyo,Rugby Sevens,"Rugby Sevens Rugby Sevens, Women",Bronze
1505669,Jasmine Joyce,F,24,163.0,55.0,GBR,GBR,2020 Summer,2020,Summer,Tokyo,Rugby Sevens,"Rugby Sevens Rugby Sevens, Women",NA
1505670,Abbie Brown,F,24,176.0,71.0,GBR,GBR,2020 Summer,2020,Summer,Tokyo,Rugby Sevens,"Rugby Sevens Rugby Sevens, Women",NA
1505671,Abi Burton,F,20,171.0,80.0,GBR,GBR,2020 Summer,2020,Summer,Tokyo,Rugby Sevens,"Rugby Sevens Rugby Sevens, Women",NA
1505672,Natasha Hunt,F,31,165.0,62.0,GBR,GBR,2020 Summer,2020,Summer,Tokyo,Rugby Sevens,"Rugby Sevens Rugby Sevens, Women",NA
1505673,Hannah Smith,F,27,172.0,70.0,GBR,GBR,2020 Summer,2020,Summer,Tokyo,Rugby Sevens,"Rugby Sevens Rugby Sevens, Women",NA
1505674,Deborah Fleming,F,29,172.0,60.0,GBR,GBR,2020 Summer,2020,Summer,Tokyo,Rugby Sevens,"Rugby Sevens Rugby Sevens, Women",NA
1505675,Emma Uren,F,22,172.0,68.0,GBR,GBR,2020 Summer,2020,Summer,Tokyo,Rugby Sevens,"Rugby Sevens Rugby Sevens, Women",NA
1505676,Celia Quansah,F,24,175.0,82.0,GBR,GBR,2020 Summer,2020,Summer,Tokyo,Rugby Sevens,"Rugby Sevens Rugby Sevens, Women",NA
1505677,Alex Matthews,F,26,173.0,80.0,GBR,GBR,2020 Summer,2020,Summer,Tokyo,Rugby Sevens,"Rugby Sevens Rugby Sevens, Women",NA
1505678,Meg Jones,F,23,165.0,68.0,GBR,GBR,2020 Summer,2020,Summer,Tokyo,Rugby Sevens,"Rugby Sevens Rugby Sevens, Women",NA
1505679,Holly Aitchison,F,22,175.0,73.0,GBR,GBR,2020 Summer,2020,Summer,Tokyo,Rugby Sevens,"Rugby Sevens Rugby Sevens, Women",NA
1505680,Helena Rowland,F,20,168.0,67.0,GBR,GBR,2020 Summer,2020,Summer,Tokyo,Rugby Sevens,"Rugby Sevens Rugby Sevens, Women",NA
1505681,Lisa Thomson,F,22,169.0,75.0,GBR,GBR,2020 Summer,2020,Summer,Tokyo,Rugby Sevens,"Rugby Sevens Rugby Sevens, Women",NA
1505682,Scott Forrest,M,35,NA,NA,GBR,GBR,2020 Summer,2020,Summer,Tokyo,Rugby Sevens,"Rugby Sevens Rugby Sevens, Women",NA
1505683,Shannon Parry,F,30,170.0,70.0,AUS,AUS,2020 Summer,2020,Summer,Tokyo,Rugby Sevens,"Rugby Sevens Rugby Sevens, Women",NA
1505684,Sharni Williams,F,32,167.0,79.0,AUS,AUS,2020 Summer,2020,Summer,Tokyo,Rugby Sevens,"Rugby Sevens Rugby Sevens, Women",NA
1505685,Faith Nathan,F,19,164.0,65.0,AUS,AUS,2020 Summer,2020,Summer,Tokyo,Rugby Sevens,"Rugby Sevens Rugby Sevens, Women",NA
1505686,Dom Du Toit,F,23,167.0,NA,AUS,AUS,2020 Summer,2020,Summer,Tokyo,Rugby Sevens,"Rugby Sevens Rugby Sevens, Women",NA
1505687,Emma Tonegato,F,25,165.0,63.0,AUS,AUS,2020 Summer,2020,Summer,Tokyo,Rugby Sevens,"Rugby Sevens Rugby Sevens, Women",NA
1505688,Evania Pelite,F,25,169.0,67.0,AUS,AUS,2020 Summer,2020,Summer,Tokyo,Rugby Sevens,"Rugby Sevens Rugby Sevens, Women",NA
1505689,Charlotte Caslick,F,25,172.0,65.0,AUS,AUS,2020 Summer,2020,Summer,Tokyo,Rugby Sevens,"Rugby Sevens Rugby Sevens, Women",NA
1505690,Madison Ashby,F,19,165.0,NA,AUS,AUS,2020 Summer,2020,Summer,Tokyo,Rugby Sevens,"Rugby Sevens Rugby Sevens, Women",NA
1505691,Tia Hinds,F,18,168.0,66.0,AUS,AUS,2020 Summer,2020,Summer,Tokyo,Rugby Sevens,"Rugby Sevens Rugby Sevens, Women",NA
1505692,Sariah Paki,F,18,172.0,73.0,AUS,AUS,2020 Summer,2020,Summer,Tokyo,Rugby Sevens,"Rugby Sevens Rugby Sevens, Women",NA
1505693,Demi Hayes,F,22,172.0,70.0,AUS,AUS,2020 Summer,2020,Summer,Tokyo,Rugby Sevens,"Rugby Sevens Rugby Sevens, Women",NA
1505694,Maddison Levi,F,18,186.0,72.0,AUS,AUS,2020 Summer,2020,Summer,Tokyo,Rugby Sevens,"Rugby Sevens Rugby Sevens, Women",NA
1505695,Alysia Lefau-Fakaosilea,F,19,170.0,74.0,AUS,AUS,2020 Summer,2020,Summer,Tokyo,Rugby Sevens,"Rugby Sevens Rugby Sevens, Women",NA
1505696,John Manenti,M,49,NA,NA,AUS,AUS,2020 Summer,2020,Summer,Tokyo,Rugby Sevens,"Rugby Sevens Rugby Sevens, Women",NA
1505697,Cheta Emba,F,26,182.0,79.0,USA,USA,2020 Summer,2020,Summer,Tokyo,Rugby Sevens,"Rugby Sevens Rugby Sevens, Women",NA
1505698,Ilona Maher,F,23,NA,NA,USA,USA,2020 Summer,2020,Summer,Tokyo,Rugby Sevens,"Rugby Sevens Rugby Sevens, Women",NA
1505699,Abby Gustaitis,F,29,NA,NA,USA,USA,2020 Summer,2020,Summer,Tokyo,Rugby Sevens,"Rugby Sevens Rugby Sevens, Women",NA
1505700,Nicole Heavirland,F,25,165.0,66.0,USA,USA,2020 Summer,2020,Summer,Tokyo,Rugby Sevens,"Rugby Sevens Rugby Sevens, Women",NA
1505701,Alev Kelter,F,29,168.0,75.0,USA,USA,2020 Summer,2020,Summer,Tokyo,Rugby Sevens,"Rugby Sevens Rugby Sevens, Women",NA
1505702,Lauren Doyle,F,29,168.0,68.0,USA,USA,2020 Summer,2020,Summer,Tokyo,Rugby Sevens,"Rugby Sevens Rugby Sevens, Women",NA
1505703,Naya Tapper,F,25,NA,NA,USA,USA,2020 Summer,2020,Summer,Tokyo,Rugby Sevens,"Rugby Sevens Rugby Sevens, Women",NA
1505704,Jordan Gray-Matyas,F,27,183.0,88.0,USA,USA,2020 Summer,2020,Summer,Tokyo,Rugby Sevens,"Rugby Sevens Rugby Sevens, Women",NA
1505705,Ariana Ramsey,F,20,160.0,64.0,USA,USA,2020 Summer,2020,Summer,Tokyo,Rugby Sevens,"Rugby Sevens Rugby Sevens, Women",NA
1505706,Kayla Canett,F,22,NA,NA,USA,USA,2020 Summer,2020,Summer,Tokyo,Rugby Sevens,"Rugby Sevens Rugby Sevens, Women",NA
1505707,Kris Thomas,F,27,173.0,71.0,USA,USA,2020 Summer,2020,Summer,Tokyo,Rugby Sevens,"Rugby Sevens Rugby Sevens, Women",NA
1505708,Kristi Kirshe,F,25,160.0,63.0,USA,USA,2020 Summer,2020,Summer,Tokyo,Rugby Sevens,"Rugby Sevens Rugby Sevens, Women",NA
1505709,Nia Toliver,F,22,167.0,73.0,USA,USA,2020 Summer,2020,Summer,Tokyo,Rugby Sevens,"Rugby Sevens Rugby Sevens, Women",NA
1505710,Chris Brown,M,34,NA,NA,USA,USA,2020 Summer,2020,Summer,Tokyo,Rugby Sevens,"Rugby Sevens Rugby Sevens, Women",NA
1505711,Yang Min,F,25,NA,NA,CHN,CHN,2020 Summer,2020,Summer,Tokyo,Rugby Sevens,"Rugby Sevens Rugby Sevens, Women",NA
1505712,Yan Meiling,F,23,168.0,67.0,CHN,CHN,2020 Summer,2020,Summer,Tokyo,Rugby Sevens,"Rugby Sevens Rugby Sevens, Women",NA
1505713,Tang Minglin,F,22,NA,NA,CHN,CHN,2020 Summer,2020,Summer,Tokyo,Rugby Sevens,"Rugby Sevens Rugby Sevens, Women",NA
1505714,Wu Juan,F,21,NA,NA,CHN,CHN,2020 Summer,2020,Summer,Tokyo,Rugby Sevens,"Rugby Sevens Rugby Sevens, Women",NA
1505715,Yu Xiaoming,F,26,NA,NA,CHN,CHN,2020 Summer,2020,Summer,Tokyo,Rugby Sevens,"Rugby Sevens Rugby Sevens, Women",NA
1505716,Wang Wanyu,F,23,NA,NA,CHN,CHN,2020 Summer,2020,Summer,Tokyo,Rugby Sevens,"Rugby Sevens Rugby Sevens, Women",NA
1505717,Chen Keyi,F,24,NA,NA,CHN,CHN,2020 Summer,2020,Summer,Tokyo,Rugby Sevens,"Rugby Sevens Rugby Sevens, Women",NA
1505718,Liu Xiaoqian,F,24,160.0,59.0,CHN,CHN,2020 Summer,2020,Summer,Tokyo,Rugby Sevens,"Rugby Sevens Rugby Sevens, Women",NA
1505719,Yang Feifei,F,22,163.0,60.0,CHN,CHN,2020 Summer,2020,Summer,Tokyo,Rugby Sevens,"Rugby Sevens Rugby Sevens, Women",NA
1505720,Gu Yaoyao,F,24,NA,NA,CHN,CHN,2020 Summer,2020,Summer,Tokyo,Rugby Sevens,"Rugby Sevens Rugby Sevens, Women",NA
1505721,Xu Xiaoyan,F,22,NA,NA,CHN,CHN,2020 Summer,2020,Summer,Tokyo,Rugby Sevens,"Rugby Sevens Rugby Sevens, Women",NA
1505722,Ruan Hongting,F,24,NA,NA,CHN,CHN,2020 Summer,2020,Summer,Tokyo,Rugby Sevens,"Rugby Sevens Rugby Sevens, Women",NA
1505723,Yu Liping,F,26,NA,NA,CHN,CHN,2020 Summer,2020,Summer,Tokyo,Rugby Sevens,"Rugby Sevens Rugby Sevens, Women",NA
1505724,Euan Mackintosh,M,34,NA,NA,CHN,CHN,2020 Summer,2020,Summer,Tokyo,Rugby Sevens,"Rugby Sevens Rugby Sevens, Women",NA
1505725,Darya Noritsina,F,23,NA,NA,ROC,ROC,2020 Summer,2020,Summer,Tokyo,Rugby Sevens,"Rugby Sevens Rugby Sevens, Women",NA
1505726,Mariya Pogrebnyak,F,24,NA,NA,ROC,ROC,2020 Summer,2020,Summer,Tokyo,Rugby Sevens,"Rugby Sevens Rugby Sevens, Women",NA
1505727,Darya Shestakova,F,24,NA,NA,ROC,ROC,2020 Summer,2020,Summer,Tokyo,Rugby Sevens,"Rugby Sevens Rugby Sevens, Women",NA
1505728,Alyona Tiron,F,26,NA,NA,ROC,ROC,2020 Summer,2020,Summer,Tokyo,Rugby Sevens,"Rugby Sevens Rugby Sevens, Women",NA
1505729,Bayzat Khamidova,F,29,NA,NA,ROC,ROC,2020 Summer,2020,Summer,Tokyo,Rugby Sevens,"Rugby Sevens Rugby Sevens, Women",NA
1505730,Yana Danilova,F,24,NA,NA,ROC,ROC,2020 Summer,2020,Summer,Tokyo,Rugby Sevens,"Rugby Sevens Rugby Sevens, Women",NA
1505731,Kristina Seredina,F,25,NA,NA,ROC,ROC,2020 Summer,2020,Summer,Tokyo,Rugby Sevens,"Rugby Sevens Rugby Sevens, Women",NA
1505732,Marina Kukina,F,26,NA,NA,ROC,ROC,2020 Summer,2020,Summer,Tokyo,Rugby Sevens,"Rugby Sevens Rugby Sevens, Women",NA
1505733,Darya Lushina,F,23,NA,NA,ROC,ROC,2020 Summer,2020,Summer,Tokyo,Rugby Sevens,"Rugby Sevens Rugby Sevens, Women",NA
1505734,Yelena Zdrokova,F,23,NA,NA,ROC,ROC,2020 Summer,2020,Summer,Tokyo,Rugby Sevens,"Rugby Sevens Rugby Sevens, Women",NA
1505735,Nadezhda Sozonova,F,28,NA,NA,ROC,ROC,2020 Summer,2020,Summer,Tokyo,Rugby Sevens,"Rugby Sevens Rugby Sevens, Women",NA
1505736,Anna Baranchuk,F,26,NA,NA,ROC,ROC,2020 Summer,2020,Summer,Tokyo,Rugby Sevens,"Rugby Sevens Rugby Sevens, Women",NA
1505737,Alina Arterchuk,F,24,NA,NA,ROC,ROC,2020 Summer,2020,Summer,Tokyo,Rugby Sevens,"Rugby Sevens Rugby Sevens, Women",NA
1505738,Andrey Kuzin,M,41,NA,NA,ROC,ROC,2020 Summer,2020,Summer,Tokyo,Rugby Sevens,"Rugby Sevens Rugby Sevens, Women",NA
1505739,Britt Benn,F,31,165.0,68.0,CAN,CAN,2020 Summer,2020,Summer,Tokyo,Rugby Sevens,"Rugby Sevens Rugby Sevens, Women",NA
1505740,Kayla Moleschi,F,29,159.0,65.0,CAN,CAN,2020 Summer,2020,Summer,Tokyo,Rugby Sevens,"Rugby Sevens Rugby Sevens, Women",NA
1505741,Pam Buisa,F,23,179.0,75.0,CAN,CAN,2020 Summer,2020,Summer,Tokyo,Rugby Sevens,"Rugby Sevens Rugby Sevens, Women",NA
1505742,Breanne Nicholas,F,26,NA,NA,CAN,CAN,2020 Summer,2020,Summer,Tokyo,Rugby Sevens,"Rugby Sevens Rugby Sevens, Women",NA
1505743,Julia Greenshields,F,28,NA,NA,CAN,CAN,2020 Summer,2020,Summer,Tokyo,Rugby Sevens,"Rugby Sevens Rugby Sevens, Women",NA
1505744,Charity Williams,F,23,162.0,68.0,CAN,CAN,2020 Summer,2020,Summer,Tokyo,Rugby Sevens,"Rugby Sevens Rugby Sevens, Women",NA
1505745,Karen Paquin,F,32,172.0,70.0,CAN,CAN,2020 Summer,2020,Summer,Tokyo,Rugby Sevens,"Rugby Sevens Rugby Sevens, Women",NA
1505746,Bianca Farella,F,28,173.0,73.0,CAN,CAN,2020 Summer,2020,Summer,Tokyo,Rugby Sevens,"Rugby Sevens Rugby Sevens, Women",NA
1505747,Ghislaine Landry,F,32,163.0,65.0,CAN,CAN,2020 Summer,2020,Summer,Tokyo,Rugby Sevens,"Rugby Sevens Rugby Sevens, Women",NA
1505748,Kaili Lukan,F,26,NA,NA,CAN,CAN,2020 Summer,2020,Summer,Tokyo,Rugby Sevens,"Rugby Sevens Rugby Sevens, Women",NA
1505749,Elissa Alarie,F,34,NA,NA,CAN,CAN,2020 Summer,2020,Summer,Tokyo,Rugby Sevens,"Rugby Sevens Rugby Sevens, Women",NA
1505750,Keyara Wardley,F,20,166.0,68.0,CAN,CAN,2020 Summer,2020,Summer,Tokyo,Rugby Sevens,"Rugby Sevens Rugby Sevens, Women",NA
1505751,Olivia Apps,F,21,NA,NA,CAN,CAN,2020 Summer,2020,Summer,Tokyo,Rugby Sevens,"Rugby Sevens Rugby Sevens, Women",NA
1505752,Mick Byrne,M,61,NA,NA,CAN,CAN,2020 Summer,2020,Summer,Tokyo,Rugby Sevens,"Rugby Sevens Rugby Sevens, Women",NA
1505753,Leah Wambui,F,31,171.0,NA,KEN,KEN,2020 Summer,2020,Summer,Tokyo,Rugby Sevens,"Rugby Sevens Rugby Sevens, Women",NA
1505754,Christabel Lindo,F,20,167.0,NA,KEN,KEN,2020 Summer,2020,Summer,Tokyo,Rugby Sevens,"Rugby Sevens Rugby Sevens, Women",NA
1505755,Sheila Chajira,F,26,165.0,73.0,KEN,KEN,2020 Summer,2020,Summer,Tokyo,Rugby Sevens,"Rugby Sevens Rugby Sevens, Women",NA
1505756,Vivian Okwach,F,21,160.0,NA,KEN,KEN,2020 Summer,2020,Summer,Tokyo,Rugby Sevens,"Rugby Sevens Rugby Sevens, Women",NA
1505757,Stella Wafula,F,22,177.0,NA,KEN,KEN,2020 Summer,2020,Summer,Tokyo,Rugby Sevens,"Rugby Sevens Rugby Sevens, Women",NA
1505758,Judith Auma,F,22,155.0,NA,KEN,KEN,2020 Summer,2020,Summer,Tokyo,Rugby Sevens,"Rugby Sevens Rugby Sevens, Women",NA
1505759,Sarah Ndunde,F,23,171.0,NA,KEN,KEN,2020 Summer,2020,Summer,Tokyo,Rugby Sevens,"Rugby Sevens Rugby Sevens, Women",NA
1505760,Sinaida Omondi,F,29,171.0,NA,KEN,KEN,2020 Summer,2020,Summer,Tokyo,Rugby Sevens,"Rugby Sevens Rugby Sevens, Women",NA
1505761,Janet Okelo,F,28,172.0,60.0,KEN,KEN,2020 Summer,2020,Summer,Tokyo,Rugby Sevens,"Rugby Sevens Rugby Sevens, Women",NA
1505762,Grace Okulu,F,22,171.0,NA,KEN,KEN,2020 Summer,2020,Summer,Tokyo,Rugby Sevens,"Rugby Sevens Rugby Sevens, Women",NA
1505763,Camilla Atieno,F,25,180.0,NA,KEN,KEN,2020 Summer,2020,Summer,Tokyo,Rugby Sevens,"Rugby Sevens Rugby Sevens, Women",NA
1505764,Philadelphia Orlando,F,30,154.0,72.0,KEN,KEN,2020 Summer,2020,Summer,Tokyo,Rugby Sevens,"Rugby Sevens Rugby Sevens, Women",NA
1505765,Diana Ochieng,F,27,167.0,NA,KEN,KEN,2020 Summer,2020,Summer,Tokyo,Rugby Sevens,"Rugby Sevens Rugby Sevens, Women",NA
1505766,Felix Oloo,M,35,NA,NA,KEN,KEN,2020 Summer,2020,Summer,Tokyo,Rugby Sevens,"Rugby Sevens Rugby Sevens, Women",NA
1505767,Mari Nicolau,F,22,160.0,70.0,BRA,BRA,2020 Summer,2020,Summer,Tokyo,Rugby Sevens,"Rugby Sevens Rugby Sevens, Women",NA
1505768,Luiza Campos,F,29,165.0,68.0,BRA,BRA,2020 Summer,2020,Summer,Tokyo,Rugby Sevens,"Rugby Sevens Rugby Sevens, Women",NA
1505769,Rafaela Zanellato,F,20,163.0,68.0,BRA,BRA,2020 Summer,2020,Summer,Tokyo,Rugby Sevens,"Rugby Sevens Rugby Sevens, Women",NA
1505770,Leila Silva,F,23,160.0,56.0,BRA,BRA,2020 Summer,2020,Summer,Tokyo,Rugby Sevens,"Rugby Sevens Rugby Sevens, Women",NA
1505771,Thalita Costa,F,23,158.0,64.0,BRA,BRA,2020 Summer,2020,Summer,Tokyo,Rugby Sevens,"Rugby Sevens Rugby Sevens, Women",NA
1505772,Izzy Cerullo,F,29,158.0,58.0,BRA,BRA,2020 Summer,2020,Summer,Tokyo,Rugby Sevens,"Rugby Sevens Rugby Sevens, Women",NA
1505773,Aline Furtado,F,24,162.0,60.0,BRA,BRA,2020 Summer,2020,Summer,Tokyo,Rugby Sevens,"Rugby Sevens Rugby Sevens, Women",NA
1505774,Marina Fioravanti,F,26,169.0,66.0,BRA,BRA,2020 Summer,2020,Summer,Tokyo,Rugby Sevens,"Rugby Sevens Rugby Sevens, Women",NA
1505775,Haline Leme Scatrut,F,27,169.0,64.0,BRA,BRA,2020 Summer,2020,Summer,Tokyo,Rugby Sevens,"Rugby Sevens Rugby Sevens, Women",NA
1505776,Raquel Kochhann,F,27,172.0,72.0,BRA,BRA,2020 Summer,2020,Summer,Tokyo,Rugby Sevens,"Rugby Sevens Rugby Sevens, Women",NA
1505777,Bianca Silva,F,21,174.0,63.0,BRA,BRA,2020 Summer,2020,Summer,Tokyo,Rugby Sevens,"Rugby Sevens Rugby Sevens, Women",NA
1505778,Thalia Costa,F,23,155.0,55.0,BRA,BRA,2020 Summer,2020,Summer,Tokyo,Rugby Sevens,"Rugby Sevens Rugby Sevens, Women",NA
1505779,Eshyllen Cardoso,F,19,175.0,73.0,BRA,BRA,2020 Summer,2020,Summer,Tokyo,Rugby Sevens,"Rugby Sevens Rugby Sevens, Women",NA
1505780,William Broderick,M,27,NA,NA,BRA,BRA,2020 Summer,2020,Summer,Tokyo,Rugby Sevens,"Rugby Sevens Rugby Sevens, Women",NA
1505781,Raichieru Miyo Bativakalolo,F,22,NA,NA,JPN,JPN,2020 Summer,2020,Summer,Tokyo,Rugby Sevens,"Rugby Sevens Rugby Sevens, Women",NA
1505782,Mayu Shimizu,F,22,NA,NA,JPN,JPN,2020 Summer,2020,Summer,Tokyo,Rugby Sevens,"Rugby Sevens Rugby Sevens, Women",NA
1505783,Miyu Shirako,F,24,NA,NA,JPN,JPN,2020 Summer,2020,Summer,Tokyo,Rugby Sevens,"Rugby Sevens Rugby Sevens, Women",NA
1505784,Marin Kajiki,F,20,NA,NA,JPN,JPN,2020 Summer,2020,Summer,Tokyo,Rugby Sevens,"Rugby Sevens Rugby Sevens, Women",NA
1505785,Yume Hirano,F,20,NA,NA,JPN,JPN,2020 Summer,2020,Summer,Tokyo,Rugby Sevens,"Rugby Sevens Rugby Sevens, Women",NA
1505786,Haruka Hirotsu,F,19,NA,NA,JPN,JPN,2020 Summer,2020,Summer,Tokyo,Rugby Sevens,"Rugby Sevens Rugby Sevens, Women",NA
1505787,Wakaba Hara,F,20,NA,NA,JPN,JPN,2020 Summer,2020,Summer,Tokyo,Rugby Sevens,"Rugby Sevens Rugby Sevens, Women",NA
1505788,Riho Kurogi,F,22,NA,NA,JPN,JPN,2020 Summer,2020,Summer,Tokyo,Rugby Sevens,"Rugby Sevens Rugby Sevens, Women",NA
1505789,Mei Ohtani,F,20,NA,NA,JPN,JPN,2020 Summer,2020,Summer,Tokyo,Rugby Sevens,"Rugby Sevens Rugby Sevens, Women",NA
1505790,Hana Nagata,F,20,NA,NA,JPN,JPN,2020 Summer,2020,Summer,Tokyo,Rugby Sevens,"Rugby Sevens Rugby Sevens, Women",NA
1505791,Mifuyu Koide,F,24,165.0,59.0,JPN,JPN,2020 Summer,2020,Summer,Tokyo,Rugby Sevens,"Rugby Sevens Rugby Sevens, Women",NA
1505792,Honoka Tsutsumi,F,23,NA,NA,JPN,JPN,2020 Summer,2020,Summer,Tokyo,Rugby Sevens,"Rugby Sevens Rugby Sevens, Women",NA
1505793,Mio Yamanaka,F,24,157.0,56.0,JPN,JPN,2020 Summer,2020,Summer,Tokyo,Rugby Sevens,"Rugby Sevens Rugby Sevens, Women",NA
1505794,Hare Makiri,M,42,NA,NA,JPN,JPN,2020 Summer,2020,Summer,Tokyo,Rugby Sevens,"Rugby Sevens Rugby Sevens, Women",NA
1505795,Varian Pasquet,M,24,NA,NA,FRA,FRA,2024 Summer,2024,Summer,Paris,Rugby Sevens,"Rugby Sevens Rugby Sevens, Men",Gold
1505796,Andy Timo,M,20,NA,NA,FRA,FRA,2024 Summer,2024,Summer,Paris,Rugby Sevens,"Rugby Sevens Rugby Sevens, Men",Gold
1505797,Rayan Rebbadj,M,24,NA,NA,FRA,FRA,2024 Summer,2024,Summer,Paris,Rugby Sevens,"Rugby Sevens Rugby Sevens, Men",Gold
1505798,Théo Forner,M,22,NA,NA,FRA,FRA,2024 Summer,2024,Summer,Paris,Rugby Sevens,"Rugby Sevens Rugby Sevens, Men",Gold
1505799,Stephen Parez,M,29,174.0,75.0,FRA,FRA,2024 Summer,2024,Summer,Paris,Rugby Sevens,"Rugby Sevens Rugby Sevens, Men",Gold
1505800,Paulin Riva,M,30,NA,NA,FRA,FRA,2024 Summer,2024,Summer,Paris,Rugby Sevens,"Rugby Sevens Rugby Sevens, Men",Gold
1505801,Jefferson-Lee Joseph,M,21,NA,NA,FRA,FRA,2024 Summer,2024,Summer,Paris,Rugby Sevens,"Rugby Sevens Rugby Sevens, Men",Gold
1505802,Antoine Zeghdar,M,25,NA,NA,FRA,FRA,2024 Summer,2024,Summer,Paris,Rugby Sevens,"Rugby Sevens Rugby Sevens, Men",Gold
1505803,Aaron Grandidier,M,24,NA,NA,FRA,FRA,2024 Summer,2024,Summer,Paris,Rugby Sevens,"Rugby Sevens Rugby Sevens, Men",Gold
1505804,Jean-Pascal Barraque,M,33,NA,NA,FRA,FRA,2024 Summer,2024,Summer,Paris,Rugby Sevens,"Rugby Sevens Rugby Sevens, Men",Gold
1505805,Antoine Dupont,M,27,NA,NA,FRA,FRA,2024 Summer,2024,Summer,Paris,Rugby Sevens,"Rugby Sevens Rugby Sevens, Men",Gold
1505806,Jordan Sépho,M,25,NA,NA,FRA,FRA,2024 Summer,2024,Summer,Paris,Rugby Sevens,"Rugby Sevens Rugby Sevens, Men",Gold
1505807,Nelson Épée,M,23,NA,NA,FRA,FRA,2024 Summer,2024,Summer,Paris,Rugby Sevens,"Rugby Sevens Rugby Sevens, Men",Gold
1505808,Jérôme Daret,M,49,NA,NA,FRA,FRA,2024 Summer,2024,Summer,Paris,Rugby Sevens,"Rugby Sevens Rugby Sevens, Men",Gold
1505809,Joji Nasova,M,24,NA,NA,FIJ,FIJ,2024 Summer,2024,Summer,Paris,Rugby Sevens,"Rugby Sevens Rugby Sevens, Men",Silver
1505810,Joseva Talacolo,M,27,NA,NA,FIJ,FIJ,2024 Summer,2024,Summer,Paris,Rugby Sevens,"Rugby Sevens Rugby Sevens, Men",Silver
1505811,Jerry Matana,M,26,NA,NA,FIJ,FIJ,2024 Summer,2024,Summer,Paris,Rugby Sevens,"Rugby Sevens Rugby Sevens, Men",Silver
1505812,Sevuloni Mocenacagi,M,34,NA,NA,FIJ,FIJ,2024 Summer,2024,Summer,Paris,Rugby Sevens,"Rugby Sevens Rugby Sevens, Men",Silver
1505813,Iosefo Masi,M,26,NA,NA,FIJ,FIJ,2024 Summer,2024,Summer,Paris,Rugby Sevens,"Rugby Sevens Rugby Sevens, Men",Silver
1505814,Ponipate Loganimasi,M,26,NA,NA,FIJ,FIJ,2024 Summer,2024,Summer,Paris,Rugby Sevens,"Rugby Sevens Rugby Sevens, Men",Silver
1505815,Terio Veilawa,M,30,NA,NA,FIJ,FIJ,2024 Summer,2024,Summer,Paris,Rugby Sevens,"Rugby Sevens Rugby Sevens, Men",Silver
1505816,Waisea Nacuqu,M,31,NA,NA,FIJ,FIJ,2024 Summer,2024,Summer,Paris,Rugby Sevens,"Rugby Sevens Rugby Sevens, Men",Silver
1505817,Jerry Tuwai,M,35,174.0,81.0,FIJ,FIJ,2024 Summer,2024,Summer,Paris,Rugby Sevens,"Rugby Sevens Rugby Sevens, Men",Silver
1505818,Iowane Teba,M,31,NA,NA,FIJ,FIJ,2024 Summer,2024,Summer,Paris,Rugby Sevens,"Rugby Sevens Rugby Sevens, Men",Silver
1505819,Kaminieli Rasaku,M,25,NA,NA,FIJ,FIJ,2024 Summer,2024,Summer,Paris,Rugby Sevens,"Rugby Sevens Rugby Sevens, Men",Silver
1505820,Selestino Ravutaumada,M,24,NA,NA,FIJ,FIJ,2024 Summer,2024,Summer,Paris,Rugby Sevens,"Rugby Sevens Rugby Sevens, Men",Silver
1505821,Josaia Raisuqe,M,29,NA,NA,FIJ,FIJ,2024 Summer,2024,Summer,Paris,Rugby Sevens,"Rugby Sevens Rugby Sevens, Men",Silver
1505822,Filipe Sauturaga,M,30,NA,NA,FIJ,FIJ,2024 Summer,2024,Summer,Paris,Rugby Sevens,"Rugby Sevens Rugby Sevens, Men",Silver
1505823,Osea Kolinisau,M,38,174.0,90.0,FIJ,FIJ,2024 Summer,2024,Summer,Paris,Rugby Sevens,"Rugby Sevens Rugby Sevens, Men",Silver
1505824,Christie Grobbelaar,M,24,NA,NA,RSA,RSA,2024 Summer,2024,Summer,Paris,Rugby Sevens,"Rugby Sevens Rugby Sevens, Men",Bronze
1505825,Ryan Oosthuizen,M,29,NA,NA,RSA,RSA,2024 Summer,2024,Summer,Paris,Rugby Sevens,"Rugby Sevens Rugby Sevens, Men",Bronze
1505826,Impi Visser,M,29,NA,NA,RSA,RSA,2024 Summer,2024,Summer,Paris,Rugby Sevens,"Rugby Sevens Rugby Sevens, Men",Bronze
1505827,Zaïn Davids,M,27,NA,NA,RSA,RSA,2024 Summer,2024,Summer,Paris,Rugby Sevens,"Rugby Sevens Rugby Sevens, Men",Bronze
1505828,Quewin Nortje,M,21,NA,NA,RSA,RSA,2024 Summer,2024,Summer,Paris,Rugby Sevens,"Rugby Sevens Rugby Sevens, Men",Bronze
1505829,Tiaan Pretorius,M,23,182.0,NA,RSA,RSA,2024 Summer,2024,Summer,Paris,Rugby Sevens,"Rugby Sevens Rugby Sevens, Men",Bronze
1505830,Tristan Leyds,M,27,NA,NA,RSA,RSA,2024 Summer,2024,Summer,Paris,Rugby Sevens,"Rugby Sevens Rugby Sevens, Men",Bronze
1505831,Selvyn Davids,M,30,NA,NA,RSA,RSA,2024 Summer,2024,Summer,Paris,Rugby Sevens,"Rugby Sevens Rugby Sevens, Men",Bronze
1505832,Shaun Williams,M,26,NA,NA,RSA,RSA,2024 Summer,2024,Summer,Paris,Rugby Sevens,"Rugby Sevens Rugby Sevens, Men",Bronze
1505833,Rosko Specman,M,35,174.0,81.0,RSA,RSA,2024 Summer,2024,Summer,Paris,Rugby Sevens,"Rugby Sevens Rugby Sevens, Men",Bronze
1505834,Shakes Soyizwapi,M,31,NA,NA,RSA,RSA,2024 Summer,2024,Summer,Paris,Rugby Sevens,"Rugby Sevens Rugby Sevens, Men",Bronze
1505835,Shilton van Wyk,M,24,NA,NA,RSA,RSA,2024 Summer,2024,Summer,Paris,Rugby Sevens,"Rugby Sevens Rugby Sevens, Men",Bronze
1505836,Ronald Brown,M,28,176.0,NA,RSA,RSA,2024 Summer,2024,Summer,Paris,Rugby Sevens,"Rugby Sevens Rugby Sevens, Men",Bronze
1505837,Philip Snyman,M,37,188.0,95.0,RSA,RSA,2024 Summer,2024,Summer,Paris,Rugby Sevens,"Rugby Sevens Rugby Sevens, Men",Bronze
1505838,Henry Hutchison,M,27,176.0,85.0,AUS,AUS,2024 Summer,2024,Summer,Paris,Rugby Sevens,"Rugby Sevens Rugby Sevens, Men",NA
1505839,Ben Dowling,M,22,NA,NA,AUS,AUS,2024 Summer,2024,Summer,Paris,Rugby Sevens,"Rugby Sevens Rugby Sevens, Men",NA
1505840,Corey Toole,M,24,NA,NA,AUS,AUS,2024 Summer,2024,Summer,Paris,Rugby Sevens,"Rugby Sevens Rugby Sevens, Men",NA
1505841,Dietrich Roache,M,23,NA,NA,AUS,AUS,2024 Summer,2024,Summer,Paris,Rugby Sevens,"Rugby Sevens Rugby Sevens, Men",NA
1505842,Mark Nawaqanitawase,M,23,NA,NA,AUS,AUS,2024 Summer,2024,Summer,Paris,Rugby Sevens,"Rugby Sevens Rugby Sevens, Men",NA
1505843,Henry Paterson,M,27,NA,NA,AUS,AUS,2024 Summer,2024,Summer,Paris,Rugby Sevens,"Rugby Sevens Rugby Sevens, Men",NA
1505844,Hayden Sargeant,M,26,NA,NA,AUS,AUS,2024 Summer,2024,Summer,Paris,Rugby Sevens,"Rugby Sevens Rugby Sevens, Men",NA
1505845,James Turner,M,25,NA,NA,AUS,AUS,2024 Summer,2024,Summer,Paris,Rugby Sevens,"Rugby Sevens Rugby Sevens, Men",NA
1505846,Matthew Gonzalez,M,30,NA,NA,AUS,AUS,2024 Summer,2024,Summer,Paris,Rugby Sevens,"Rugby Sevens Rugby Sevens, Men",NA
1505847,Nick Malouf,M,31,186.0,95.0,AUS,AUS,2024 Summer,2024,Summer,Paris,Rugby Sevens,"Rugby Sevens Rugby Sevens, Men",NA
1505848,Maurice Longbottom,M,29,NA,NA,AUS,AUS,2024 Summer,2024,Summer,Paris,Rugby Sevens,"Rugby Sevens Rugby Sevens, Men",NA
1505849,Nathan Lawson,M,25,NA,NA,AUS,AUS,2024 Summer,2024,Summer,Paris,Rugby Sevens,"Rugby Sevens Rugby Sevens, Men",NA
1505850,John Manenti,M,53,NA,NA,AUS,AUS,2024 Summer,2024,Summer,Paris,Rugby Sevens,"Rugby Sevens Rugby Sevens, Men",NA
1505851,Scott Curry,M,36,193.0,100.0,NZL,NZL,2024 Summer,2024,Summer,Paris,Rugby Sevens,"Rugby Sevens Rugby Sevens, Men",NA
1505852,Brady Rush,M,25,NA,NA,NZL,NZL,2024 Summer,2024,Summer,Paris,Rugby Sevens,"Rugby Sevens Rugby Sevens, Men",NA
1505853,Tone Ng Shiu,M,30,185.0,NA,NZL,NZL,2024 Summer,2024,Summer,Paris,Rugby Sevens,"Rugby Sevens Rugby Sevens, Men",NA
1505854,Akuila Rokolisoa,M,29,NA,NA,NZL,NZL,2024 Summer,2024,Summer,Paris,Rugby Sevens,"Rugby Sevens Rugby Sevens, Men",NA
1505855,Dylan Collier,M,33,192.0,NA,NZL,NZL,2024 Summer,2024,Summer,Paris,Rugby Sevens,"Rugby Sevens Rugby Sevens, Men",NA
1505856,Ngarohi McGarvey-Black,M,28,179.0,NA,NZL,NZL,2024 Summer,2024,Summer,Paris,Rugby Sevens,"Rugby Sevens Rugby Sevens, Men",NA
1505857,Fehi Fineanganofo,M,21,NA,NA,NZL,NZL,2024 Summer,2024,Summer,Paris,Rugby Sevens,"Rugby Sevens Rugby Sevens, Men",NA
1505858,Andrew Knewstubb,M,28,188.0,NA,NZL,NZL,2024 Summer,2024,Summer,Paris,Rugby Sevens,"Rugby Sevens Rugby Sevens, Men",NA
1505859,Regan Ware,M,29,184.0,93.0,NZL,NZL,2024 Summer,2024,Summer,Paris,Rugby Sevens,"Rugby Sevens Rugby Sevens, Men",NA
1505860,Tepaea Cook Savage,M,23,NA,NA,NZL,NZL,2024 Summer,2024,Summer,Paris,Rugby Sevens,"Rugby Sevens Rugby Sevens, Men",NA
1505861,Moses Leo,M,26,NA,NA,NZL,NZL,2024 Summer,2024,Summer,Paris,Rugby Sevens,"Rugby Sevens Rugby Sevens, Men",NA
1505862,Leroy Carter,M,25,NA,NA,NZL,NZL,2024 Summer,2024,Summer,Paris,Rugby Sevens,"Rugby Sevens Rugby Sevens, Men",NA
1505863,Joe Webber,M,30,185.0,95.0,NZL,NZL,2024 Summer,2024,Summer,Paris,Rugby Sevens,"Rugby Sevens Rugby Sevens, Men",NA
1505864,Sione Molia,M,30,186.0,95.0,NZL,NZL,2024 Summer,2024,Summer,Paris,Rugby Sevens,"Rugby Sevens Rugby Sevens, Men",NA
1505865,Tomasi Cama,M,43,NA,NA,NZL,NZL,2024 Summer,2024,Summer,Paris,Rugby Sevens,"Rugby Sevens Rugby Sevens, Men",NA
1505866,Jack Kelly,M,26,183.0,90.0,IRL,IRL,2024 Summer,2024,Summer,Paris,Rugby Sevens,"Rugby Sevens Rugby Sevens, Men",NA
1505867,Andrew Smith,M,23,NA,NA,IRL,IRL,2024 Summer,2024,Summer,Paris,Rugby Sevens,"Rugby Sevens Rugby Sevens, Men",NA
1505868,Harry McNulty,M,31,188.0,94.0,IRL,IRL,2024 Summer,2024,Summer,Paris,Rugby Sevens,"Rugby Sevens Rugby Sevens, Men",NA
1505869,Mark Roche,M,31,172.0,86.0,IRL,IRL,2024 Summer,2024,Summer,Paris,Rugby Sevens,"Rugby Sevens Rugby Sevens, Men",NA
1505870,Zac Ward,M,25,NA,NA,IRL,IRL,2024 Summer,2024,Summer,Paris,Rugby Sevens,"Rugby Sevens Rugby Sevens, Men",NA
1505871,Chay Mullins,M,22,NA,NA,IRL,IRL,2024 Summer,2024,Summer,Paris,Rugby Sevens,"Rugby Sevens Rugby Sevens, Men",NA
1505872,Jordan Conroy,M,30,189.0,78.0,IRL,IRL,2024 Summer,2024,Summer,Paris,Rugby Sevens,"Rugby Sevens Rugby Sevens, Men",NA
1505873,Hugo Keenan,M,28,NA,NA,IRL,IRL,2024 Summer,2024,Summer,Paris,Rugby Sevens,"Rugby Sevens Rugby Sevens, Men",NA
1505874,Hugo Lennox,M,25,175.0,63.0,IRL,IRL,2024 Summer,2024,Summer,Paris,Rugby Sevens,"Rugby Sevens Rugby Sevens, Men",NA
1505875,Terry Kennedy,M,28,184.0,85.0,IRL,IRL,2024 Summer,2024,Summer,Paris,Rugby Sevens,"Rugby Sevens Rugby Sevens, Men",NA
1505876,Gavin Mullin,M,26,183.0,90.0,IRL,IRL,2024 Summer,2024,Summer,Paris,Rugby Sevens,"Rugby Sevens Rugby Sevens, Men",NA
1505877,Niall Comerford,M,24,NA,NA,IRL,IRL,2024 Summer,2024,Summer,Paris,Rugby Sevens,"Rugby Sevens Rugby Sevens, Men",NA
1505878,Sean Cribbin,M,25,NA,NA,IRL,IRL,2024 Summer,2024,Summer,Paris,Rugby Sevens,"Rugby Sevens Rugby Sevens, Men",NA
1505879,Bryan Mollen,M,28,187.0,95.0,IRL,IRL,2024 Summer,2024,Summer,Paris,Rugby Sevens,"Rugby Sevens Rugby Sevens, Men",NA
1505880,James Topping,M,49,NA,NA,IRL,IRL,2024 Summer,2024,Summer,Paris,Rugby Sevens,"Rugby Sevens Rugby Sevens, Men",NA
1505881,Joaquín Pellandini,M,25,NA,NA,ARG,ARG,2024 Summer,2024,Summer,Paris,Rugby Sevens,"Rugby Sevens Rugby Sevens, Men",NA
1505882,Tomás Elizalde,M,21,NA,NA,ARG,ARG,2024 Summer,2024,Summer,Paris,Rugby Sevens,"Rugby Sevens Rugby Sevens, Men",NA
1505883,Germán Schulz,M,30,187.0,93.0,ARG,ARG,2024 Summer,2024,Summer,Paris,Rugby Sevens,"Rugby Sevens Rugby Sevens, Men",NA
1505884,Matteo Graziano,M,22,195.0,NA,ARG,ARG,2024 Summer,2024,Summer,Paris,Rugby Sevens,"Rugby Sevens Rugby Sevens, Men",NA
1505885,Agustín Fraga,M,22,NA,NA,ARG,ARG,2024 Summer,2024,Summer,Paris,Rugby Sevens,"Rugby Sevens Rugby Sevens, Men",NA
1505886,Santiago Álvarez,M,30,188.0,93.0,ARG,ARG,2024 Summer,2024,Summer,Paris,Rugby Sevens,"Rugby Sevens Rugby Sevens, Men",NA
1505887,Tobías Wade,M,24,NA,NA,ARG,ARG,2024 Summer,2024,Summer,Paris,Rugby Sevens,"Rugby Sevens Rugby Sevens, Men",NA
1505888,Gastón Revol,M,37,170.0,79.0,ARG,ARG,2024 Summer,2024,Summer,Paris,Rugby Sevens,"Rugby Sevens Rugby Sevens, Men",NA
1505889,Matías Osadczuk,M,27,191.0,NA,ARG,ARG,2024 Summer,2024,Summer,Paris,Rugby Sevens,"Rugby Sevens Rugby Sevens, Men",NA
1505890,Santiago Mare,M,27,184.0,NA,ARG,ARG,2024 Summer,2024,Summer,Paris,Rugby Sevens,"Rugby Sevens Rugby Sevens, Men",NA
1505891,Luciano González,M,27,185.0,NA,ARG,ARG,2024 Summer,2024,Summer,Paris,Rugby Sevens,"Rugby Sevens Rugby Sevens, Men",NA
1505892,Marcos Moneta,M,24,181.0,NA,ARG,ARG,2024 Summer,2024,Summer,Paris,Rugby Sevens,"Rugby Sevens Rugby Sevens, Men",NA
1505893,Rodrigo Isgro,M,25,185.0,NA,ARG,ARG,2024 Summer,2024,Summer,Paris,Rugby Sevens,"Rugby Sevens Rugby Sevens, Men",NA
1505894,Santiago Vera Feld,M,23,NA,NA,ARG,ARG,2024 Summer,2024,Summer,Paris,Rugby Sevens,"Rugby Sevens Rugby Sevens, Men",NA
1505895,Santiago Gómez,M,45,NA,NA,ARG,ARG,2024 Summer,2024,Summer,Paris,Rugby Sevens,"Rugby Sevens Rugby Sevens, Men",NA
1505896,Aaron Cummings,M,27,NA,NA,USA,USA,2024 Summer,2024,Summer,Paris,Rugby Sevens,"Rugby Sevens Rugby Sevens, Men",NA
1505897,Maka Unufe,M,32,188.0,93.0,USA,USA,2024 Summer,2024,Summer,Paris,Rugby Sevens,"Rugby Sevens Rugby Sevens, Men",NA
1505898,Orrin Bizer,M,23,NA,NA,USA,USA,2024 Summer,2024,Summer,Paris,Rugby Sevens,"Rugby Sevens Rugby Sevens, Men",NA
1505899,Matai Leuta,M,33,NA,NA,USA,USA,2024 Summer,2024,Summer,Paris,Rugby Sevens,"Rugby Sevens Rugby Sevens, Men",NA
1505900,Marcus Tupuola,M,28,NA,NA,USA,USA,2024 Summer,2024,Summer,Paris,Rugby Sevens,"Rugby Sevens Rugby Sevens, Men",NA
1505901,Kevon Williams,M,33,NA,NA,USA,USA,2024 Summer,2024,Summer,Paris,Rugby Sevens,"Rugby Sevens Rugby Sevens, Men",NA
1505902,Naima Fuala'au,M,26,NA,NA,USA,USA,2024 Summer,2024,Summer,Paris,Rugby Sevens,"Rugby Sevens Rugby Sevens, Men",NA
1505903,Malacchi Esdale,M,29,NA,NA,USA,USA,2024 Summer,2024,Summer,Paris,Rugby Sevens,"Rugby Sevens Rugby Sevens, Men",NA
1505904,Steve Tomasin,M,29,178.0,91.0,USA,USA,2024 Summer,2024,Summer,Paris,Rugby Sevens,"Rugby Sevens Rugby Sevens, Men",NA
1505905,Madison Hughes,M,31,173.0,80.0,USA,USA,2024 Summer,2024,Summer,Paris,Rugby Sevens,"Rugby Sevens Rugby Sevens, Men",NA
1505906,Perry Baker,M,38,185.0,82.0,USA,USA,2024 Summer,2024,Summer,Paris,Rugby Sevens,"Rugby Sevens Rugby Sevens, Men",NA
1505907,Lucas Lacamp,M,23,NA,NA,USA,USA,2024 Summer,2024,Summer,Paris,Rugby Sevens,"Rugby Sevens Rugby Sevens, Men",NA
1505908,Pita Vi,M,22,NA,NA,USA,USA,2024 Summer,2024,Summer,Paris,Rugby Sevens,"Rugby Sevens Rugby Sevens, Men",NA
1505909,Adam Channel,M,27,NA,NA,USA,USA,2024 Summer,2024,Summer,Paris,Rugby Sevens,"Rugby Sevens Rugby Sevens, Men",NA
1505910,Mike Friday,M,52,NA,NA,USA,USA,2024 Summer,2024,Summer,Paris,Rugby Sevens,"Rugby Sevens Rugby Sevens, Men",NA
1505911,John Okeyo,M,24,NA,NA,KEN,KEN,2024 Summer,2024,Summer,Paris,Rugby Sevens,"Rugby Sevens Rugby Sevens, Men",NA
1505912,Lamec Ambetsa Kokoyo,M,24,NA,NA,KEN,KEN,2024 Summer,2024,Summer,Paris,Rugby Sevens,"Rugby Sevens Rugby Sevens, Men",NA
1505913,George Ooro Angeyo,M,24,NA,NA,KEN,KEN,2024 Summer,2024,Summer,Paris,Rugby Sevens,"Rugby Sevens Rugby Sevens, Men",NA
1505914,Vincent Onyala,M,27,180.0,NA,KEN,KEN,2024 Summer,2024,Summer,Paris,Rugby Sevens,"Rugby Sevens Rugby Sevens, Men",NA
1505915,Brian Tanga,M,28,NA,NA,KEN,KEN,2024 Summer,2024,Summer,Paris,Rugby Sevens,"Rugby Sevens Rugby Sevens, Men",NA
1505916,Kevin Wekesa,M,23,NA,NA,KEN,KEN,2024 Summer,2024,Summer,Paris,Rugby Sevens,"Rugby Sevens Rugby Sevens, Men",NA
1505917,Antony Mboya,M,29,NA,NA,KEN,KEN,2024 Summer,2024,Summer,Paris,Rugby Sevens,"Rugby Sevens Rugby Sevens, Men",NA
1505918,Herman Humwa,M,28,183.0,NA,KEN,KEN,2024 Summer,2024,Summer,Paris,Rugby Sevens,"Rugby Sevens Rugby Sevens, Men",NA
1505919,Samuel Asati,M,25,NA,NA,KEN,KEN,2024 Summer,2024,Summer,Paris,Rugby Sevens,"Rugby Sevens Rugby Sevens, Men",NA
1505920,Nygel Pettersan Amaitsa,M,22,NA,NA,KEN,KEN,2024 Summer,2024,Summer,Paris,Rugby Sevens,"Rugby Sevens Rugby Sevens, Men",NA
1505921,Patrick Odongo Okong'o,M,22,NA,NA,KEN,KEN,2024 Summer,2024,Summer,Paris,Rugby Sevens,"Rugby Sevens Rugby Sevens, Men",NA
1505922,Chrisant Ojwang,M,25,NA,NA,KEN,KEN,2024 Summer,2024,Summer,Paris,Rugby Sevens,"Rugby Sevens Rugby Sevens, Men",NA
1505923,Kevin Mwema,M,38,NA,NA,KEN,KEN,2024 Summer,2024,Summer,Paris,Rugby Sevens,"Rugby Sevens Rugby Sevens, Men",NA
1505924,Vaovasa Afa,M,32,NA,NA,SAM,SAM,2024 Summer,2024,Summer,Paris,Rugby Sevens,"Rugby Sevens Rugby Sevens, Men",NA
1505925,Alamanda Motuga,M,29,NA,NA,SAM,SAM,2024 Summer,2024,Summer,Paris,Rugby Sevens,"Rugby Sevens Rugby Sevens, Men",NA
1505926,Bj Lima,M,24,NA,NA,SAM,SAM,2024 Summer,2024,Summer,Paris,Rugby Sevens,"Rugby Sevens Rugby Sevens, Men",NA
1505927,Motu Opetai,M,23,NA,NA,SAM,SAM,2024 Summer,2024,Summer,Paris,Rugby Sevens,"Rugby Sevens Rugby Sevens, Men",NA
1505928,Tom Maiava,M,25,NA,NA,SAM,SAM,2024 Summer,2024,Summer,Paris,Rugby Sevens,"Rugby Sevens Rugby Sevens, Men",NA
1505929,Taunuu Niulevaea,M,24,168.0,NA,SAM,SAM,2024 Summer,2024,Summer,Paris,Rugby Sevens,"Rugby Sevens Rugby Sevens, Men",NA
1505930,Lalomilo Lalomilo,M,25,NA,NA,SAM,SAM,2024 Summer,2024,Summer,Paris,Rugby Sevens,"Rugby Sevens Rugby Sevens, Men",NA
1505931,Neueli Leitufia,M,22,NA,NA,SAM,SAM,2024 Summer,2024,Summer,Paris,Rugby Sevens,"Rugby Sevens Rugby Sevens, Men",NA
1505932,Faafoi Falaniko,M,22,NA,NA,SAM,SAM,2024 Summer,2024,Summer,Paris,Rugby Sevens,"Rugby Sevens Rugby Sevens, Men",NA
1505933,Paul Scanlan,M,27,NA,NA,SAM,SAM,2024 Summer,2024,Summer,Paris,Rugby Sevens,"Rugby Sevens Rugby Sevens, Men",NA
1505934,Steve Onosai,M,22,NA,NA,SAM,SAM,2024 Summer,2024,Summer,Paris,Rugby Sevens,"Rugby Sevens Rugby Sevens, Men",NA
1505935,Vaa Apelu Maliko,M,25,NA,NA,SAM,SAM,2024 Summer,2024,Summer,Paris,Rugby Sevens,"Rugby Sevens Rugby Sevens, Men",NA
1505936,Brian Lima,M,52,NA,NA,SAM,SAM,2024 Summer,2024,Summer,Paris,Rugby Sevens,"Rugby Sevens Rugby Sevens, Men",NA
1505937,James McCubbin,M,26,NA,NA,URU,URU,2024 Summer,2024,Summer,Paris,Rugby Sevens,"Rugby Sevens Rugby Sevens, Men",NA
1505938,Valentín Grille,M,26,NA,NA,URU,URU,2024 Summer,2024,Summer,Paris,Rugby Sevens,"Rugby Sevens Rugby Sevens, Men",NA
1505939,Tomás Etcheverry,M,22,NA,NA,URU,URU,2024 Summer,2024,Summer,Paris,Rugby Sevens,"Rugby Sevens Rugby Sevens, Men",NA
1505940,Juan Manuel Tafernaberry,M,22,NA,NA,URU,URU,2024 Summer,2024,Summer,Paris,Rugby Sevens,"Rugby Sevens Rugby Sevens, Men",NA
1505941,Bautista Basso,M,23,NA,NA,URU,URU,2024 Summer,2024,Summer,Paris,Rugby Sevens,"Rugby Sevens Rugby Sevens, Men",NA
1505942,Diego Ardao,M,28,NA,NA,URU,URU,2024 Summer,2024,Summer,Paris,Rugby Sevens,"Rugby Sevens Rugby Sevens, Men",NA
1505943,Mateo Viñals,M,25,NA,NA,URU,URU,2024 Summer,2024,Summer,Paris,Rugby Sevens,"Rugby Sevens Rugby Sevens, Men",NA
1505944,Felipe Arcos Pérez,M,24,NA,NA,URU,URU,2024 Summer,2024,Summer,Paris,Rugby Sevens,"Rugby Sevens Rugby Sevens, Men",NA
1505945,Guillermo Lijtenstein,M,33,NA,NA,URU,URU,2024 Summer,2024,Summer,Paris,Rugby Sevens,"Rugby Sevens Rugby Sevens, Men",NA
1505946,Baltazar Amaya,M,25,NA,NA,URU,URU,2024 Summer,2024,Summer,Paris,Rugby Sevens,"Rugby Sevens Rugby Sevens, Men",NA
1505947,Ignacio Facciolo,M,22,NA,NA,URU,URU,2024 Summer,2024,Summer,Paris,Rugby Sevens,"Rugby Sevens Rugby Sevens, Men",NA
1505948,Juan González,M,21,NA,NA,URU,URU,2024 Summer,2024,Summer,Paris,Rugby Sevens,"Rugby Sevens Rugby Sevens, Men",NA
1505949,Koba Brazionis,M,25,NA,NA,URU,URU,2024 Summer,2024,Summer,Paris,Rugby Sevens,"Rugby Sevens Rugby Sevens, Men",NA
1505950,Dante Soto,M,21,NA,NA,URU,URU,2024 Summer,2024,Summer,Paris,Rugby Sevens,"Rugby Sevens Rugby Sevens, Men",NA
1505951,Ivo Dugonjic,M,39,NA,NA,URU,URU,2024 Summer,2024,Summer,Paris,Rugby Sevens,"Rugby Sevens Rugby Sevens, Men",NA
1505952,Taiga Ishida,M,26,NA,NA,JPN,JPN,2024 Summer,2024,Summer,Paris,Rugby Sevens,"Rugby Sevens Rugby Sevens, Men",NA
1505953,Kippei Ishida,M,24,167.0,NA,JPN,JPN,2024 Summer,2024,Summer,Paris,Rugby Sevens,"Rugby Sevens Rugby Sevens, Men",NA
1505954,Shotaro Tsuoka,M,28,NA,NA,JPN,JPN,2024 Summer,2024,Summer,Paris,Rugby Sevens,"Rugby Sevens Rugby Sevens, Men",NA
1505955,Junya Matsumoto,M,24,171.0,NA,JPN,JPN,2024 Summer,2024,Summer,Paris,Rugby Sevens,"Rugby Sevens Rugby Sevens, Men",NA
1505956,Josua Kerevi,M,32,NA,NA,JPN,JPN,2024 Summer,2024,Summer,Paris,Rugby Sevens,"Rugby Sevens Rugby Sevens, Men",NA
1505957,Moeki Fukushi,M,25,NA,NA,JPN,JPN,2024 Summer,2024,Summer,Paris,Rugby Sevens,"Rugby Sevens Rugby Sevens, Men",NA
1505958,Kippei Taninaka,M,24,NA,NA,JPN,JPN,2024 Summer,2024,Summer,Paris,Rugby Sevens,"Rugby Sevens Rugby Sevens, Men",NA
1505959,Yoshihiro Noguchi,M,29,NA,NA,JPN,JPN,2024 Summer,2024,Summer,Paris,Rugby Sevens,"Rugby Sevens Rugby Sevens, Men",NA
1505960,Kazuma Ueda,M,21,NA,NA,JPN,JPN,2024 Summer,2024,Summer,Paris,Rugby Sevens,"Rugby Sevens Rugby Sevens, Men",NA
1505961,Takamasa Maruo,M,25,NA,NA,JPN,JPN,2024 Summer,2024,Summer,Paris,Rugby Sevens,"Rugby Sevens Rugby Sevens, Men",NA
1505962,Yu Okudaira,M,25,NA,NA,JPN,JPN,2024 Summer,2024,Summer,Paris,Rugby Sevens,"Rugby Sevens Rugby Sevens, Men",NA
1505963,Yoshiyuki Koga,M,25,NA,NA,JPN,JPN,2024 Summer,2024,Summer,Paris,Rugby Sevens,"Rugby Sevens Rugby Sevens, Men",NA
1505964,Taichi Yoshizawa,M,32,NA,NA,JPN,JPN,2024 Summer,2024,Summer,Paris,Rugby Sevens,"Rugby Sevens Rugby Sevens, Men",NA
1505965,Denis Abukuse,M,25,NA,NA,JPN,JPN,2024 Summer,2024,Summer,Paris,Rugby Sevens,"Rugby Sevens Rugby Sevens, Men",NA
1505966,Simon Amor,M,45,NA,NA,JPN,JPN,2024 Summer,2024,Summer,Paris,Rugby Sevens,"Rugby Sevens Rugby Sevens, Men",NA
1505967,Risi Pouri-Lane,F,24,164.0,NA,NZL,NZL,2024 Summer,2024,Summer,Paris,Rugby Sevens,"Rugby Sevens Rugby Sevens, Women",Gold
1505968,Jorja Miller,F,20,NA,NA,NZL,NZL,2024 Summer,2024,Summer,Paris,Rugby Sevens,"Rugby Sevens Rugby Sevens, Women",Gold
1505969,Stacey Waaka,F,28,170.0,NA,NZL,NZL,2024 Summer,2024,Summer,Paris,Rugby Sevens,"Rugby Sevens Rugby Sevens, Women",Gold
1505970,Manaia Nuku,F,21,NA,NA,NZL,NZL,2024 Summer,2024,Summer,Paris,Rugby Sevens,"Rugby Sevens Rugby Sevens, Women",Gold
1505971,Sarah Hirini,F,31,176.0,73.0,NZL,NZL,2024 Summer,2024,Summer,Paris,Rugby Sevens,"Rugby Sevens Rugby Sevens, Women",Gold
1505972,Michaela Blyde,F,28,163.0,NA,NZL,NZL,2024 Summer,2024,Summer,Paris,Rugby Sevens,"Rugby Sevens Rugby Sevens, Women",Gold
1505973,Tyla King,F,30,163.0,58.0,NZL,NZL,2024 Summer,2024,Summer,Paris,Rugby Sevens,"Rugby Sevens Rugby Sevens, Women",Gold
1505974,Mahina Paul,F,23,169.0,NA,NZL,NZL,2024 Summer,2024,Summer,Paris,Rugby Sevens,"Rugby Sevens Rugby Sevens, Women",Gold
1505975,Jazmin Felix-Hotham,F,24,NA,NA,NZL,NZL,2024 Summer,2024,Summer,Paris,Rugby Sevens,"Rugby Sevens Rugby Sevens, Women",Gold
1505976,Theresa Setefano,F,29,168.0,75.0,NZL,NZL,2024 Summer,2024,Summer,Paris,Rugby Sevens,"Rugby Sevens Rugby Sevens, Women",Gold
1505977,Portia Woodman-Wickliffe,F,33,169.0,74.0,NZL,NZL,2024 Summer,2024,Summer,Paris,Rugby Sevens,"Rugby Sevens Rugby Sevens, Women",Gold
1505978,Alena Saili,F,25,171.0,NA,NZL,NZL,2024 Summer,2024,Summer,Paris,Rugby Sevens,"Rugby Sevens Rugby Sevens, Women",Gold
1505979,Cory Sweeney,M,46,NA,NA,NZL,NZL,2024 Summer,2024,Summer,Paris,Rugby Sevens,"Rugby Sevens Rugby Sevens, Women",Gold
1505980,Caroline Crossley,F,26,NA,NA,CAN,CAN,2024 Summer,2024,Summer,Paris,Rugby Sevens,"Rugby Sevens Rugby Sevens, Women",Silver
1505981,Olivia Apps,F,25,NA,NA,CAN,CAN,2024 Summer,2024,Summer,Paris,Rugby Sevens,"Rugby Sevens Rugby Sevens, Women",Silver
1505982,Alysha Corrigan,F,27,NA,NA,CAN,CAN,2024 Summer,2024,Summer,Paris,Rugby Sevens,"Rugby Sevens Rugby Sevens, Women",Silver
1505983,Asia Hogan-Rochester,F,25,NA,NA,CAN,CAN,2024 Summer,2024,Summer,Paris,Rugby Sevens,"Rugby Sevens Rugby Sevens, Women",Silver
1505984,Chloe Daniels,F,21,NA,NA,CAN,CAN,2024 Summer,2024,Summer,Paris,Rugby Sevens,"Rugby Sevens Rugby Sevens, Women",Silver
1505985,Charity Williams,F,27,162.0,68.0,CAN,CAN,2024 Summer,2024,Summer,Paris,Rugby Sevens,"Rugby Sevens Rugby Sevens, Women",Silver
1505986,Florence Symonds,F,22,NA,NA,CAN,CAN,2024 Summer,2024,Summer,Paris,Rugby Sevens,"Rugby Sevens Rugby Sevens, Women",Silver
1505987,Carissa Norsten,F,20,NA,NA,CAN,CAN,2024 Summer,2024,Summer,Paris,Rugby Sevens,"Rugby Sevens Rugby Sevens, Women",Silver
1505988,Krissy Scurfield,F,21,NA,NA,CAN,CAN,2024 Summer,2024,Summer,Paris,Rugby Sevens,"Rugby Sevens Rugby Sevens, Women",Silver
1505989,Fancy Bermudez,F,22,NA,NA,CAN,CAN,2024 Summer,2024,Summer,Paris,Rugby Sevens,"Rugby Sevens Rugby Sevens, Women",Silver
1505990,Piper Logan,F,23,NA,NA,CAN,CAN,2024 Summer,2024,Summer,Paris,Rugby Sevens,"Rugby Sevens Rugby Sevens, Women",Silver
1505991,Keyara Wardley,F,24,166.0,68.0,CAN,CAN,2024 Summer,2024,Summer,Paris,Rugby Sevens,"Rugby Sevens Rugby Sevens, Women",Silver
1505992,Taylor Perry,F,23,170.0,67.0,CAN,CAN,2024 Summer,2024,Summer,Paris,Rugby Sevens,"Rugby Sevens Rugby Sevens, Women",Silver
1505993,Shalaya Valenzuela,F,25,NA,NA,CAN,CAN,2024 Summer,2024,Summer,Paris,Rugby Sevens,"Rugby Sevens Rugby Sevens, Women",Silver
1505994,Jack Hanratty,M,35,NA,NA,CAN,CAN,2024 Summer,2024,Summer,Paris,Rugby Sevens,"Rugby Sevens Rugby Sevens, Women",Silver
1505995,Ariana Ramsey,F,24,160.0,64.0,USA,USA,2024 Summer,2024,Summer,Paris,Rugby Sevens,"Rugby Sevens Rugby Sevens, Women",Bronze
1505996,Ilona Maher,F,27,NA,NA,USA,USA,2024 Summer,2024,Summer,Paris,Rugby Sevens,"Rugby Sevens Rugby Sevens, Women",Bronze
1505997,Kayla Canett,F,26,NA,NA,USA,USA,2024 Summer,2024,Summer,Paris,Rugby Sevens,"Rugby Sevens Rugby Sevens, Women",Bronze
1505998,Sammy Sullivan,F,26,NA,NA,USA,USA,2024 Summer,2024,Summer,Paris,Rugby Sevens,"Rugby Sevens Rugby Sevens, Women",Bronze
1505999,Alev Kelter,F,33,168.0,75.0,USA,USA,2024 Summer,2024,Summer,Paris,Rugby Sevens,"Rugby Sevens Rugby Sevens, Women",Bronze
1506000,Lauren Doyle,F,33,168.0,68.0,USA,USA,2024 Summer,2024,Summer,Paris,Rugby Sevens,"Rugby Sevens Rugby Sevens, Women",Bronze
1506001,Naya Tapper,F,29,NA,NA,USA,USA,2024 Summer,2024,Summer,Paris,Rugby Sevens,"Rugby Sevens Rugby Sevens, Women",Bronze
1506002,Alex Sedrick,F,26,NA,NA,USA,USA,2024 Summer,2024,Summer,Paris,Rugby Sevens,"Rugby Sevens Rugby Sevens, Women",Bronze
1506003,Alena Olsen,F,28,NA,NA,USA,USA,2024 Summer,2024,Summer,Paris,Rugby Sevens,"Rugby Sevens Rugby Sevens, Women",Bronze
1506004,Steph Rovetti,F,32,NA,NA,USA,USA,2024 Summer,2024,Summer,Paris,Rugby Sevens,"Rugby Sevens Rugby Sevens, Women",Bronze
1506005,Sarah Levy,F,28,NA,NA,USA,USA,2024 Summer,2024,Summer,Paris,Rugby Sevens,"Rugby Sevens Rugby Sevens, Women",Bronze
1506006,Kristi Kirshe,F,29,160.0,63.0,USA,USA,2024 Summer,2024,Summer,Paris,Rugby Sevens,"Rugby Sevens Rugby Sevens, Women",Bronze
1506007,Emilie Bydwell,F,38,NA,NA,USA,USA,2024 Summer,2024,Summer,Paris,Rugby Sevens,"Rugby Sevens Rugby Sevens, Women",Bronze
1506008,Bienne Terita,F,21,NA,NA,AUS,AUS,2024 Summer,2024,Summer,Paris,Rugby Sevens,"Rugby Sevens Rugby Sevens, Women",NA
1506009,Sharni Smale,F,36,167.0,79.0,AUS,AUS,2024 Summer,2024,Summer,Paris,Rugby Sevens,"Rugby Sevens Rugby Sevens, Women",NA
1506010,Faith Nathan,F,23,164.0,65.0,AUS,AUS,2024 Summer,2024,Summer,Paris,Rugby Sevens,"Rugby Sevens Rugby Sevens, Women",NA
1506011,Dom Du Toit,F,27,167.0,NA,AUS,AUS,2024 Summer,2024,Summer,Paris,Rugby Sevens,"Rugby Sevens Rugby Sevens, Women",NA
1506012,Teagan Levi,F,20,NA,NA,AUS,AUS,2024 Summer,2024,Summer,Paris,Rugby Sevens,"Rugby Sevens Rugby Sevens, Women",NA
1506013,Sariah Paki,F,22,172.0,73.0,AUS,AUS,2024 Summer,2024,Summer,Paris,Rugby Sevens,"Rugby Sevens Rugby Sevens, Women",NA
1506014,Charlotte Caslick,F,29,172.0,65.0,AUS,AUS,2024 Summer,2024,Summer,Paris,Rugby Sevens,"Rugby Sevens Rugby Sevens, Women",NA
1506015,Kaitlin Shave,F,23,NA,NA,AUS,AUS,2024 Summer,2024,Summer,Paris,Rugby Sevens,"Rugby Sevens Rugby Sevens, Women",NA
1506016,Tia Hinds,F,22,168.0,66.0,AUS,AUS,2024 Summer,2024,Summer,Paris,Rugby Sevens,"Rugby Sevens Rugby Sevens, Women",NA
1506017,Isabella Nasser,F,22,NA,NA,AUS,AUS,2024 Summer,2024,Summer,Paris,Rugby Sevens,"Rugby Sevens Rugby Sevens, Women",NA
1506018,Bridget Clark,F,21,NA,NA,AUS,AUS,2024 Summer,2024,Summer,Paris,Rugby Sevens,"Rugby Sevens Rugby Sevens, Women",NA
1506019,Maddison Levi,F,22,186.0,72.0,AUS,AUS,2024 Summer,2024,Summer,Paris,Rugby Sevens,"Rugby Sevens Rugby Sevens, Women",NA
1506020,Kahli Henwood,F,24,NA,NA,AUS,AUS,2024 Summer,2024,Summer,Paris,Rugby Sevens,"Rugby Sevens Rugby Sevens, Women",NA
1506021,Tim Walsh,M,45,NA,NA,AUS,AUS,2024 Summer,2024,Summer,Paris,Rugby Sevens,"Rugby Sevens Rugby Sevens, Women",NA
1506022,Séraphine Okemba,F,28,NA,NA,FRA,FRA,2024 Summer,2024,Summer,Paris,Rugby Sevens,"Rugby Sevens Rugby Sevens, Women",NA
1506023,Anne-Cécile Ciofani,F,30,NA,NA,FRA,FRA,2024 Summer,2024,Summer,Paris,Rugby Sevens,"Rugby Sevens Rugby Sevens, Women",NA
1506024,Chloé Pelle,F,34,NA,NA,FRA,FRA,2024 Summer,2024,Summer,Paris,Rugby Sevens,"Rugby Sevens Rugby Sevens, Women",NA
1506025,Lou Noël-Rivier,F,23,164.0,NA,FRA,FRA,2024 Summer,2024,Summer,Paris,Rugby Sevens,"Rugby Sevens Rugby Sevens, Women",NA
1506026,Joanna Grisez,F,27,NA,NA,FRA,FRA,2024 Summer,2024,Summer,Paris,Rugby Sevens,"Rugby Sevens Rugby Sevens, Women",NA
1506027,Yolaine Yengo,F,31,NA,NA,FRA,FRA,2024 Summer,2024,Summer,Paris,Rugby Sevens,"Rugby Sevens Rugby Sevens, Women",NA
1506028,Chloé Jacquet,F,22,NA,NA,FRA,FRA,2024 Summer,2024,Summer,Paris,Rugby Sevens,"Rugby Sevens Rugby Sevens, Women",NA
1506029,Camille Grassineau,F,33,165.0,58.0,FRA,FRA,2024 Summer,2024,Summer,Paris,Rugby Sevens,"Rugby Sevens Rugby Sevens, Women",NA
1506030,Carla Neisen,F,28,NA,NA,FRA,FRA,2024 Summer,2024,Summer,Paris,Rugby Sevens,"Rugby Sevens Rugby Sevens, Women",NA
1506031,Caroline Drouin,F,28,NA,NA,FRA,FRA,2024 Summer,2024,Summer,Paris,Rugby Sevens,"Rugby Sevens Rugby Sevens, Women",NA
1506032,Iän Jason,F,27,NA,NA,FRA,FRA,2024 Summer,2024,Summer,Paris,Rugby Sevens,"Rugby Sevens Rugby Sevens, Women",NA
1506033,Lili Dezou,F,20,NA,NA,FRA,FRA,2024 Summer,2024,Summer,Paris,Rugby Sevens,"Rugby Sevens Rugby Sevens, Women",NA
1506034,David Courteix,M,52,NA,NA,FRA,FRA,2024 Summer,2024,Summer,Paris,Rugby Sevens,"Rugby Sevens Rugby Sevens, Women",NA
1506035,Ruan Hongting,F,28,NA,NA,CHN,CHN,2024 Summer,2024,Summer,Paris,Rugby Sevens,"Rugby Sevens Rugby Sevens, Women",NA
1506036,Yan Meiling,F,27,168.0,67.0,CHN,CHN,2024 Summer,2024,Summer,Paris,Rugby Sevens,"Rugby Sevens Rugby Sevens, Women",NA
1506037,Su Qi,F,24,NA,NA,CHN,CHN,2024 Summer,2024,Summer,Paris,Rugby Sevens,"Rugby Sevens Rugby Sevens, Women",NA
1506038,Zhou Yan,F,26,NA,NA,CHN,CHN,2024 Summer,2024,Summer,Paris,Rugby Sevens,"Rugby Sevens Rugby Sevens, Women",NA
1506039,Gu Yaoyao,F,28,NA,NA,CHN,CHN,2024 Summer,2024,Summer,Paris,Rugby Sevens,"Rugby Sevens Rugby Sevens, Women",NA
1506040,Wang Wanyu,F,27,NA,NA,CHN,CHN,2024 Summer,2024,Summer,Paris,Rugby Sevens,"Rugby Sevens Rugby Sevens, Women",NA
1506041,Chen Keyi,F,28,NA,NA,CHN,CHN,2024 Summer,2024,Summer,Paris,Rugby Sevens,"Rugby Sevens Rugby Sevens, Women",NA
1506042,Sun Yue,F,24,NA,NA,CHN,CHN,2024 Summer,2024,Summer,Paris,Rugby Sevens,"Rugby Sevens Rugby Sevens, Women",NA
1506043,Yang Feifei,F,26,163.0,60.0,CHN,CHN,2024 Summer,2024,Summer,Paris,Rugby Sevens,"Rugby Sevens Rugby Sevens, Women",NA
1506044,Dou Xinrong,F,23,NA,NA,CHN,CHN,2024 Summer,2024,Summer,Paris,Rugby Sevens,"Rugby Sevens Rugby Sevens, Women",NA
1506045,Liu Xiaoqian,F,28,160.0,59.0,CHN,CHN,2024 Summer,2024,Summer,Paris,Rugby Sevens,"Rugby Sevens Rugby Sevens, Women",NA
1506046,Hu Yu,F,25,NA,NA,CHN,CHN,2024 Summer,2024,Summer,Paris,Rugby Sevens,"Rugby Sevens Rugby Sevens, Women",NA
1506047,Ma Xiaodan,F,26,NA,NA,CHN,CHN,2024 Summer,2024,Summer,Paris,Rugby Sevens,"Rugby Sevens Rugby Sevens, Women",NA
1506048,Wang Xiao,F,25,NA,NA,CHN,CHN,2024 Summer,2024,Summer,Paris,Rugby Sevens,"Rugby Sevens Rugby Sevens, Women",NA
1506049,Lu Zhuan,M,40,NA,NA,CHN,CHN,2024 Summer,2024,Summer,Paris,Rugby Sevens,"Rugby Sevens Rugby Sevens, Women",NA
1506050,Lisa Thomson,F,26,169.0,75.0,GBR,GBR,2024 Summer,2024,Summer,Paris,Rugby Sevens,"Rugby Sevens Rugby Sevens, Women",NA
1506051,Jade Shekells,F,27,NA,NA,GBR,GBR,2024 Summer,2024,Summer,Paris,Rugby Sevens,"Rugby Sevens Rugby Sevens, Women",NA
1506052,Ellie Boatman,F,27,NA,NA,GBR,GBR,2024 Summer,2024,Summer,Paris,Rugby Sevens,"Rugby Sevens Rugby Sevens, Women",NA
1506053,Grace Crompton,F,22,NA,NA,GBR,GBR,2024 Summer,2024,Summer,Paris,Rugby Sevens,"Rugby Sevens Rugby Sevens, Women",NA
1506054,Heather Cowell,F,28,NA,NA,GBR,GBR,2024 Summer,2024,Summer,Paris,Rugby Sevens,"Rugby Sevens Rugby Sevens, Women",NA
1506055,Lauren Torley,F,24,NA,NA,GBR,GBR,2024 Summer,2024,Summer,Paris,Rugby Sevens,"Rugby Sevens Rugby Sevens, Women",NA
1506056,Emma Uren,F,26,172.0,68.0,GBR,GBR,2024 Summer,2024,Summer,Paris,Rugby Sevens,"Rugby Sevens Rugby Sevens, Women",NA
1506057,Ellie Kildunne,F,24,NA,NA,GBR,GBR,2024 Summer,2024,Summer,Paris,Rugby Sevens,"Rugby Sevens Rugby Sevens, Women",NA
1506058,Isla Norman-Bell,F,24,NA,NA,GBR,GBR,2024 Summer,2024,Summer,Paris,Rugby Sevens,"Rugby Sevens Rugby Sevens, Women",NA
1506059,Meg Jones,F,27,165.0,68.0,GBR,GBR,2024 Summer,2024,Summer,Paris,Rugby Sevens,"Rugby Sevens Rugby Sevens, Women",NA
1506060,Jasmine Joyce,F,28,163.0,55.0,GBR,GBR,2024 Summer,2024,Summer,Paris,Rugby Sevens,"Rugby Sevens Rugby Sevens, Women",NA
1506061,Amy Wilson-Hardy,F,32,167.0,69.0,GBR,GBR,2024 Summer,2024,Summer,Paris,Rugby Sevens,"Rugby Sevens Rugby Sevens, Women",NA
1506062,Abi Burton,F,24,171.0,80.0,GBR,GBR,2024 Summer,2024,Summer,Paris,Rugby Sevens,"Rugby Sevens Rugby Sevens, Women",NA
1506063,Kayleigh Powell,F,25,NA,NA,GBR,GBR,2024 Summer,2024,Summer,Paris,Rugby Sevens,"Rugby Sevens Rugby Sevens, Women",NA
1506064,Ciaran Beattie,M,38,NA,NA,GBR,GBR,2024 Summer,2024,Summer,Paris,Rugby Sevens,"Rugby Sevens Rugby Sevens, Women",NA
1506065,Ashleigh Orchard,F,32,NA,NA,IRL,IRL,2024 Summer,2024,Summer,Paris,Rugby Sevens,"Rugby Sevens Rugby Sevens, Women",NA
1506066,Vicki Elmes Kinlan,F,21,NA,NA,IRL,IRL,2024 Summer,2024,Summer,Paris,Rugby Sevens,"Rugby Sevens Rugby Sevens, Women",NA
1506067,Stacey Flood,F,27,NA,NA,IRL,IRL,2024 Summer,2024,Summer,Paris,Rugby Sevens,"Rugby Sevens Rugby Sevens, Women",NA
1506068,Alanna Fitzpatrick,F,19,NA,NA,IRL,IRL,2024 Summer,2024,Summer,Paris,Rugby Sevens,"Rugby Sevens Rugby Sevens, Women",NA
1506069,Amee Leigh Murphy Crowe,F,29,NA,NA,IRL,IRL,2024 Summer,2024,Summer,Paris,Rugby Sevens,"Rugby Sevens Rugby Sevens, Women",NA
1506070,Kathy Baker,F,26,NA,NA,IRL,IRL,2024 Summer,2024,Summer,Paris,Rugby Sevens,"Rugby Sevens Rugby Sevens, Women",NA
1506071,Beibhinn Parsons,F,22,NA,NA,IRL,IRL,2024 Summer,2024,Summer,Paris,Rugby Sevens,"Rugby Sevens Rugby Sevens, Women",NA
1506072,Megan Burns,F,24,NA,NA,IRL,IRL,2024 Summer,2024,Summer,Paris,Rugby Sevens,"Rugby Sevens Rugby Sevens, Women",NA
1506073,Lucy Mulhall Rock,F,30,NA,NA,IRL,IRL,2024 Summer,2024,Summer,Paris,Rugby Sevens,"Rugby Sevens Rugby Sevens, Women",NA
1506074,Eve Higgins,F,25,NA,NA,IRL,IRL,2024 Summer,2024,Summer,Paris,Rugby Sevens,"Rugby Sevens Rugby Sevens, Women",NA
1506075,Erin King,F,20,NA,NA,IRL,IRL,2024 Summer,2024,Summer,Paris,Rugby Sevens,"Rugby Sevens Rugby Sevens, Women",NA
1506076,Emily Lane,F,25,NA,NA,IRL,IRL,2024 Summer,2024,Summer,Paris,Rugby Sevens,"Rugby Sevens Rugby Sevens, Women",NA
1506077,Claire Boles,F,26,NA,NA,IRL,IRL,2024 Summer,2024,Summer,Paris,Rugby Sevens,"Rugby Sevens Rugby Sevens, Women",NA
1506078,Amy Larn,F,20,NA,NA,IRL,IRL,2024 Summer,2024,Summer,Paris,Rugby Sevens,"Rugby Sevens Rugby Sevens, Women",NA
1506079,Allan Temple-Jones,M,43,NA,NA,IRL,IRL,2024 Summer,2024,Summer,Paris,Rugby Sevens,"Rugby Sevens Rugby Sevens, Women",NA
1506080,Chiharu Nakamura,F,36,163.0,63.0,JPN,JPN,2024 Summer,2024,Summer,Paris,Rugby Sevens,"Rugby Sevens Rugby Sevens, Women",NA
1506081,Marin Kajiki,F,24,NA,NA,JPN,JPN,2024 Summer,2024,Summer,Paris,Rugby Sevens,"Rugby Sevens Rugby Sevens, Women",NA
1506082,Rinka Matsuda,F,22,NA,NA,JPN,JPN,2024 Summer,2024,Summer,Paris,Rugby Sevens,"Rugby Sevens Rugby Sevens, Women",NA
1506083,Sakura Mizutani,F,20,NA,NA,JPN,JPN,2024 Summer,2024,Summer,Paris,Rugby Sevens,"Rugby Sevens Rugby Sevens, Women",NA
1506084,Chiaki Saegusa,F,27,NA,NA,JPN,JPN,2024 Summer,2024,Summer,Paris,Rugby Sevens,"Rugby Sevens Rugby Sevens, Women",NA
1506085,Mei Ohtani,F,24,NA,NA,JPN,JPN,2024 Summer,2024,Summer,Paris,Rugby Sevens,"Rugby Sevens Rugby Sevens, Women",NA
1506086,Yume Hirano,F,24,NA,NA,JPN,JPN,2024 Summer,2024,Summer,Paris,Rugby Sevens,"Rugby Sevens Rugby Sevens, Women",NA
1506087,Arisa Nishi,F,20,NA,NA,JPN,JPN,2024 Summer,2024,Summer,Paris,Rugby Sevens,"Rugby Sevens Rugby Sevens, Women",NA
1506088,Hanako Utsumi,F,24,NA,NA,JPN,JPN,2024 Summer,2024,Summer,Paris,Rugby Sevens,"Rugby Sevens Rugby Sevens, Women",NA
1506089,Emii Tanaka,F,24,NA,NA,JPN,JPN,2024 Summer,2024,Summer,Paris,Rugby Sevens,"Rugby Sevens Rugby Sevens, Women",NA
1506090,Wakaba Hara,F,24,NA,NA,JPN,JPN,2024 Summer,2024,Summer,Paris,Rugby Sevens,"Rugby Sevens Rugby Sevens, Women",NA
1506091,Honoka Tsutsumi,F,27,NA,NA,JPN,JPN,2024 Summer,2024,Summer,Paris,Rugby Sevens,"Rugby Sevens Rugby Sevens, Women",NA
1506092,Yukino Tsujisaki,F,30,NA,NA,JPN,JPN,2024 Summer,2024,Summer,Paris,Rugby Sevens,"Rugby Sevens Rugby Sevens, Women",NA
1506093,Takashi Suzuki,M,43,NA,NA,JPN,JPN,2024 Summer,2024,Summer,Paris,Rugby Sevens,"Rugby Sevens Rugby Sevens, Women",NA
1506094,Mari Nicolau,F,26,160.0,70.0,BRA,BRA,2024 Summer,2024,Summer,Paris,Rugby Sevens,"Rugby Sevens Rugby Sevens, Women",NA
1506095,Milena Silva,F,24,174.0,65.0,BRA,BRA,2024 Summer,2024,Summer,Paris,Rugby Sevens,"Rugby Sevens Rugby Sevens, Women",NA
1506096,Gisele Gomes dos Santos,F,20,166.0,64.0,BRA,BRA,2024 Summer,2024,Summer,Paris,Rugby Sevens,"Rugby Sevens Rugby Sevens, Women",NA
1506097,Thalia Costa,F,27,155.0,55.0,BRA,BRA,2024 Summer,2024,Summer,Paris,Rugby Sevens,"Rugby Sevens Rugby Sevens, Women",NA
1506098,Thalita Costa,F,27,158.0,64.0,BRA,BRA,2024 Summer,2024,Summer,Paris,Rugby Sevens,"Rugby Sevens Rugby Sevens, Women",NA
1506099,Yasmim Soares,F,25,160.0,54.0,BRA,BRA,2024 Summer,2024,Summer,Paris,Rugby Sevens,"Rugby Sevens Rugby Sevens, Women",NA
1506100,Marina Fioravanti,F,30,169.0,66.0,BRA,BRA,2024 Summer,2024,Summer,Paris,Rugby Sevens,"Rugby Sevens Rugby Sevens, Women",NA
1506101,Gabriela Lima,F,29,171.0,65.0,BRA,BRA,2024 Summer,2024,Summer,Paris,Rugby Sevens,"Rugby Sevens Rugby Sevens, Women",NA
1506102,Raquel Kochhann,F,31,172.0,72.0,BRA,BRA,2024 Summer,2024,Summer,Paris,Rugby Sevens,"Rugby Sevens Rugby Sevens, Women",NA
1506103,Bianca Silva,F,25,174.0,63.0,BRA,BRA,2024 Summer,2024,Summer,Paris,Rugby Sevens,"Rugby Sevens Rugby Sevens, Women",NA
1506104,Marcelle Souza,F,27,177.0,76.0,BRA,BRA,2024 Summer,2024,Summer,Paris,Rugby Sevens,"Rugby Sevens Rugby Sevens, Women",NA
1506105,Leila Silva,F,27,160.0,56.0,BRA,BRA,2024 Summer,2024,Summer,Paris,Rugby Sevens,"Rugby Sevens Rugby Sevens, Women",NA
1506106,Isadora Lopes,F,26,167.0,68.0,BRA,BRA,2024 Summer,2024,Summer,Paris,Rugby Sevens,"Rugby Sevens Rugby Sevens, Women",NA
1506107,Luiza Campos,F,33,165.0,68.0,BRA,BRA,2024 Summer,2024,Summer,Paris,Rugby Sevens,"Rugby Sevens Rugby Sevens, Women",NA
1506108,William Broderick,M,31,NA,NA,BRA,BRA,2024 Summer,2024,Summer,Paris,Rugby Sevens,"Rugby Sevens Rugby Sevens, Women",NA
1506109,Libbie Janse van Rensberg,F,29,NA,NA,RSA,RSA,2024 Summer,2024,Summer,Paris,Rugby Sevens,"Rugby Sevens Rugby Sevens, Women",NA
1506110,Byrhandre Dolf,F,21,NA,NA,RSA,RSA,2024 Summer,2024,Summer,Paris,Rugby Sevens,"Rugby Sevens Rugby Sevens, Women",NA
1506111,Ayanda Malinga,F,26,NA,NA,RSA,RSA,2024 Summer,2024,Summer,Paris,Rugby Sevens,"Rugby Sevens Rugby Sevens, Women",NA
1506112,Zintle Mpupha,F,30,NA,NA,RSA,RSA,2024 Summer,2024,Summer,Paris,Rugby Sevens,"Rugby Sevens Rugby Sevens, Women",NA
1506113,Marlize de Bruin,F,29,NA,NA,RSA,RSA,2024 Summer,2024,Summer,Paris,Rugby Sevens,"Rugby Sevens Rugby Sevens, Women",NA
1506114,Veroeshka Grain,F,33,NA,NA,RSA,RSA,2024 Summer,2024,Summer,Paris,Rugby Sevens,"Rugby Sevens Rugby Sevens, Women",NA
1506115,Maria Tshiremba,F,28,NA,NA,RSA,RSA,2024 Summer,2024,Summer,Paris,Rugby Sevens,"Rugby Sevens Rugby Sevens, Women",NA
1506116,Sizophila Solontsi,F,32,NA,NA,RSA,RSA,2024 Summer,2024,Summer,Paris,Rugby Sevens,"Rugby Sevens Rugby Sevens, Women",NA
1506117,Nadine Roos,F,28,NA,NA,RSA,RSA,2024 Summer,2024,Summer,Paris,Rugby Sevens,"Rugby Sevens Rugby Sevens, Women",NA
1506118,Mathrin Simmers,F,36,NA,NA,RSA,RSA,2024 Summer,2024,Summer,Paris,Rugby Sevens,"Rugby Sevens Rugby Sevens, Women",NA
1506119,Kemisetso Baloyi,F,26,NA,NA,RSA,RSA,2024 Summer,2024,Summer,Paris,Rugby Sevens,"Rugby Sevens Rugby Sevens, Women",NA
1506120,Liske Lategan,F,25,NA,NA,RSA,RSA,2024 Summer,2024,Summer,Paris,Rugby Sevens,"Rugby Sevens Rugby Sevens, Women",NA
1506121,Shiniqwa Lamprecht,F,21,NA,NA,RSA,RSA,2024 Summer,2024,Summer,Paris,Rugby Sevens,"Rugby Sevens Rugby Sevens, Women",NA
1506122,Renfred Dazel,M,43,NA,NA,RSA,RSA,2024 Summer,2024,Summer,Paris,Rugby Sevens,"Rugby Sevens Rugby Sevens, Women",NA
1506123,Raijieli Daveua,F,32,NA,69.0,FIJ,FIJ,2024 Summer,2024,Summer,Paris,Rugby Sevens,"Rugby Sevens Rugby Sevens, Women",NA
1506124,Verenaisi Ditavutu,F,24,NA,NA,FIJ,FIJ,2024 Summer,2024,Summer,Paris,Rugby Sevens,"Rugby Sevens Rugby Sevens, Women",NA
1506125,Vani Buleki,F,23,NA,NA,FIJ,FIJ,2024 Summer,2024,Summer,Paris,Rugby Sevens,"Rugby Sevens Rugby Sevens, Women",NA
1506126,Lavena Cavuru,F,30,NA,NA,FIJ,FIJ,2024 Summer,2024,Summer,Paris,Rugby Sevens,"Rugby Sevens Rugby Sevens, Women",NA
1506127,Reapi Ulunisau,F,29,NA,NA,FIJ,FIJ,2024 Summer,2024,Summer,Paris,Rugby Sevens,"Rugby Sevens Rugby Sevens, Women",NA
1506128,Ana Maria Naimasi,F,30,NA,NA,FIJ,FIJ,2024 Summer,2024,Summer,Paris,Rugby Sevens,"Rugby Sevens Rugby Sevens, Women",NA
1506129,Ilisapeci Delaiwau,F,24,NA,NA,FIJ,FIJ,2024 Summer,2024,Summer,Paris,Rugby Sevens,"Rugby Sevens Rugby Sevens, Women",NA
1506130,Kolora Lomani,F,24,NA,NA,FIJ,FIJ,2024 Summer,2024,Summer,Paris,Rugby Sevens,"Rugby Sevens Rugby Sevens, Women",NA
1506131,Alowesi Nakoci,F,32,NA,NA,FIJ,FIJ,2024 Summer,2024,Summer,Paris,Rugby Sevens,"Rugby Sevens Rugby Sevens, Women",NA
1506132,Laisana Likuceva,F,25,NA,NA,FIJ,FIJ,2024 Summer,2024,Summer,Paris,Rugby Sevens,"Rugby Sevens Rugby Sevens, Women",NA
1506133,Maria Rokotuisiga,F,23,NA,NA,FIJ,FIJ,2024 Summer,2024,Summer,Paris,Rugby Sevens,"Rugby Sevens Rugby Sevens, Women",NA
1506134,Sesenieli Donu,F,28,NA,NA,FIJ,FIJ,2024 Summer,2024,Summer,Paris,Rugby Sevens,"Rugby Sevens Rugby Sevens, Women",NA
1506135,Talei Wilson,F,28,NA,NA,FIJ,FIJ,2024 Summer,2024,Summer,Paris,Rugby Sevens,"Rugby Sevens Rugby Sevens, Women",NA
1506136,Saiasi Fuli,M,46,NA,NA,FIJ,FIJ,2024 Summer,2024,Summer,Paris,Rugby Sevens,"Rugby Sevens Rugby Sevens, Women",NA
1506137,Mikhail Shaydorov,M,21,NA,NA,KAZ,KAZ,2026 Winter,2026,Winter,Milano-Cortina d'Ampezzo,Figure Skating,"Figure Skating Singles, Men",Gold
1506138,Yuma Kagiyama,M,22,NA,NA,JPN,JPN,2026 Winter,2026,Winter,Milano-Cortina d'Ampezzo,Figure Skating,"Figure Skating Singles, Men",Silver
1506139,Shun Sato,M,21,NA,NA,JPN,JPN,2026 Winter,2026,Winter,Milano-Cortina d'Ampezzo,Figure Skating,"Figure Skating Singles, Men",Bronze
1506140,Cha Jun-Hwan,M,24,175.0,NA,KOR,KOR,2026 Winter,2026,Winter,Milano-Cortina d'Ampezzo,Figure Skating,"Figure Skating Singles, Men",NA
1506141,Stephen Gogolev,M,21,NA,NA,CAN,CAN,2026 Winter,2026,Winter,Milano-Cortina d'Ampezzo,Figure Skating,"Figure Skating Singles, Men",NA
1506142,Pyotr Gumennik,M,23,NA,NA,AIN,AIN,2026 Winter,2026,Winter,Milano-Cortina d'Ampezzo,Figure Skating,"Figure Skating Singles, Men",NA
1506143,Adam Siao Him Fa,M,25,167.0,60.0,FRA,FRA,2026 Winter,2026,Winter,Milano-Cortina d'Ampezzo,Figure Skating,"Figure Skating Singles, Men",NA
1506144,Ilia Malinin,M,21,NA,NA,USA,USA,2026 Winter,2026,Winter,Milano-Cortina d'Ampezzo,Figure Skating,"Figure Skating Singles, Men",NA
1506145,Daniel Grassl,M,23,175.0,NA,ITA,ITA,2026 Winter,2026,Winter,Milano-Cortina d'Ampezzo,Figure Skating,"Figure Skating Singles, Men",NA
1506146,Nika Egadze,M,23,NA,NA,GEO,GEO,2026 Winter,2026,Winter,Milano-Cortina d'Ampezzo,Figure Skating,"Figure Skating Singles, Men",NA
1506147,Kevin Aymoz,M,28,160.0,55.0,FRA,FRA,2026 Winter,2026,Winter,Milano-Cortina d'Ampezzo,Figure Skating,"Figure Skating Singles, Men",NA
1506148,Andrew Torgashev,M,24,NA,NA,USA,USA,2026 Winter,2026,Winter,Milano-Cortina d'Ampezzo,Figure Skating,"Figure Skating Singles, Men",NA
1506149,Kao Miura,M,20,NA,NA,JPN,JPN,2026 Winter,2026,Winter,Milano-Cortina d'Ampezzo,Figure Skating,"Figure Skating Singles, Men",NA
1506150,Lukas Britschgi,M,27,NA,NA,SUI,SUI,2026 Winter,2026,Winter,Milano-Cortina d'Ampezzo,Figure Skating,"Figure Skating Singles, Men",NA
1506151,Matteo Rizzo,M,27,170.0,58.0,ITA,ITA,2026 Winter,2026,Winter,Milano-Cortina d'Ampezzo,Figure Skating,"Figure Skating Singles, Men",NA
1506152,Aleksandr Selevko,M,24,NA,NA,EST,EST,2026 Winter,2026,Winter,Milano-Cortina d'Ampezzo,Figure Skating,"Figure Skating Singles, Men",NA
1506153,Jin Boyang,M,28,170.0,55.0,CHN,CHN,2026 Winter,2026,Winter,Milano-Cortina d'Ampezzo,Figure Skating,"Figure Skating Singles, Men",NA
1506154,Deniss Vasiļjevs,M,26,172.0,52.0,LAT,LAT,2026 Winter,2026,Winter,Milano-Cortina d'Ampezzo,Figure Skating,"Figure Skating Singles, Men",NA
1506155,Kyrylo Marsak,M,21,NA,NA,UKR,UKR,2026 Winter,2026,Winter,Milano-Cortina d'Ampezzo,Figure Skating,"Figure Skating Singles, Men",NA
1506156,Maxim Naumov,M,24,NA,NA,USA,USA,2026 Winter,2026,Winter,Milano-Cortina d'Ampezzo,Figure Skating,"Figure Skating Singles, Men",NA
1506157,Vladimir Samoilov,M,26,NA,NA,POL,POL,2026 Winter,2026,Winter,Milano-Cortina d'Ampezzo,Figure Skating,"Figure Skating Singles, Men",NA
1506158,Donovan Carrillo,M,26,NA,NA,MEX,MEX,2026 Winter,2026,Winter,Milano-Cortina d'Ampezzo,Figure Skating,"Figure Skating Singles, Men",NA
1506159,Li Yu-Hsiang,M,19,NA,NA,TPE,TPE,2026 Winter,2026,Winter,Milano-Cortina d'Ampezzo,Figure Skating,"Figure Skating Singles, Men",NA
1506160,Adam Hagara,M,19,184.0,68.0,SVK,SVK,2026 Winter,2026,Winter,Milano-Cortina d'Ampezzo,Figure Skating,"Figure Skating Singles, Men",NA
1506161,Tomáš Guarino,M,26,NA,NA,ESP,ESP,2026 Winter,2026,Winter,Milano-Cortina d'Ampezzo,Figure Skating,"Figure Skating Singles, Men",NA
1506162,Kim Hyeon-Gyeom,M,19,172.0,61.0,KOR,KOR,2026 Winter,2026,Winter,Milano-Cortina d'Ampezzo,Figure Skating,"Figure Skating Singles, Men",NA
1506163,Andreas Nordebäck,M,21,NA,NA,SWE,SWE,2026 Winter,2026,Winter,Milano-Cortina d'Ampezzo,Figure Skating,"Figure Skating Singles, Men",NA
1506164,Fedir Kulish,M,20,175.0,63.0,LAT,LAT,2026 Winter,2026,Winter,Milano-Cortina d'Ampezzo,Figure Skating,"Figure Skating Singles, Men",NA
1506165,Vladimir Litvintsev,M,24,NA,NA,AZE,AZE,2026 Winter,2026,Winter,Milano-Cortina d'Ampezzo,Figure Skating,"Figure Skating Singles, Men",NA
1506166,Alysa Liu,F,20,NA,NA,USA,USA,2026 Winter,2026,Winter,Milano-Cortina d'Ampezzo,Figure Skating,"Figure Skating Singles, Women",Gold
1506167,Kaori Sakamoto,F,25,158.0,NA,JPN,JPN,2026 Winter,2026,Winter,Milano-Cortina d'Ampezzo,Figure Skating,"Figure Skating Singles, Women",Silver
1506168,Ami Nakai,F,17,NA,NA,JPN,JPN,2026 Winter,2026,Winter,Milano-Cortina d'Ampezzo,Figure Skating,"Figure Skating Singles, Women",Bronze
1506169,Mone Chiba,F,20,NA,NA,JPN,JPN,2026 Winter,2026,Winter,Milano-Cortina d'Ampezzo,Figure Skating,"Figure Skating Singles, Women",NA
1506170,Amber Glenn,F,26,NA,NA,USA,USA,2026 Winter,2026,Winter,Milano-Cortina d'Ampezzo,Figure Skating,"Figure Skating Singles, Women",NA
1506171,Adeliya Petrosyan,F,18,NA,NA,AIN,AIN,2026 Winter,2026,Winter,Milano-Cortina d'Ampezzo,Figure Skating,"Figure Skating Singles, Women",NA
1506172,Niina Petrõkina,F,21,NA,NA,EST,EST,2026 Winter,2026,Winter,Milano-Cortina d'Ampezzo,Figure Skating,"Figure Skating Singles, Women",NA
1506173,Lee Hae-In,F,20,NA,NA,KOR,KOR,2026 Winter,2026,Winter,Milano-Cortina d'Ampezzo,Figure Skating,"Figure Skating Singles, Women",NA
1506174,Nastya Gubanova,F,23,NA,NA,GEO,GEO,2026 Winter,2026,Winter,Milano-Cortina d'Ampezzo,Figure Skating,"Figure Skating Singles, Women",NA
1506175,Sofia Samodelkina,F,18,NA,NA,KAZ,KAZ,2026 Winter,2026,Winter,Milano-Cortina d'Ampezzo,Figure Skating,"Figure Skating Singles, Women",NA
1506176,Sin Ji-A,F,17,NA,NA,KOR,KOR,2026 Winter,2026,Winter,Milano-Cortina d'Ampezzo,Figure Skating,"Figure Skating Singles, Women",NA
1506177,Isabeau Levito,F,18,NA,NA,USA,USA,2026 Winter,2026,Winter,Milano-Cortina d'Ampezzo,Figure Skating,"Figure Skating Singles, Women",NA
1506178,Nina Pinzarrone,F,19,NA,NA,BEL,BEL,2026 Winter,2026,Winter,Milano-Cortina d'Ampezzo,Figure Skating,"Figure Skating Singles, Women",NA
1506179,Loena Hendrickx,F,26,162.0,51.0,BEL,BEL,2026 Winter,2026,Winter,Milano-Cortina d'Ampezzo,Figure Skating,"Figure Skating Singles, Women",NA
1506180,Lara Naki Gutmann,F,23,NA,NA,ITA,ITA,2026 Winter,2026,Winter,Milano-Cortina d'Ampezzo,Figure Skating,"Figure Skating Singles, Women",NA
1506181,Iida Karhunen,F,17,NA,NA,FIN,FIN,2026 Winter,2026,Winter,Milano-Cortina d'Ampezzo,Figure Skating,"Figure Skating Singles, Women",NA
1506182,Julia Sauter-Czarnik,F,28,NA,NA,ROU,ROU,2026 Winter,2026,Winter,Milano-Cortina d'Ampezzo,Figure Skating,"Figure Skating Singles, Women",NA
1506183,Olga Mikutina,F,22,NA,NA,AUT,AUT,2026 Winter,2026,Winter,Milano-Cortina d'Ampezzo,Figure Skating,"Figure Skating Singles, Women",NA
1506184,Zhang Ruiyang,F,18,NA,NA,CHN,CHN,2026 Winter,2026,Winter,Milano-Cortina d'Ampezzo,Figure Skating,"Figure Skating Singles, Women",NA
1506185,Katia Kurakova,F,23,NA,NA,POL,POL,2026 Winter,2026,Winter,Milano-Cortina d'Ampezzo,Figure Skating,"Figure Skating Singles, Women",NA
1506186,Livia Kaiser,F,21,NA,NA,SUI,SUI,2026 Winter,2026,Winter,Milano-Cortina d'Ampezzo,Figure Skating,"Figure Skating Singles, Women",NA
1506187,Lorine Schild,F,21,175.0,NA,FRA,FRA,2026 Winter,2026,Winter,Milano-Cortina d'Ampezzo,Figure Skating,"Figure Skating Singles, Women",NA
1506188,Kimmy Repond,F,19,NA,NA,SUI,SUI,2026 Winter,2026,Winter,Milano-Cortina d'Ampezzo,Figure Skating,"Figure Skating Singles, Women",NA
1506189,Mariia Seniuk,F,20,NA,NA,ISR,ISR,2026 Winter,2026,Winter,Milano-Cortina d'Ampezzo,Figure Skating,"Figure Skating Singles, Women",NA
1506190,Madeline Schizas,F,22,150.0,NA,CAN,CAN,2026 Winter,2026,Winter,Milano-Cortina d'Ampezzo,Figure Skating,"Figure Skating Singles, Women",NA
1506191,Viktoryia Safonava,F,22,NA,NA,AIN,AIN,2026 Winter,2026,Winter,Milano-Cortina d'Ampezzo,Figure Skating,"Figure Skating Singles, Women",NA
1506192,Meda Variakojytė,F,18,NA,NA,LTU,LTU,2026 Winter,2026,Winter,Milano-Cortina d'Ampezzo,Figure Skating,"Figure Skating Singles, Women",NA
1506193,Aleksandra Feigin,F,23,NA,NA,BUL,BUL,2026 Winter,2026,Winter,Milano-Cortina d'Ampezzo,Figure Skating,"Figure Skating Singles, Women",NA
1506194,Kristen Spours,F,25,NA,NA,GBR,GBR,2026 Winter,2026,Winter,Milano-Cortina d'Ampezzo,Figure Skating,"Figure Skating Singles, Women",NA
1506195,Riku Miura,F,24,NA,NA,,,2026 Winter,2026,Winter,Milano-Cortina d'Ampezzo,Figure Skating,"Figure Skating Pairs, Mixed",NA
1506196,Ryuichi Kihara,M,33,175.0,73.0,,,2026 Winter,2026,Winter,Milano-Cortina d'Ampezzo,Figure Skating,"Figure Skating Pairs, Mixed",NA
1506197,Anastasiya Metelkina,F,20,NA,NA,,,2026 Winter,2026,Winter,Milano-Cortina d'Ampezzo,Figure Skating,"Figure Skating Pairs, Mixed",NA
1506198,Luka Berulava,M,23,NA,NA,,,2026 Winter,2026,Winter,Milano-Cortina d'Ampezzo,Figure Skating,"Figure Skating Pairs, Mixed",NA
1506199,Minerva Hase,F,26,NA,NA,,,2026 Winter,2026,Winter,Milano-Cortina d'Ampezzo,Figure Skating,"Figure Skating Pairs, Mixed",NA
1506200,Nikita Volodin,M,26,NA,NA,,,2026 Winter,2026,Winter,Milano-Cortina d'Ampezzo,Figure Skating,"Figure Skating Pairs, Mixed",NA
1506201,Maria Pavlova,F,21,154.0,NA,,,2026 Winter,2026,Winter,Milano-Cortina d'Ampezzo,Figure Skating,"Figure Skating Pairs, Mixed",NA
1506202,Alexei Sviatchenko,M,26,182.0,NA,,,2026 Winter,2026,Winter,Milano-Cortina d'Ampezzo,Figure Skating,"Figure Skating Pairs, Mixed",NA
1506203,Sui Wenjing,F,30,150.0,42.0,,,2026 Winter,2026,Winter,Milano-Cortina d'Ampezzo,Figure Skating,"Figure Skating Pairs, Mixed",NA
1506204,Han Cong,M,33,168.0,61.0,,,2026 Winter,2026,Winter,Milano-Cortina d'Ampezzo,Figure Skating,"Figure Skating Pairs, Mixed",NA
1506205,Sara Conti,F,25,NA,NA,,,2026 Winter,2026,Winter,Milano-Cortina d'Ampezzo,Figure Skating,"Figure Skating Pairs, Mixed",NA
1506206,Niccolò Macii,M,30,NA,NA,,,2026 Winter,2026,Winter,Milano-Cortina d'Ampezzo,Figure Skating,"Figure Skating Pairs, Mixed",NA
1506207,Emily Chan,F,28,NA,NA,,,2026 Winter,2026,Winter,Milano-Cortina d'Ampezzo,Figure Skating,"Figure Skating Pairs, Mixed",NA
1506208,Spencer Howe,M,29,NA,NA,,,2026 Winter,2026,Winter,Milano-Cortina d'Ampezzo,Figure Skating,"Figure Skating Pairs, Mixed",NA
1506209,Lia Pereira,F,21,NA,NA,,,2026 Winter,2026,Winter,Milano-Cortina d'Ampezzo,Figure Skating,"Figure Skating Pairs, Mixed",NA
1506210,Trennt Michaud,M,29,NA,NA,,,2026 Winter,2026,Winter,Milano-Cortina d'Ampezzo,Figure Skating,"Figure Skating Pairs, Mixed",NA
1506211,Ellie Kam,F,21,NA,NA,,,2026 Winter,2026,Winter,Milano-Cortina d'Ampezzo,Figure Skating,"Figure Skating Pairs, Mixed",NA
1506212,Danny O'Shea,M,34,NA,NA,,,2026 Winter,2026,Winter,Milano-Cortina d'Ampezzo,Figure Skating,"Figure Skating Pairs, Mixed",NA
1506213,Annika Hocke,F,25,156.0,45.0,,,2026 Winter,2026,Winter,Milano-Cortina d'Ampezzo,Figure Skating,"Figure Skating Pairs, Mixed",NA
1506214,Robert Kunkel,M,26,NA,NA,,,2026 Winter,2026,Winter,Milano-Cortina d'Ampezzo,Figure Skating,"Figure Skating Pairs, Mixed",NA
1506215,Deanna Stellato-Dudek,F,42,NA,NA,,,2026 Winter,2026,Winter,Milano-Cortina d'Ampezzo,Figure Skating,"Figure Skating Pairs, Mixed",NA
1506216,Maxime Deschamps,M,34,NA,NA,,,2026 Winter,2026,Winter,Milano-Cortina d'Ampezzo,Figure Skating,"Figure Skating Pairs, Mixed",NA
1506217,Rebecca Ghilardi,F,26,NA,NA,,,2026 Winter,2026,Winter,Milano-Cortina d'Ampezzo,Figure Skating,"Figure Skating Pairs, Mixed",NA
1506218,Filippo Ambrosini,M,32,183.0,NA,,,2026 Winter,2026,Winter,Milano-Cortina d'Ampezzo,Figure Skating,"Figure Skating Pairs, Mixed",NA
1506219,Ioulia Chtchetinina,F,30,158.0,45.0,,,2026 Winter,2026,Winter,Milano-Cortina d'Ampezzo,Figure Skating,"Figure Skating Pairs, Mixed",NA
1506220,Michal Wozniak,M,26,NA,NA,,,2026 Winter,2026,Winter,Milano-Cortina d'Ampezzo,Figure Skating,"Figure Skating Pairs, Mixed",NA
1506221,Karina Akopova,F,22,NA,NA,,,2026 Winter,2026,Winter,Milano-Cortina d'Ampezzo,Figure Skating,"Figure Skating Pairs, Mixed",NA
1506222,Nikita Rakhmanin,M,26,NA,NA,,,2026 Winter,2026,Winter,Milano-Cortina d'Ampezzo,Figure Skating,"Figure Skating Pairs, Mixed",NA
1506223,Anastasia Vaipan-Law,F,26,NA,NA,,,2026 Winter,2026,Winter,Milano-Cortina d'Ampezzo,Figure Skating,"Figure Skating Pairs, Mixed",NA
1506224,Luke Digby,M,24,NA,NA,,,2026 Winter,2026,Winter,Milano-Cortina d'Ampezzo,Figure Skating,"Figure Skating Pairs, Mixed",NA
1506225,Camille Kovalev,F,31,160.0,NA,,,2026 Winter,2026,Winter,Milano-Cortina d'Ampezzo,Figure Skating,"Figure Skating Pairs, Mixed",NA
1506226,Pavel Kovalev,M,34,177.0,NA,,,2026 Winter,2026,Winter,Milano-Cortina d'Ampezzo,Figure Skating,"Figure Skating Pairs, Mixed",NA
1506227,Daria Danilova,F,23,NA,NA,,,2026 Winter,2026,Winter,Milano-Cortina d'Ampezzo,Figure Skating,"Figure Skating Pairs, Mixed",NA
1506228,Michel Tsiba,M,28,NA,NA,,,2026 Winter,2026,Winter,Milano-Cortina d'Ampezzo,Figure Skating,"Figure Skating Pairs, Mixed",NA
1506229,Anastasia Golubeva,F,20,NA,NA,,,2026 Winter,2026,Winter,Milano-Cortina d'Ampezzo,Figure Skating,"Figure Skating Pairs, Mixed",NA
1506230,Hektor Giotopoulos Moore,M,23,NA,NA,,,2026 Winter,2026,Winter,Milano-Cortina d'Ampezzo,Figure Skating,"Figure Skating Pairs, Mixed",NA
1506231,Yuna Nagaoka,F,20,NA,NA,,,2026 Winter,2026,Winter,Milano-Cortina d'Ampezzo,Figure Skating,"Figure Skating Pairs, Mixed",NA
1506232,Sumitada Moriguchi,M,24,NA,NA,,,2026 Winter,2026,Winter,Milano-Cortina d'Ampezzo,Figure Skating,"Figure Skating Pairs, Mixed",NA
1506233,Laurence Fournier Beaudry,F,33,165.0,NA,,,2026 Winter,2026,Winter,Milano-Cortina d'Ampezzo,Figure Skating,"Figure Skating Ice Dance, Mixed",NA
1506234,Guillaume Cizeron,M,31,186.0,82.0,,,2026 Winter,2026,Winter,Milano-Cortina d'Ampezzo,Figure Skating,"Figure Skating Ice Dance, Mixed",NA
1506235,Madison Chock,F,33,157.0,49.0,,,2026 Winter,2026,Winter,Milano-Cortina d'Ampezzo,Figure Skating,"Figure Skating Ice Dance, Mixed",NA
1506236,Evan Bates,M,36,188.0,81.0,,,2026 Winter,2026,Winter,Milano-Cortina d'Ampezzo,Figure Skating,"Figure Skating Ice Dance, Mixed",NA
1506237,Piper Gilles,F,34,162.0,50.0,,,2026 Winter,2026,Winter,Milano-Cortina d'Ampezzo,Figure Skating,"Figure Skating Ice Dance, Mixed",NA
1506238,Paul Poirier,M,34,175.0,73.0,,,2026 Winter,2026,Winter,Milano-Cortina d'Ampezzo,Figure Skating,"Figure Skating Ice Dance, Mixed",NA
1506239,Charlène Guignard,F,36,158.0,48.0,,,2026 Winter,2026,Winter,Milano-Cortina d'Ampezzo,Figure Skating,"Figure Skating Ice Dance, Mixed",NA
1506240,Marco Fabbri,M,37,164.0,NA,,,2026 Winter,2026,Winter,Milano-Cortina d'Ampezzo,Figure Skating,"Figure Skating Ice Dance, Mixed",NA
1506241,Emilea Zingas,F,23,NA,NA,,,2026 Winter,2026,Winter,Milano-Cortina d'Ampezzo,Figure Skating,"Figure Skating Ice Dance, Mixed",NA
1506242,Vadym Kolesnik,M,24,NA,NA,,,2026 Winter,2026,Winter,Milano-Cortina d'Ampezzo,Figure Skating,"Figure Skating Ice Dance, Mixed",NA
1506243,Allison Reed,F,31,165.0,50.0,,,2026 Winter,2026,Winter,Milano-Cortina d'Ampezzo,Figure Skating,"Figure Skating Ice Dance, Mixed",NA
1506244,Saulius Ambrulevičius,M,33,NA,NA,,,2026 Winter,2026,Winter,Milano-Cortina d'Ampezzo,Figure Skating,"Figure Skating Ice Dance, Mixed",NA
1506245,Lilah Fear,F,26,NA,NA,,,2026 Winter,2026,Winter,Milano-Cortina d'Ampezzo,Figure Skating,"Figure Skating Ice Dance, Mixed",NA
1506246,Lewis Gibson,M,31,NA,NA,,,2026 Winter,2026,Winter,Milano-Cortina d'Ampezzo,Figure Skating,"Figure Skating Ice Dance, Mixed",NA
1506247,Evgeniia Lopareva,F,25,161.0,NA,,,2026 Winter,2026,Winter,Milano-Cortina d'Ampezzo,Figure Skating,"Figure Skating Ice Dance, Mixed",NA
1506248,Geoffrey Brissaud,M,27,170.0,NA,,,2026 Winter,2026,Winter,Milano-Cortina d'Ampezzo,Figure Skating,"Figure Skating Ice Dance, Mixed",NA
1506249,Olivia Smart,F,28,NA,NA,,,2026 Winter,2026,Winter,Milano-Cortina d'Ampezzo,Figure Skating,"Figure Skating Ice Dance, Mixed",NA
1506250,Tim Dieck,M,29,NA,NA,,,2026 Winter,2026,Winter,Milano-Cortina d'Ampezzo,Figure Skating,"Figure Skating Ice Dance, Mixed",NA
1506251,Marjorie Lajoie,F,25,153.0,NA,,,2026 Winter,2026,Winter,Milano-Cortina d'Ampezzo,Figure Skating,"Figure Skating Ice Dance, Mixed",NA
1506252,Zachary Lagha,M,26,NA,NA,,,2026 Winter,2026,Winter,Milano-Cortina d'Ampezzo,Figure Skating,"Figure Skating Ice Dance, Mixed",NA
1506253,Christina Carreira,F,25,NA,NA,,,2026 Winter,2026,Winter,Milano-Cortina d'Ampezzo,Figure Skating,"Figure Skating Ice Dance, Mixed",NA
1506254,Anthony Ponomarenko,M,25,NA,NA,,,2026 Winter,2026,Winter,Milano-Cortina d'Ampezzo,Figure Skating,"Figure Skating Ice Dance, Mixed",NA
1506255,Juulia Turkkila,F,31,NA,NA,,,2026 Winter,2026,Winter,Milano-Cortina d'Ampezzo,Figure Skating,"Figure Skating Ice Dance, Mixed",NA
1506256,Matthias Versluis,M,31,NA,NA,,,2026 Winter,2026,Winter,Milano-Cortina d'Ampezzo,Figure Skating,"Figure Skating Ice Dance, Mixed",NA
1506257,Diana Davis,F,23,NA,NA,,,2026 Winter,2026,Winter,Milano-Cortina d'Ampezzo,Figure Skating,"Figure Skating Ice Dance, Mixed",NA
1506258,Gleb Smolkin,M,26,NA,NA,,,2026 Winter,2026,Winter,Milano-Cortina d'Ampezzo,Figure Skating,"Figure Skating Ice Dance, Mixed",NA
1506259,Marie-Jade Lauriault,F,29,151.0,44.0,,,2026 Winter,2026,Winter,Milano-Cortina d'Ampezzo,Figure Skating,"Figure Skating Ice Dance, Mixed",NA
1506260,Romain Le Gac,M,30,178.0,70.0,,,2026 Winter,2026,Winter,Milano-Cortina d'Ampezzo,Figure Skating,"Figure Skating Ice Dance, Mixed",NA
1506261,Natálie Taschlerová,F,24,NA,NA,,,2026 Winter,2026,Winter,Milano-Cortina d'Ampezzo,Figure Skating,"Figure Skating Ice Dance, Mixed",NA
1506262,Filip Taschler,M,26,NA,NA,,,2026 Winter,2026,Winter,Milano-Cortina d'Ampezzo,Figure Skating,"Figure Skating Ice Dance, Mixed",NA
1506263,Kateřina Mrázková,F,19,NA,NA,,,2026 Winter,2026,Winter,Milano-Cortina d'Ampezzo,Figure Skating,"Figure Skating Ice Dance, Mixed",NA
1506264,Daniel Mrázek,M,22,163.0,NA,,,2026 Winter,2026,Winter,Milano-Cortina d'Ampezzo,Figure Skating,"Figure Skating Ice Dance, Mixed",NA
1506265,Phebe Bekker,F,20,NA,NA,,,2026 Winter,2026,Winter,Milano-Cortina d'Ampezzo,Figure Skating,"Figure Skating Ice Dance, Mixed",NA
1506266,James Hernandez,M,24,NA,NA,,,2026 Winter,2026,Winter,Milano-Cortina d'Ampezzo,Figure Skating,"Figure Skating Ice Dance, Mixed",NA
1506267,Holly Harris,F,23,NA,NA,,,2026 Winter,2026,Winter,Milano-Cortina d'Ampezzo,Figure Skating,"Figure Skating Ice Dance, Mixed",NA
1506268,Jason Chan,M,29,NA,NA,,,2026 Winter,2026,Winter,Milano-Cortina d'Ampezzo,Figure Skating,"Figure Skating Ice Dance, Mixed",NA
1506269,Sofía Val,F,21,NA,NA,,,2026 Winter,2026,Winter,Milano-Cortina d'Ampezzo,Figure Skating,"Figure Skating Ice Dance, Mixed",NA
1506270,Asaf Kazimov,M,25,NA,NA,,,2026 Winter,2026,Winter,Milano-Cortina d'Ampezzo,Figure Skating,"Figure Skating Ice Dance, Mixed",NA
1506271,Milla Reitan,F,20,NA,NA,,,2026 Winter,2026,Winter,Milano-Cortina d'Ampezzo,Figure Skating,"Figure Skating Ice Dance, Mixed",NA
1506272,Nikolaj Majorov,M,25,NA,NA,,,2026 Winter,2026,Winter,Milano-Cortina d'Ampezzo,Figure Skating,"Figure Skating Ice Dance, Mixed",NA
1506273,Wang Shiyue,F,31,163.0,47.0,,,2026 Winter,2026,Winter,Milano-Cortina d'Ampezzo,Figure Skating,"Figure Skating Ice Dance, Mixed",NA
1506274,Liu Xinyu,M,31,190.0,84.0,,,2026 Winter,2026,Winter,Milano-Cortina d'Ampezzo,Figure Skating,"Figure Skating Ice Dance, Mixed",NA
1506275,Lim Hannah,F,21,NA,NA,,,2026 Winter,2026,Winter,Milano-Cortina d'Ampezzo,Figure Skating,"Figure Skating Ice Dance, Mixed",NA
1506276,Quan Ye,M,24,NA,NA,,,2026 Winter,2026,Winter,Milano-Cortina d'Ampezzo,Figure Skating,"Figure Skating Ice Dance, Mixed",NA
1506277,Jennifer Janse van Rensburg,F,32,NA,NA,,,2026 Winter,2026,Winter,Milano-Cortina d'Ampezzo,Figure Skating,"Figure Skating Ice Dance, Mixed",NA
1506278,Benjamin Steffan,M,30,NA,NA,,,2026 Winter,2026,Winter,Milano-Cortina d'Ampezzo,Figure Skating,"Figure Skating Ice Dance, Mixed",NA
1506279,Madison Chock,F,33,157.0,49.0,,,2026 Winter,2026,Winter,Milano-Cortina d'Ampezzo,Figure Skating,"Figure Skating Team, Mixed",NA
1506280,Amber Glenn,F,26,NA,NA,,,2026 Winter,2026,Winter,Milano-Cortina d'Ampezzo,Figure Skating,"Figure Skating Team, Mixed",NA
1506281,Ellie Kam,F,21,NA,NA,,,2026 Winter,2026,Winter,Milano-Cortina d'Ampezzo,Figure Skating,"Figure Skating Team, Mixed",NA
1506282,Alysa Liu,F,20,NA,NA,,,2026 Winter,2026,Winter,Milano-Cortina d'Ampezzo,Figure Skating,"Figure Skating Team, Mixed",NA
1506283,Evan Bates,M,36,188.0,81.0,,,2026 Winter,2026,Winter,Milano-Cortina d'Ampezzo,Figure Skating,"Figure Skating Team, Mixed",NA
1506284,Ilia Malinin,M,21,NA,NA,,,2026 Winter,2026,Winter,Milano-Cortina d'Ampezzo,Figure Skating,"Figure Skating Team, Mixed",NA
1506285,Danny O'Shea,M,34,NA,NA,,,2026 Winter,2026,Winter,Milano-Cortina d'Ampezzo,Figure Skating,"Figure Skating Team, Mixed",NA
1506286,Riku Miura,F,24,NA,NA,,,2026 Winter,2026,Winter,Milano-Cortina d'Ampezzo,Figure Skating,"Figure Skating Team, Mixed",NA
1506287,Kaori Sakamoto,F,25,158.0,NA,,,2026 Winter,2026,Winter,Milano-Cortina d'Ampezzo,Figure Skating,"Figure Skating Team, Mixed",NA
1506288,Utana Yoshida,F,22,NA,NA,,,2026 Winter,2026,Winter,Milano-Cortina d'Ampezzo,Figure Skating,"Figure Skating Team, Mixed",NA
1506289,Yuma Kagiyama,M,22,NA,NA,,,2026 Winter,2026,Winter,Milano-Cortina d'Ampezzo,Figure Skating,"Figure Skating Team, Mixed",NA
1506290,Ryuichi Kihara,M,33,175.0,73.0,,,2026 Winter,2026,Winter,Milano-Cortina d'Ampezzo,Figure Skating,"Figure Skating Team, Mixed",NA
1506291,Masaya Morita,M,22,NA,NA,,,2026 Winter,2026,Winter,Milano-Cortina d'Ampezzo,Figure Skating,"Figure Skating Team, Mixed",NA
1506292,Shun Sato,M,21,NA,NA,,,2026 Winter,2026,Winter,Milano-Cortina d'Ampezzo,Figure Skating,"Figure Skating Team, Mixed",NA
1506293,Sara Conti,F,25,NA,NA,,,2026 Winter,2026,Winter,Milano-Cortina d'Ampezzo,Figure Skating,"Figure Skating Team, Mixed",NA
1506294,Charlène Guignard,F,36,158.0,48.0,,,2026 Winter,2026,Winter,Milano-Cortina d'Ampezzo,Figure Skating,"Figure Skating Team, Mixed",NA
1506295,Lara Naki Gutmann,F,23,NA,NA,,,2026 Winter,2026,Winter,Milano-Cortina d'Ampezzo,Figure Skating,"Figure Skating Team, Mixed",NA
1506296,Marco Fabbri,M,37,164.0,NA,,,2026 Winter,2026,Winter,Milano-Cortina d'Ampezzo,Figure Skating,"Figure Skating Team, Mixed",NA
1506297,Daniel Grassl,M,23,175.0,NA,,,2026 Winter,2026,Winter,Milano-Cortina d'Ampezzo,Figure Skating,"Figure Skating Team, Mixed",NA
1506298,Niccolò Macii,M,30,NA,NA,,,2026 Winter,2026,Winter,Milano-Cortina d'Ampezzo,Figure Skating,"Figure Skating Team, Mixed",NA
1506299,Matteo Rizzo,M,27,170.0,58.0,,,2026 Winter,2026,Winter,Milano-Cortina d'Ampezzo,Figure Skating,"Figure Skating Team, Mixed",NA
1506300,Diana Davis,F,23,NA,NA,,,2026 Winter,2026,Winter,Milano-Cortina d'Ampezzo,Figure Skating,"Figure Skating Team, Mixed",NA
1506301,Nastya Gubanova,F,23,NA,NA,,,2026 Winter,2026,Winter,Milano-Cortina d'Ampezzo,Figure Skating,"Figure Skating Team, Mixed",NA
1506302,Anastasiya Metelkina,F,20,NA,NA,,,2026 Winter,2026,Winter,Milano-Cortina d'Ampezzo,Figure Skating,"Figure Skating Team, Mixed",NA
1506303,Luka Berulava,M,23,NA,NA,,,2026 Winter,2026,Winter,Milano-Cortina d'Ampezzo,Figure Skating,"Figure Skating Team, Mixed",NA
1506304,Nika Egadze,M,23,NA,NA,,,2026 Winter,2026,Winter,Milano-Cortina d'Ampezzo,Figure Skating,"Figure Skating Team, Mixed",NA
1506305,Gleb Smolkin,M,26,NA,NA,,,2026 Winter,2026,Winter,Milano-Cortina d'Ampezzo,Figure Skating,"Figure Skating Team, Mixed",NA
1506306,Piper Gilles,F,34,162.0,50.0,,,2026 Winter,2026,Winter,Milano-Cortina d'Ampezzo,Figure Skating,"Figure Skating Team, Mixed",NA
1506307,Marjorie Lajoie,F,25,153.0,NA,,,2026 Winter,2026,Winter,Milano-Cortina d'Ampezzo,Figure Skating,"Figure Skating Team, Mixed",NA
1506308,Lia Pereira,F,21,NA,NA,,,2026 Winter,2026,Winter,Milano-Cortina d'Ampezzo,Figure Skating,"Figure Skating Team, Mixed",NA
1506309,Madeline Schizas,F,22,150.0,NA,,,2026 Winter,2026,Winter,Milano-Cortina d'Ampezzo,Figure Skating,"Figure Skating Team, Mixed",NA
1506310,Stephen Gogolev,M,21,NA,NA,,,2026 Winter,2026,Winter,Milano-Cortina d'Ampezzo,Figure Skating,"Figure Skating Team, Mixed",NA
1506311,Zachary Lagha,M,26,NA,NA,,,2026 Winter,2026,Winter,Milano-Cortina d'Ampezzo,Figure Skating,"Figure Skating Team, Mixed",NA
1506312,Trennt Michaud,M,29,NA,NA,,,2026 Winter,2026,Winter,Milano-Cortina d'Ampezzo,Figure Skating,"Figure Skating Team, Mixed",NA
1506313,Paul Poirier,M,34,175.0,73.0,,,2026 Winter,2026,Winter,Milano-Cortina d'Ampezzo,Figure Skating,"Figure Skating Team, Mixed",NA
1506314,Laurence Fournier Beaudry,F,33,165.0,NA,,,2026 Winter,2026,Winter,Milano-Cortina d'Ampezzo,Figure Skating,"Figure Skating Team, Mixed",NA
1506315,Camille Kovalev,F,31,160.0,NA,,,2026 Winter,2026,Winter,Milano-Cortina d'Ampezzo,Figure Skating,"Figure Skating Team, Mixed",NA
1506316,Lorine Schild,F,21,175.0,NA,,,2026 Winter,2026,Winter,Milano-Cortina d'Ampezzo,Figure Skating,"Figure Skating Team, Mixed",NA
1506317,Kevin Aymoz,M,28,160.0,55.0,,,2026 Winter,2026,Winter,Milano-Cortina d'Ampezzo,Figure Skating,"Figure Skating Team, Mixed",NA
1506318,Guillaume Cizeron,M,31,186.0,82.0,,,2026 Winter,2026,Winter,Milano-Cortina d'Ampezzo,Figure Skating,"Figure Skating Team, Mixed",NA
1506319,Pavel Kovalev,M,34,177.0,NA,,,2026 Winter,2026,Winter,Milano-Cortina d'Ampezzo,Figure Skating,"Figure Skating Team, Mixed",NA
1506320,Lim Hannah,F,21,NA,NA,,,2026 Winter,2026,Winter,Milano-Cortina d'Ampezzo,Figure Skating,"Figure Skating Team, Mixed",NA
1506321,Sin Ji-A,F,17,NA,NA,,,2026 Winter,2026,Winter,Milano-Cortina d'Ampezzo,Figure Skating,"Figure Skating Team, Mixed",NA
1506322,Cha Jun-Hwan,M,24,175.0,NA,,,2026 Winter,2026,Winter,Milano-Cortina d'Ampezzo,Figure Skating,"Figure Skating Team, Mixed",NA
1506323,Quan Ye,M,24,NA,NA,,,2026 Winter,2026,Winter,Milano-Cortina d'Ampezzo,Figure Skating,"Figure Skating Team, Mixed",NA
1506324,Sui Wenjing,F,30,150.0,42.0,,,2026 Winter,2026,Winter,Milano-Cortina d'Ampezzo,Figure Skating,"Figure Skating Team, Mixed",NA
1506325,Wang Shiyue,F,31,163.0,47.0,,,2026 Winter,2026,Winter,Milano-Cortina d'Ampezzo,Figure Skating,"Figure Skating Team, Mixed",NA
1506326,Zhang Ruiyang,F,18,NA,NA,,,2026 Winter,2026,Winter,Milano-Cortina d'Ampezzo,Figure Skating,"Figure Skating Team, Mixed",NA
1506327,Han Cong,M,33,168.0,61.0,,,2026 Winter,2026,Winter,Milano-Cortina d'Ampezzo,Figure Skating,"Figure Skating Team, Mixed",NA
1506328,Jin Boyang,M,28,170.0,55.0,,,2026 Winter,2026,Winter,Milano-Cortina d'Ampezzo,Figure Skating,"Figure Skating Team, Mixed",NA
1506329,Liu Xinyu,M,31,190.0,84.0,,,2026 Winter,2026,Winter,Milano-Cortina d'Ampezzo,Figure Skating,"Figure Skating Team, Mixed",NA
1506330,Lilah Fear,F,26,NA,NA,,,2026 Winter,2026,Winter,Milano-Cortina d'Ampezzo,Figure Skating,"Figure Skating Team, Mixed",NA
1506331,Kristen Spours,F,25,NA,NA,,,2026 Winter,2026,Winter,Milano-Cortina d'Ampezzo,Figure Skating,"Figure Skating Team, Mixed",NA
1506332,Anastasia Vaipan-Law,F,26,NA,NA,,,2026 Winter,2026,Winter,Milano-Cortina d'Ampezzo,Figure Skating,"Figure Skating Team, Mixed",NA
1506333,Edward Appleby,M,21,NA,NA,,,2026 Winter,2026,Winter,Milano-Cortina d'Ampezzo,Figure Skating,"Figure Skating Team, Mixed",NA
1506334,Luke Digby,M,24,NA,NA,,,2026 Winter,2026,Winter,Milano-Cortina d'Ampezzo,Figure Skating,"Figure Skating Team, Mixed",NA
1506335,Lewis Gibson,M,31,NA,NA,,,2026 Winter,2026,Winter,Milano-Cortina d'Ampezzo,Figure Skating,"Figure Skating Team, Mixed",NA
1506336,Ioulia Chtchetinina,F,30,158.0,45.0,,,2026 Winter,2026,Winter,Milano-Cortina d'Ampezzo,Figure Skating,"Figure Skating Team, Mixed",NA
1506337,Sofiia Dovhal,F,19,NA,NA,,,2026 Winter,2026,Winter,Milano-Cortina d'Ampezzo,Figure Skating,"Figure Skating Team, Mixed",NA
1506338,Katia Kurakova,F,23,NA,NA,,,2026 Winter,2026,Winter,Milano-Cortina d'Ampezzo,Figure Skating,"Figure Skating Team, Mixed",NA
1506339,Wiktor Kulesza,M,22,NA,NA,,,2026 Winter,2026,Winter,Milano-Cortina d'Ampezzo,Figure Skating,"Figure Skating Team, Mixed",NA
1506340,Vladimir Samoilov,M,26,NA,NA,,,2026 Winter,2026,Winter,Milano-Cortina d'Ampezzo,Figure Skating,"Figure Skating Team, Mixed",NA
1506341,Michal Wozniak,M,26,NA,NA,,,2026 Winter,2026,Winter,Milano-Cortina d'Ampezzo,Figure Skating,"Figure Skating Team, Mixed",NA
1506342,Yuzuru Hanyu,M,23,171.0,NA,JPN,JPN,2018 Winter,2018,Winter,PyeongChang,Figure Skating,"Figure Skating Singles, Men",Gold
1506343,Shoma Uno,M,20,159.0,55.0,JPN,JPN,2018 Winter,2018,Winter,PyeongChang,Figure Skating,"Figure Skating Singles, Men",Silver
1506344,Javier Fernández,M,26,171.0,61.0,ESP,ESP,2018 Winter,2018,Winter,PyeongChang,Figure Skating,"Figure Skating Singles, Men",Bronze
1506345,Jin Boyang,M,20,170.0,55.0,CHN,CHN,2018 Winter,2018,Winter,PyeongChang,Figure Skating,"Figure Skating Singles, Men",NA
1506346,Nathan Chen,M,18,168.0,61.0,USA,USA,2018 Winter,2018,Winter,PyeongChang,Figure Skating,"Figure Skating Singles, Men",NA
1506347,Vincent Zhou,M,17,170.0,58.0,USA,USA,2018 Winter,2018,Winter,PyeongChang,Figure Skating,"Figure Skating Singles, Men",NA
1506348,Dmitry Aliyev,M,18,NA,64.0,ROC,ROC,2018 Winter,2018,Winter,PyeongChang,Figure Skating,"Figure Skating Singles, Men",NA
1506349,Mikhail Kolyada,M,22,168.0,62.0,ROC,ROC,2018 Winter,2018,Winter,PyeongChang,Figure Skating,"Figure Skating Singles, Men",NA
1506350,Patrick Chan,M,27,168.0,67.0,CAN,CAN,2018 Winter,2018,Winter,PyeongChang,Figure Skating,"Figure Skating Singles, Men",NA
1506351,Adam Rippon,M,28,170.0,66.0,USA,USA,2018 Winter,2018,Winter,PyeongChang,Figure Skating,"Figure Skating Singles, Men",NA
1506352,Alexei Bychenko,M,29,174.0,65.0,ISR,ISR,2018 Winter,2018,Winter,PyeongChang,Figure Skating,"Figure Skating Singles, Men",NA
1506353,Keegan Messing,M,26,164.0,63.0,CAN,CAN,2018 Winter,2018,Winter,PyeongChang,Figure Skating,"Figure Skating Singles, Men",NA
1506354,Daniel Samohin,M,19,176.0,73.0,ISR,ISR,2018 Winter,2018,Winter,PyeongChang,Figure Skating,"Figure Skating Singles, Men",NA
1506355,Jorik Hendrickx,M,25,175.0,NA,BEL,BEL,2018 Winter,2018,Winter,PyeongChang,Figure Skating,"Figure Skating Singles, Men",NA
1506356,Cha Jun-Hwan,M,16,175.0,NA,KOR,KOR,2018 Winter,2018,Winter,PyeongChang,Figure Skating,"Figure Skating Singles, Men",NA
1506357,Michal Březina,M,27,173.0,65.0,CZE,CZE,2018 Winter,2018,Winter,PyeongChang,Figure Skating,"Figure Skating Singles, Men",NA
1506358,Misha Ge,M,26,173.0,57.0,UZB,UZB,2018 Winter,2018,Winter,PyeongChang,Figure Skating,"Figure Skating Singles, Men",NA
1506359,Keiji Tanaka,M,23,172.0,70.0,JPN,JPN,2018 Winter,2018,Winter,PyeongChang,Figure Skating,"Figure Skating Singles, Men",NA
1506360,Deniss Vasiļjevs,M,18,172.0,52.0,LAT,LAT,2018 Winter,2018,Winter,PyeongChang,Figure Skating,"Figure Skating Singles, Men",NA
1506361,Brendan Kerry,M,23,170.0,NA,AUS,AUS,2018 Winter,2018,Winter,PyeongChang,Figure Skating,"Figure Skating Singles, Men",NA
1506362,Matteo Rizzo,M,19,170.0,58.0,ITA,ITA,2018 Winter,2018,Winter,PyeongChang,Figure Skating,"Figure Skating Singles, Men",NA
1506363,Paul Fentz,M,25,179.0,68.0,GER,GER,2018 Winter,2018,Winter,PyeongChang,Figure Skating,"Figure Skating Singles, Men",NA
1506364,Yan Han,M,21,169.0,64.0,CHN,CHN,2018 Winter,2018,Winter,PyeongChang,Figure Skating,"Figure Skating Singles, Men",NA
1506365,Morisi Kvitelashvili,M,22,180.0,NA,GEO,GEO,2018 Winter,2018,Winter,PyeongChang,Figure Skating,"Figure Skating Singles, Men",NA
1506366,Julian Yee,M,20,166.0,60.0,MAS,MAS,2018 Winter,2018,Winter,PyeongChang,Figure Skating,"Figure Skating Singles, Men",NA
1506367,Chafik Besseghier,M,28,171.0,62.0,FRA,FRA,2018 Winter,2018,Winter,PyeongChang,Figure Skating,"Figure Skating Singles, Men",NA
1506368,Denis Ten,M,24,164.0,55.0,KAZ,KAZ,2018 Winter,2018,Winter,PyeongChang,Figure Skating,"Figure Skating Singles, Men",NA
1506369,Michael Christian Martinez,M,21,172.0,NA,PHI,PHI,2018 Winter,2018,Winter,PyeongChang,Figure Skating,"Figure Skating Singles, Men",NA
1506370,Felipe Montoya,M,27,168.0,66.0,ESP,ESP,2018 Winter,2018,Winter,PyeongChang,Figure Skating,"Figure Skating Singles, Men",NA
1506371,Yaroslav Paniot,M,20,183.0,70.0,UKR,UKR,2018 Winter,2018,Winter,PyeongChang,Figure Skating,"Figure Skating Singles, Men",NA
1506372,Alina Zagitova,F,15,156.0,43.0,ROC,ROC,2018 Winter,2018,Winter,PyeongChang,Figure Skating,"Figure Skating Singles, Women",Gold
1506373,Yevgeniya Medvedeva,F,18,159.0,NA,ROC,ROC,2018 Winter,2018,Winter,PyeongChang,Figure Skating,"Figure Skating Singles, Women",Silver
1506374,Kaetlyn Osmond,F,22,163.0,55.0,CAN,CAN,2018 Winter,2018,Winter,PyeongChang,Figure Skating,"Figure Skating Singles, Women",Bronze
1506375,Satoko Miyahara,F,19,152.0,43.0,JPN,JPN,2018 Winter,2018,Winter,PyeongChang,Figure Skating,"Figure Skating Singles, Women",NA
1506376,Carolina Kostner,F,30,169.0,60.0,ITA,ITA,2018 Winter,2018,Winter,PyeongChang,Figure Skating,"Figure Skating Singles, Women",NA
1506377,Kaori Sakamoto,F,17,158.0,NA,JPN,JPN,2018 Winter,2018,Winter,PyeongChang,Figure Skating,"Figure Skating Singles, Women",NA
1506378,Choi Da-Bin,F,18,155.0,42.0,KOR,KOR,2018 Winter,2018,Winter,PyeongChang,Figure Skating,"Figure Skating Singles, Women",NA
1506379,Mariya Sotskova,F,17,173.0,48.0,ROC,ROC,2018 Winter,2018,Winter,PyeongChang,Figure Skating,"Figure Skating Singles, Women",NA
1506380,Bradie Tennell,F,20,168.0,55.0,USA,USA,2018 Winter,2018,Winter,PyeongChang,Figure Skating,"Figure Skating Singles, Women",NA
1506381,Mirai Nagasu,F,24,162.0,50.0,USA,USA,2018 Winter,2018,Winter,PyeongChang,Figure Skating,"Figure Skating Singles, Women",NA
1506382,Karen Chen,F,18,152.0,48.0,USA,USA,2018 Winter,2018,Winter,PyeongChang,Figure Skating,"Figure Skating Singles, Women",NA
1506383,Elizabet Tursynbaeva,F,17,148.0,34.0,KAZ,KAZ,2018 Winter,2018,Winter,PyeongChang,Figure Skating,"Figure Skating Singles, Women",NA
1506384,Kim Ha-Neul,F,15,149.0,NA,KOR,KOR,2018 Winter,2018,Winter,PyeongChang,Figure Skating,"Figure Skating Singles, Women",NA
1506385,Nicole Rajičová,F,22,162.0,56.0,SVK,SVK,2018 Winter,2018,Winter,PyeongChang,Figure Skating,"Figure Skating Singles, Women",NA
1506386,Gabrielle Daleman,F,20,152.0,46.0,CAN,CAN,2018 Winter,2018,Winter,PyeongChang,Figure Skating,"Figure Skating Singles, Women",NA
1506387,Loena Hendrickx,F,18,162.0,51.0,BEL,BEL,2018 Winter,2018,Winter,PyeongChang,Figure Skating,"Figure Skating Singles, Women",NA
1506388,Kailani Craine,F,19,160.0,47.0,AUS,AUS,2018 Winter,2018,Winter,PyeongChang,Figure Skating,"Figure Skating Singles, Women",NA
1506389,Nicole Schott,F,21,163.0,49.0,GER,GER,2018 Winter,2018,Winter,PyeongChang,Figure Skating,"Figure Skating Singles, Women",NA
1506390,Maé-Bérénice Meité,F,23,168.0,68.0,FRA,FRA,2018 Winter,2018,Winter,PyeongChang,Figure Skating,"Figure Skating Singles, Women",NA
1506391,Emmi Peltonen,F,18,162.0,NA,FIN,FIN,2018 Winter,2018,Winter,PyeongChang,Figure Skating,"Figure Skating Singles, Women",NA
1506392,Alexia Paganini,F,16,166.0,NA,SUI,SUI,2018 Winter,2018,Winter,PyeongChang,Figure Skating,"Figure Skating Singles, Women",NA
1506393,Li Xiangning,F,17,152.0,NA,CHN,CHN,2018 Winter,2018,Winter,PyeongChang,Figure Skating,"Figure Skating Singles, Women",NA
1506394,Ivett Tóth,F,19,159.0,49.0,HUN,HUN,2018 Winter,2018,Winter,PyeongChang,Figure Skating,"Figure Skating Singles, Women",NA
1506395,Isadora Williams,F,21,156.0,47.0,BRA,BRA,2018 Winter,2018,Winter,PyeongChang,Figure Skating,"Figure Skating Singles, Women",NA
1506396,Larkyn Austman,F,19,165.0,55.0,CAN,CAN,2018 Winter,2018,Winter,PyeongChang,Figure Skating,"Figure Skating Singles, Women",NA
1506397,Diāna Ņikitina,F,17,170.0,NA,LAT,LAT,2018 Winter,2018,Winter,PyeongChang,Figure Skating,"Figure Skating Singles, Women",NA
1506398,Giada Russo,F,20,160.0,NA,ITA,ITA,2018 Winter,2018,Winter,PyeongChang,Figure Skating,"Figure Skating Singles, Women",NA
1506399,Anita Östlund,F,17,163.0,NA,SWE,SWE,2018 Winter,2018,Winter,PyeongChang,Figure Skating,"Figure Skating Singles, Women",NA
1506400,Anya Khnychenkova,F,23,158.0,NA,UKR,UKR,2018 Winter,2018,Winter,PyeongChang,Figure Skating,"Figure Skating Singles, Women",NA
1506401,Ayza Mambekova,F,18,163.0,NA,KAZ,KAZ,2018 Winter,2018,Winter,PyeongChang,Figure Skating,"Figure Skating Singles, Women",NA
1506402,Aljona Sawtchenko,F,34,153.0,48.0,,,2018 Winter,2018,Winter,PyeongChang,Figure Skating,"Figure Skating Pairs, Mixed",NA
1506403,Bruno Massot,M,29,184.0,90.0,,,2018 Winter,2018,Winter,PyeongChang,Figure Skating,"Figure Skating Pairs, Mixed",NA
1506404,Sui Wenjing,F,22,150.0,42.0,,,2018 Winter,2018,Winter,PyeongChang,Figure Skating,"Figure Skating Pairs, Mixed",NA
1506405,Han Cong,M,25,168.0,61.0,,,2018 Winter,2018,Winter,PyeongChang,Figure Skating,"Figure Skating Pairs, Mixed",NA
1506406,Meagan Duhamel,F,32,148.0,48.0,,,2018 Winter,2018,Winter,PyeongChang,Figure Skating,"Figure Skating Pairs, Mixed",NA
1506407,Eric Radford,M,33,188.0,86.0,,,2018 Winter,2018,Winter,PyeongChang,Figure Skating,"Figure Skating Pairs, Mixed",NA
1506408,Yevgeniya Tarasova,F,23,159.0,47.0,,,2018 Winter,2018,Winter,PyeongChang,Figure Skating,"Figure Skating Pairs, Mixed",NA
1506409,Vladimir Morozov,M,25,190.0,88.0,,,2018 Winter,2018,Winter,PyeongChang,Figure Skating,"Figure Skating Pairs, Mixed",NA
1506410,Vanessa James,F,30,162.0,48.0,,,2018 Winter,2018,Winter,PyeongChang,Figure Skating,"Figure Skating Pairs, Mixed",NA
1506411,Morgan Ciprès,M,26,182.0,80.0,,,2018 Winter,2018,Winter,PyeongChang,Figure Skating,"Figure Skating Pairs, Mixed",NA
1506412,Valentina Marchei,F,31,161.0,48.0,,,2018 Winter,2018,Winter,PyeongChang,Figure Skating,"Figure Skating Pairs, Mixed",NA
1506413,Ondřej Hotárek,M,34,181.0,75.0,,,2018 Winter,2018,Winter,PyeongChang,Figure Skating,"Figure Skating Pairs, Mixed",NA
1506414,Nataliya Zabiyako,F,23,164.0,50.0,,,2018 Winter,2018,Winter,PyeongChang,Figure Skating,"Figure Skating Pairs, Mixed",NA
1506415,Aleksandr Enbert,M,28,189.0,88.0,,,2018 Winter,2018,Winter,PyeongChang,Figure Skating,"Figure Skating Pairs, Mixed",NA
1506416,Yu Xiaoyu,F,22,163.0,46.0,,,2018 Winter,2018,Winter,PyeongChang,Figure Skating,"Figure Skating Pairs, Mixed",NA
1506417,Zhang Hao,M,33,181.0,72.0,,,2018 Winter,2018,Winter,PyeongChang,Figure Skating,"Figure Skating Pairs, Mixed",NA
1506418,Julianne Séguin,F,21,147.0,46.0,,,2018 Winter,2018,Winter,PyeongChang,Figure Skating,"Figure Skating Pairs, Mixed",NA
1506419,Charlie Bilodeau,M,24,180.0,78.0,,,2018 Winter,2018,Winter,PyeongChang,Figure Skating,"Figure Skating Pairs, Mixed",NA
1506420,Nicole Della Monica,F,28,156.0,48.0,,,2018 Winter,2018,Winter,PyeongChang,Figure Skating,"Figure Skating Pairs, Mixed",NA
1506421,Matteo Guarise,M,29,182.0,82.0,,,2018 Winter,2018,Winter,PyeongChang,Figure Skating,"Figure Skating Pairs, Mixed",NA
1506422,Kirsten Moore-Towers,F,25,149.0,45.0,,,2018 Winter,2018,Winter,PyeongChang,Figure Skating,"Figure Skating Pairs, Mixed",NA
1506423,Michael Marinaro,M,26,182.0,77.0,,,2018 Winter,2018,Winter,PyeongChang,Figure Skating,"Figure Skating Pairs, Mixed",NA
1506424,Kristina Astakhova,F,20,158.0,NA,,,2018 Winter,2018,Winter,PyeongChang,Figure Skating,"Figure Skating Pairs, Mixed",NA
1506425,Aleksey Rogonov,M,29,178.0,78.0,,,2018 Winter,2018,Winter,PyeongChang,Figure Skating,"Figure Skating Pairs, Mixed",NA
1506426,Ryom Tae-Ok,F,18,151.0,NA,,,2018 Winter,2018,Winter,PyeongChang,Figure Skating,"Figure Skating Pairs, Mixed",NA
1506427,Kim Ju-Sik,M,25,174.0,NA,,,2018 Winter,2018,Winter,PyeongChang,Figure Skating,"Figure Skating Pairs, Mixed",NA
1506428,Anna Dušková,F,18,158.0,46.0,,,2018 Winter,2018,Winter,PyeongChang,Figure Skating,"Figure Skating Pairs, Mixed",NA
1506429,Martin Bidař,M,18,180.0,78.0,,,2018 Winter,2018,Winter,PyeongChang,Figure Skating,"Figure Skating Pairs, Mixed",NA
1506430,Alexa Scimeca Knierim,F,26,157.0,46.0,,,2018 Winter,2018,Winter,PyeongChang,Figure Skating,"Figure Skating Pairs, Mixed",NA
1506431,Chris Knierim,M,30,188.0,85.0,,,2018 Winter,2018,Winter,PyeongChang,Figure Skating,"Figure Skating Pairs, Mixed",NA
1506432,Annika Hocke,F,17,156.0,45.0,,,2018 Winter,2018,Winter,PyeongChang,Figure Skating,"Figure Skating Pairs, Mixed",NA
1506433,Ruben Blommaert,M,25,180.0,76.0,,,2018 Winter,2018,Winter,PyeongChang,Figure Skating,"Figure Skating Pairs, Mixed",NA
1506434,Peng Cheng,F,20,157.0,41.0,,,2018 Winter,2018,Winter,PyeongChang,Figure Skating,"Figure Skating Pairs, Mixed",NA
1506435,Jin Yang,M,23,181.0,80.0,,,2018 Winter,2018,Winter,PyeongChang,Figure Skating,"Figure Skating Pairs, Mixed",NA
1506436,Ekaterina Alexandrovskaya,F,18,154.0,43.0,,,2018 Winter,2018,Winter,PyeongChang,Figure Skating,"Figure Skating Pairs, Mixed",NA
1506437,Harley Windsor,M,21,185.0,77.0,,,2018 Winter,2018,Winter,PyeongChang,Figure Skating,"Figure Skating Pairs, Mixed",NA
1506438,Paige Conners,F,17,165.0,NA,,,2018 Winter,2018,Winter,PyeongChang,Figure Skating,"Figure Skating Pairs, Mixed",NA
1506439,Evgeni Krasnopolski,M,29,180.0,81.0,,,2018 Winter,2018,Winter,PyeongChang,Figure Skating,"Figure Skating Pairs, Mixed",NA
1506440,Miriam Ziegler,F,23,154.0,47.0,,,2018 Winter,2018,Winter,PyeongChang,Figure Skating,"Figure Skating Pairs, Mixed",NA
1506441,Severin Kiefer,M,27,182.0,75.0,,,2018 Winter,2018,Winter,PyeongChang,Figure Skating,"Figure Skating Pairs, Mixed",NA
1506442,Miu Suzaki,F,18,153.0,NA,,,2018 Winter,2018,Winter,PyeongChang,Figure Skating,"Figure Skating Pairs, Mixed",NA
1506443,Ryuichi Kihara,M,25,175.0,73.0,,,2018 Winter,2018,Winter,PyeongChang,Figure Skating,"Figure Skating Pairs, Mixed",NA
1506444,Kim Gyu-Eun,F,18,160.0,NA,,,2018 Winter,2018,Winter,PyeongChang,Figure Skating,"Figure Skating Pairs, Mixed",NA
1506445,Alex Gam,M,22,172.0,NA,,,2018 Winter,2018,Winter,PyeongChang,Figure Skating,"Figure Skating Pairs, Mixed",NA
1506446,Tessa Virtue,F,28,165.0,53.0,,,2018 Winter,2018,Winter,PyeongChang,Figure Skating,"Figure Skating Ice Dance, Mixed",NA
1506447,Scott Moir,M,30,168.0,75.0,,,2018 Winter,2018,Winter,PyeongChang,Figure Skating,"Figure Skating Ice Dance, Mixed",NA
1506448,Gabriella Papadakis,F,22,166.0,66.0,,,2018 Winter,2018,Winter,PyeongChang,Figure Skating,"Figure Skating Ice Dance, Mixed",NA
1506449,Guillaume Cizeron,M,23,186.0,82.0,,,2018 Winter,2018,Winter,PyeongChang,Figure Skating,"Figure Skating Ice Dance, Mixed",NA
1506450,Maia Shibutani,F,23,160.0,52.0,,,2018 Winter,2018,Winter,PyeongChang,Figure Skating,"Figure Skating Ice Dance, Mixed",NA
1506451,Alex Shibutani,M,26,183.0,74.0,,,2018 Winter,2018,Winter,PyeongChang,Figure Skating,"Figure Skating Ice Dance, Mixed",NA
1506452,Madison Hubbell,F,26,173.0,68.0,,,2018 Winter,2018,Winter,PyeongChang,Figure Skating,"Figure Skating Ice Dance, Mixed",NA
1506453,Zach Donohue,M,27,188.0,89.0,,,2018 Winter,2018,Winter,PyeongChang,Figure Skating,"Figure Skating Ice Dance, Mixed",NA
1506454,Yekaterina Bobrova,F,27,160.0,49.0,,,2018 Winter,2018,Winter,PyeongChang,Figure Skating,"Figure Skating Ice Dance, Mixed",NA
1506455,Dmitry Solovyov,M,28,183.0,74.0,,,2018 Winter,2018,Winter,PyeongChang,Figure Skating,"Figure Skating Ice Dance, Mixed",NA
1506456,Anna Cappellini,F,30,161.0,52.0,,,2018 Winter,2018,Winter,PyeongChang,Figure Skating,"Figure Skating Ice Dance, Mixed",NA
1506457,Luca Lanotte,M,32,178.0,70.0,,,2018 Winter,2018,Winter,PyeongChang,Figure Skating,"Figure Skating Ice Dance, Mixed",NA
1506458,Kaitlyn Weaver,F,28,167.0,53.0,,,2018 Winter,2018,Winter,PyeongChang,Figure Skating,"Figure Skating Ice Dance, Mixed",NA
1506459,Andrew Poje,M,30,191.0,85.0,,,2018 Winter,2018,Winter,PyeongChang,Figure Skating,"Figure Skating Ice Dance, Mixed",NA
1506460,Piper Gilles,F,26,162.0,50.0,,,2018 Winter,2018,Winter,PyeongChang,Figure Skating,"Figure Skating Ice Dance, Mixed",NA
1506461,Paul Poirier,M,26,175.0,73.0,,,2018 Winter,2018,Winter,PyeongChang,Figure Skating,"Figure Skating Ice Dance, Mixed",NA
1506462,Madison Chock,F,25,157.0,49.0,,,2018 Winter,2018,Winter,PyeongChang,Figure Skating,"Figure Skating Ice Dance, Mixed",NA
1506463,Evan Bates,M,28,188.0,81.0,,,2018 Winter,2018,Winter,PyeongChang,Figure Skating,"Figure Skating Ice Dance, Mixed",NA
1506464,Charlène Guignard,F,28,158.0,48.0,,,2018 Winter,2018,Winter,PyeongChang,Figure Skating,"Figure Skating Ice Dance, Mixed",NA
1506465,Marco Fabbri,M,29,164.0,NA,,,2018 Winter,2018,Winter,PyeongChang,Figure Skating,"Figure Skating Ice Dance, Mixed",NA
1506466,Penny Coomes,F,28,152.0,43.0,,,2018 Winter,2018,Winter,PyeongChang,Figure Skating,"Figure Skating Ice Dance, Mixed",NA
1506467,Nick Buckland,M,28,182.0,76.0,,,2018 Winter,2018,Winter,PyeongChang,Figure Skating,"Figure Skating Ice Dance, Mixed",NA
1506468,Sara Hurtado,F,25,160.0,50.0,,,2018 Winter,2018,Winter,PyeongChang,Figure Skating,"Figure Skating Ice Dance, Mixed",NA
1506469,Kirill Khaliavin,M,27,177.0,68.0,,,2018 Winter,2018,Winter,PyeongChang,Figure Skating,"Figure Skating Ice Dance, Mixed",NA
1506470,Tiffani Zagorski,F,23,171.0,NA,,,2018 Winter,2018,Winter,PyeongChang,Figure Skating,"Figure Skating Ice Dance, Mixed",NA
1506471,Dzhonatan Gureyro,M,26,187.0,73.0,,,2018 Winter,2018,Winter,PyeongChang,Figure Skating,"Figure Skating Ice Dance, Mixed",NA
1506472,Natalia Kaliszek,F,21,157.0,50.0,,,2018 Winter,2018,Winter,PyeongChang,Figure Skating,"Figure Skating Ice Dance, Mixed",NA
1506473,Maksym Spodyriew,M,24,177.0,70.0,,,2018 Winter,2018,Winter,PyeongChang,Figure Skating,"Figure Skating Ice Dance, Mixed",NA
1506474,Kana Muramoto,F,24,162.0,NA,,,2018 Winter,2018,Winter,PyeongChang,Figure Skating,"Figure Skating Ice Dance, Mixed",NA
1506475,Chris Reed,M,28,185.0,73.0,,,2018 Winter,2018,Winter,PyeongChang,Figure Skating,"Figure Skating Ice Dance, Mixed",NA
1506476,Kavita Lorenz,F,22,157.0,45.0,,,2018 Winter,2018,Winter,PyeongChang,Figure Skating,"Figure Skating Ice Dance, Mixed",NA
1506477,Joti Polizoakis,M,22,170.0,NA,,,2018 Winter,2018,Winter,PyeongChang,Figure Skating,"Figure Skating Ice Dance, Mixed",NA
1506478,Marie-Jade Lauriault,F,21,151.0,44.0,,,2018 Winter,2018,Winter,PyeongChang,Figure Skating,"Figure Skating Ice Dance, Mixed",NA
1506479,Romain Le Gac,M,22,178.0,70.0,,,2018 Winter,2018,Winter,PyeongChang,Figure Skating,"Figure Skating Ice Dance, Mixed",NA
1506480,Min Yu-Ra,F,22,163.0,NA,,,2018 Winter,2018,Winter,PyeongChang,Figure Skating,"Figure Skating Ice Dance, Mixed",NA
1506481,Aleksandr Gamelin,M,24,180.0,NA,,,2018 Winter,2018,Winter,PyeongChang,Figure Skating,"Figure Skating Ice Dance, Mixed",NA
1506482,Alisa Agafonova,F,27,171.0,58.0,,,2018 Winter,2018,Winter,PyeongChang,Figure Skating,"Figure Skating Ice Dance, Mixed",NA
1506483,Alper Uçar,M,33,183.0,76.0,,,2018 Winter,2018,Winter,PyeongChang,Figure Skating,"Figure Skating Ice Dance, Mixed",NA
1506484,Lucie Myslivečková,F,28,164.0,48.0,,,2018 Winter,2018,Winter,PyeongChang,Figure Skating,"Figure Skating Ice Dance, Mixed",NA
1506485,Lukáš Csölley,M,27,183.0,65.0,,,2018 Winter,2018,Winter,PyeongChang,Figure Skating,"Figure Skating Ice Dance, Mixed",NA
1506486,Oleksandra Nazarova,F,21,170.0,46.0,,,2018 Winter,2018,Winter,PyeongChang,Figure Skating,"Figure Skating Ice Dance, Mixed",NA
1506487,Max Nikitin,M,23,177.0,NA,,,2018 Winter,2018,Winter,PyeongChang,Figure Skating,"Figure Skating Ice Dance, Mixed",NA
1506488,Wang Shiyue,F,23,163.0,47.0,,,2018 Winter,2018,Winter,PyeongChang,Figure Skating,"Figure Skating Ice Dance, Mixed",NA
1506489,Liu Xinyu,M,23,190.0,84.0,,,2018 Winter,2018,Winter,PyeongChang,Figure Skating,"Figure Skating Ice Dance, Mixed",NA
1506490,Cortney Mansourová,F,23,155.0,41.0,,,2018 Winter,2018,Winter,PyeongChang,Figure Skating,"Figure Skating Ice Dance, Mixed",NA
1506491,Michal Češka,M,25,178.0,72.0,,,2018 Winter,2018,Winter,PyeongChang,Figure Skating,"Figure Skating Ice Dance, Mixed",NA
1506492,Adel Tankova,F,17,163.0,NA,,,2018 Winter,2018,Winter,PyeongChang,Figure Skating,"Figure Skating Ice Dance, Mixed",NA
1506493,Rony Zilberberg,M,21,180.0,NA,,,2018 Winter,2018,Winter,PyeongChang,Figure Skating,"Figure Skating Ice Dance, Mixed",NA
1506494,Patrick Chan,M,27,168.0,67.0,,,2018 Winter,2018,Winter,PyeongChang,Figure Skating,"Figure Skating Team, Mixed",NA
1506495,Gabrielle Daleman,F,20,152.0,46.0,,,2018 Winter,2018,Winter,PyeongChang,Figure Skating,"Figure Skating Team, Mixed",NA
1506496,Kaetlyn Osmond,F,22,163.0,55.0,,,2018 Winter,2018,Winter,PyeongChang,Figure Skating,"Figure Skating Team, Mixed",NA
1506497,Meagan Duhamel,F,32,148.0,48.0,,,2018 Winter,2018,Winter,PyeongChang,Figure Skating,"Figure Skating Team, Mixed",NA
1506498,Eric Radford,M,33,188.0,86.0,,,2018 Winter,2018,Winter,PyeongChang,Figure Skating,"Figure Skating Team, Mixed",NA
1506499,Tessa Virtue,F,28,165.0,53.0,,,2018 Winter,2018,Winter,PyeongChang,Figure Skating,"Figure Skating Team, Mixed",NA
1506500,Scott Moir,M,30,168.0,75.0,,,2018 Winter,2018,Winter,PyeongChang,Figure Skating,"Figure Skating Team, Mixed",NA
1506501,Keegan Messing,M,26,164.0,63.0,,,2018 Winter,2018,Winter,PyeongChang,Figure Skating,"Figure Skating Team, Mixed",NA
1506502,Larkyn Austman,F,19,165.0,55.0,,,2018 Winter,2018,Winter,PyeongChang,Figure Skating,"Figure Skating Team, Mixed",NA
1506503,Kirsten Moore-Towers,F,25,149.0,45.0,,,2018 Winter,2018,Winter,PyeongChang,Figure Skating,"Figure Skating Team, Mixed",NA
1506504,Michael Marinaro,M,26,182.0,77.0,,,2018 Winter,2018,Winter,PyeongChang,Figure Skating,"Figure Skating Team, Mixed",NA
1506505,Julianne Séguin,F,21,147.0,46.0,,,2018 Winter,2018,Winter,PyeongChang,Figure Skating,"Figure Skating Team, Mixed",NA
1506506,Charlie Bilodeau,M,24,180.0,78.0,,,2018 Winter,2018,Winter,PyeongChang,Figure Skating,"Figure Skating Team, Mixed",NA
1506507,Piper Gilles,F,26,162.0,50.0,,,2018 Winter,2018,Winter,PyeongChang,Figure Skating,"Figure Skating Team, Mixed",NA
1506508,Paul Poirier,M,26,175.0,73.0,,,2018 Winter,2018,Winter,PyeongChang,Figure Skating,"Figure Skating Team, Mixed",NA
1506509,Kaitlyn Weaver,F,28,167.0,53.0,,,2018 Winter,2018,Winter,PyeongChang,Figure Skating,"Figure Skating Team, Mixed",NA
1506510,Andrew Poje,M,30,191.0,85.0,,,2018 Winter,2018,Winter,PyeongChang,Figure Skating,"Figure Skating Team, Mixed",NA
1506511,Mikhail Kolyada,M,22,168.0,62.0,,,2018 Winter,2018,Winter,PyeongChang,Figure Skating,"Figure Skating Team, Mixed",NA
1506512,Yevgeniya Medvedeva,F,18,159.0,NA,,,2018 Winter,2018,Winter,PyeongChang,Figure Skating,"Figure Skating Team, Mixed",NA
1506513,Alina Zagitova,F,15,156.0,43.0,,,2018 Winter,2018,Winter,PyeongChang,Figure Skating,"Figure Skating Team, Mixed",NA
1506514,Yevgeniya Tarasova,F,23,159.0,47.0,,,2018 Winter,2018,Winter,PyeongChang,Figure Skating,"Figure Skating Team, Mixed",NA
1506515,Vladimir Morozov,M,25,190.0,88.0,,,2018 Winter,2018,Winter,PyeongChang,Figure Skating,"Figure Skating Team, Mixed",NA
1506516,Nataliya Zabiyako,F,23,164.0,50.0,,,2018 Winter,2018,Winter,PyeongChang,Figure Skating,"Figure Skating Team, Mixed",NA
1506517,Aleksandr Enbert,M,28,189.0,88.0,,,2018 Winter,2018,Winter,PyeongChang,Figure Skating,"Figure Skating Team, Mixed",NA
1506518,Yekaterina Bobrova,F,27,160.0,49.0,,,2018 Winter,2018,Winter,PyeongChang,Figure Skating,"Figure Skating Team, Mixed",NA
1506519,Dmitry Solovyov,M,28,183.0,74.0,,,2018 Winter,2018,Winter,PyeongChang,Figure Skating,"Figure Skating Team, Mixed",NA
1506520,Mariya Sotskova,F,17,173.0,48.0,,,2018 Winter,2018,Winter,PyeongChang,Figure Skating,"Figure Skating Team, Mixed",NA
1506521,Kristina Astakhova,F,20,158.0,NA,,,2018 Winter,2018,Winter,PyeongChang,Figure Skating,"Figure Skating Team, Mixed",NA
1506522,Aleksey Rogonov,M,29,178.0,78.0,,,2018 Winter,2018,Winter,PyeongChang,Figure Skating,"Figure Skating Team, Mixed",NA
1506523,Tiffani Zagorski,F,23,171.0,NA,,,2018 Winter,2018,Winter,PyeongChang,Figure Skating,"Figure Skating Team, Mixed",NA
1506524,Dzhonatan Gureyro,M,26,187.0,73.0,,,2018 Winter,2018,Winter,PyeongChang,Figure Skating,"Figure Skating Team, Mixed",NA
1506525,Dmitry Aliyev,M,18,NA,64.0,,,2018 Winter,2018,Winter,PyeongChang,Figure Skating,"Figure Skating Team, Mixed",NA
1506526,Nathan Chen,M,18,168.0,61.0,,,2018 Winter,2018,Winter,PyeongChang,Figure Skating,"Figure Skating Team, Mixed",NA
1506527,Adam Rippon,M,28,170.0,66.0,,,2018 Winter,2018,Winter,PyeongChang,Figure Skating,"Figure Skating Team, Mixed",NA
1506528,Mirai Nagasu,F,24,162.0,50.0,,,2018 Winter,2018,Winter,PyeongChang,Figure Skating,"Figure Skating Team, Mixed",NA
1506529,Bradie Tennell,F,20,168.0,55.0,,,2018 Winter,2018,Winter,PyeongChang,Figure Skating,"Figure Skating Team, Mixed",NA
1506530,Alexa Scimeca Knierim,F,26,157.0,46.0,,,2018 Winter,2018,Winter,PyeongChang,Figure Skating,"Figure Skating Team, Mixed",NA
1506531,Chris Knierim,M,30,188.0,85.0,,,2018 Winter,2018,Winter,PyeongChang,Figure Skating,"Figure Skating Team, Mixed",NA
1506532,Maia Shibutani,F,23,160.0,52.0,,,2018 Winter,2018,Winter,PyeongChang,Figure Skating,"Figure Skating Team, Mixed",NA
1506533,Alex Shibutani,M,26,183.0,74.0,,,2018 Winter,2018,Winter,PyeongChang,Figure Skating,"Figure Skating Team, Mixed",NA
1506534,Vincent Zhou,M,17,170.0,58.0,,,2018 Winter,2018,Winter,PyeongChang,Figure Skating,"Figure Skating Team, Mixed",NA
1506535,Karen Chen,F,18,152.0,48.0,,,2018 Winter,2018,Winter,PyeongChang,Figure Skating,"Figure Skating Team, Mixed",NA
1506536,Madison Chock,F,25,157.0,49.0,,,2018 Winter,2018,Winter,PyeongChang,Figure Skating,"Figure Skating Team, Mixed",NA
1506537,Evan Bates,M,28,188.0,81.0,,,2018 Winter,2018,Winter,PyeongChang,Figure Skating,"Figure Skating Team, Mixed",NA
1506538,Madison Hubbell,F,26,173.0,68.0,,,2018 Winter,2018,Winter,PyeongChang,Figure Skating,"Figure Skating Team, Mixed",NA
1506539,Zach Donohue,M,27,188.0,89.0,,,2018 Winter,2018,Winter,PyeongChang,Figure Skating,"Figure Skating Team, Mixed",NA
1506540,Matteo Rizzo,M,19,170.0,58.0,,,2018 Winter,2018,Winter,PyeongChang,Figure Skating,"Figure Skating Team, Mixed",NA
1506541,Carolina Kostner,F,30,169.0,60.0,,,2018 Winter,2018,Winter,PyeongChang,Figure Skating,"Figure Skating Team, Mixed",NA
1506542,Nicole Della Monica,F,28,156.0,48.0,,,2018 Winter,2018,Winter,PyeongChang,Figure Skating,"Figure Skating Team, Mixed",NA
1506543,Matteo Guarise,M,29,182.0,82.0,,,2018 Winter,2018,Winter,PyeongChang,Figure Skating,"Figure Skating Team, Mixed",NA
1506544,Valentina Marchei,F,31,161.0,48.0,,,2018 Winter,2018,Winter,PyeongChang,Figure Skating,"Figure Skating Team, Mixed",NA
1506545,Ondřej Hotárek,M,34,181.0,75.0,,,2018 Winter,2018,Winter,PyeongChang,Figure Skating,"Figure Skating Team, Mixed",NA
1506546,Anna Cappellini,F,30,161.0,52.0,,,2018 Winter,2018,Winter,PyeongChang,Figure Skating,"Figure Skating Team, Mixed",NA
1506547,Luca Lanotte,M,32,178.0,70.0,,,2018 Winter,2018,Winter,PyeongChang,Figure Skating,"Figure Skating Team, Mixed",NA
1506548,Giada Russo,F,20,160.0,NA,,,2018 Winter,2018,Winter,PyeongChang,Figure Skating,"Figure Skating Team, Mixed",NA
1506549,Charlène Guignard,F,28,158.0,48.0,,,2018 Winter,2018,Winter,PyeongChang,Figure Skating,"Figure Skating Team, Mixed",NA
1506550,Marco Fabbri,M,29,164.0,NA,,,2018 Winter,2018,Winter,PyeongChang,Figure Skating,"Figure Skating Team, Mixed",NA
1506551,Keiji Tanaka,M,23,172.0,70.0,,,2018 Winter,2018,Winter,PyeongChang,Figure Skating,"Figure Skating Team, Mixed",NA
1506552,Shoma Uno,M,20,159.0,55.0,,,2018 Winter,2018,Winter,PyeongChang,Figure Skating,"Figure Skating Team, Mixed",NA
1506553,Satoko Miyahara,F,19,152.0,43.0,,,2018 Winter,2018,Winter,PyeongChang,Figure Skating,"Figure Skating Team, Mixed",NA
1506554,Kaori Sakamoto,F,17,158.0,NA,,,2018 Winter,2018,Winter,PyeongChang,Figure Skating,"Figure Skating Team, Mixed",NA
1506555,Miu Suzaki,F,18,153.0,NA,,,2018 Winter,2018,Winter,PyeongChang,Figure Skating,"Figure Skating Team, Mixed",NA
1506556,Ryuichi Kihara,M,25,175.0,73.0,,,2018 Winter,2018,Winter,PyeongChang,Figure Skating,"Figure Skating Team, Mixed",NA
1506557,Kana Muramoto,F,24,162.0,NA,,,2018 Winter,2018,Winter,PyeongChang,Figure Skating,"Figure Skating Team, Mixed",NA
1506558,Chris Reed,M,28,185.0,73.0,,,2018 Winter,2018,Winter,PyeongChang,Figure Skating,"Figure Skating Team, Mixed",NA
1506559,Yuzuru Hanyu,M,23,171.0,NA,,,2018 Winter,2018,Winter,PyeongChang,Figure Skating,"Figure Skating Team, Mixed",NA
1506560,Yan Han,M,21,169.0,64.0,,,2018 Winter,2018,Winter,PyeongChang,Figure Skating,"Figure Skating Team, Mixed",NA
1506561,Li Xiangning,F,17,152.0,NA,,,2018 Winter,2018,Winter,PyeongChang,Figure Skating,"Figure Skating Team, Mixed",NA
1506562,Sui Wenjing,F,22,150.0,42.0,,,2018 Winter,2018,Winter,PyeongChang,Figure Skating,"Figure Skating Team, Mixed",NA
1506563,Yu Xiaoyu,F,22,163.0,46.0,,,2018 Winter,2018,Winter,PyeongChang,Figure Skating,"Figure Skating Team, Mixed",NA
1506564,Zhang Hao,M,33,181.0,72.0,,,2018 Winter,2018,Winter,PyeongChang,Figure Skating,"Figure Skating Team, Mixed",NA
1506565,Wang Shiyue,F,23,163.0,47.0,,,2018 Winter,2018,Winter,PyeongChang,Figure Skating,"Figure Skating Team, Mixed",NA
1506566,Liu Xinyu,M,23,190.0,84.0,,,2018 Winter,2018,Winter,PyeongChang,Figure Skating,"Figure Skating Team, Mixed",NA
1506567,Jin Boyang,M,20,170.0,55.0,,,2018 Winter,2018,Winter,PyeongChang,Figure Skating,"Figure Skating Team, Mixed",NA
1506568,Peng Cheng,F,20,157.0,41.0,,,2018 Winter,2018,Winter,PyeongChang,Figure Skating,"Figure Skating Team, Mixed",NA
1506569,Jin Yang,M,23,181.0,80.0,,,2018 Winter,2018,Winter,PyeongChang,Figure Skating,"Figure Skating Team, Mixed",NA
1506570,Han Cong,M,25,168.0,61.0,,,2018 Winter,2018,Winter,PyeongChang,Figure Skating,"Figure Skating Team, Mixed",NA
1506571,Paul Fentz,M,25,179.0,68.0,,,2018 Winter,2018,Winter,PyeongChang,Figure Skating,"Figure Skating Team, Mixed",NA
1506572,Nicole Schott,F,21,163.0,49.0,,,2018 Winter,2018,Winter,PyeongChang,Figure Skating,"Figure Skating Team, Mixed",NA
1506573,Aljona Sawtchenko,F,34,153.0,48.0,,,2018 Winter,2018,Winter,PyeongChang,Figure Skating,"Figure Skating Team, Mixed",NA
1506574,Bruno Massot,M,29,184.0,90.0,,,2018 Winter,2018,Winter,PyeongChang,Figure Skating,"Figure Skating Team, Mixed",NA
1506575,Kavita Lorenz,F,22,157.0,45.0,,,2018 Winter,2018,Winter,PyeongChang,Figure Skating,"Figure Skating Team, Mixed",NA
1506576,Joti Polizoakis,M,22,170.0,NA,,,2018 Winter,2018,Winter,PyeongChang,Figure Skating,"Figure Skating Team, Mixed",NA
1506577,Annika Hocke,F,17,156.0,45.0,,,2018 Winter,2018,Winter,PyeongChang,Figure Skating,"Figure Skating Team, Mixed",NA
1506578,Ruben Blommaert,M,25,180.0,76.0,,,2018 Winter,2018,Winter,PyeongChang,Figure Skating,"Figure Skating Team, Mixed",NA
1506579,Alexei Bychenko,M,29,174.0,65.0,,,2018 Winter,2018,Winter,PyeongChang,Figure Skating,"Figure Skating Team, Mixed",NA
1506580,Aimee Buchanan,F,24,165.0,NA,,,2018 Winter,2018,Winter,PyeongChang,Figure Skating,"Figure Skating Team, Mixed",NA
1506581,Paige Conners,F,17,165.0,NA,,,2018 Winter,2018,Winter,PyeongChang,Figure Skating,"Figure Skating Team, Mixed",NA
1506582,Evgeni Krasnopolski,M,29,180.0,81.0,,,2018 Winter,2018,Winter,PyeongChang,Figure Skating,"Figure Skating Team, Mixed",NA
1506583,Adel Tankova,F,17,163.0,NA,,,2018 Winter,2018,Winter,PyeongChang,Figure Skating,"Figure Skating Team, Mixed",NA
1506584,Rony Zilberberg,M,21,180.0,NA,,,2018 Winter,2018,Winter,PyeongChang,Figure Skating,"Figure Skating Team, Mixed",NA
1506585,Daniel Samohin,M,19,176.0,73.0,,,2018 Winter,2018,Winter,PyeongChang,Figure Skating,"Figure Skating Team, Mixed",NA
1506586,Cha Jun-Hwan,M,16,175.0,NA,,,2018 Winter,2018,Winter,PyeongChang,Figure Skating,"Figure Skating Team, Mixed",NA
1506587,Choi Da-Bin,F,18,155.0,42.0,,,2018 Winter,2018,Winter,PyeongChang,Figure Skating,"Figure Skating Team, Mixed",NA
1506588,Kim Gyu-Eun,F,18,160.0,NA,,,2018 Winter,2018,Winter,PyeongChang,Figure Skating,"Figure Skating Team, Mixed",NA
1506589,Alex Gam,M,22,172.0,NA,,,2018 Winter,2018,Winter,PyeongChang,Figure Skating,"Figure Skating Team, Mixed",NA
1506590,Min Yu-Ra,F,22,163.0,NA,,,2018 Winter,2018,Winter,PyeongChang,Figure Skating,"Figure Skating Team, Mixed",NA
1506591,Aleksandr Gamelin,M,24,180.0,NA,,,2018 Winter,2018,Winter,PyeongChang,Figure Skating,"Figure Skating Team, Mixed",NA
1506592,Kim Ha-Neul,F,15,149.0,NA,,,2018 Winter,2018,Winter,PyeongChang,Figure Skating,"Figure Skating Team, Mixed",NA
1506593,Chafik Besseghier,M,28,171.0,62.0,,,2018 Winter,2018,Winter,PyeongChang,Figure Skating,"Figure Skating Team, Mixed",NA
1506594,Maé-Bérénice Meité,F,23,168.0,68.0,,,2018 Winter,2018,Winter,PyeongChang,Figure Skating,"Figure Skating Team, Mixed",NA
1506595,Vanessa James,F,30,162.0,48.0,,,2018 Winter,2018,Winter,PyeongChang,Figure Skating,"Figure Skating Team, Mixed",NA
1506596,Morgan Ciprès,M,26,182.0,80.0,,,2018 Winter,2018,Winter,PyeongChang,Figure Skating,"Figure Skating Team, Mixed",NA
1506597,Marie-Jade Lauriault,F,21,151.0,44.0,,,2018 Winter,2018,Winter,PyeongChang,Figure Skating,"Figure Skating Team, Mixed",NA
1506598,Romain Le Gac,M,22,178.0,70.0,,,2018 Winter,2018,Winter,PyeongChang,Figure Skating,"Figure Skating Team, Mixed",NA
1506599,Gabriella Papadakis,F,22,166.0,66.0,,,2018 Winter,2018,Winter,PyeongChang,Figure Skating,"Figure Skating Team, Mixed",NA
1506600,Guillaume Cizeron,M,23,186.0,82.0,,,2018 Winter,2018,Winter,PyeongChang,Figure Skating,"Figure Skating Team, Mixed",NA
1506601,Nathan Chen,M,22,168.0,61.0,USA,USA,2022 Winter,2022,Winter,Beijing,Figure Skating,"Figure Skating Singles, Men",Gold
1506602,Yuma Kagiyama,M,18,NA,NA,JPN,JPN,2022 Winter,2022,Winter,Beijing,Figure Skating,"Figure Skating Singles, Men",Silver
1506603,Shoma Uno,M,24,159.0,55.0,JPN,JPN,2022 Winter,2022,Winter,Beijing,Figure Skating,"Figure Skating Singles, Men",Bronze
1506604,Yuzuru Hanyu,M,27,171.0,NA,JPN,JPN,2022 Winter,2022,Winter,Beijing,Figure Skating,"Figure Skating Singles, Men",NA
1506605,Cha Jun-Hwan,M,20,175.0,NA,KOR,KOR,2022 Winter,2022,Winter,Beijing,Figure Skating,"Figure Skating Singles, Men",NA
1506606,Jason Brown,M,27,170.0,61.0,USA,USA,2022 Winter,2022,Winter,Beijing,Figure Skating,"Figure Skating Singles, Men",NA
1506607,Daniel Grassl,M,19,175.0,NA,ITA,ITA,2022 Winter,2022,Winter,Beijing,Figure Skating,"Figure Skating Singles, Men",NA
1506608,Yevgeny Semenenko,M,18,NA,NA,ROC,ROC,2022 Winter,2022,Winter,Beijing,Figure Skating,"Figure Skating Singles, Men",NA
1506609,Jin Boyang,M,24,170.0,55.0,CHN,CHN,2022 Winter,2022,Winter,Beijing,Figure Skating,"Figure Skating Singles, Men",NA
1506610,Morisi Kvitelashvili,M,26,180.0,NA,GEO,GEO,2022 Winter,2022,Winter,Beijing,Figure Skating,"Figure Skating Singles, Men",NA
1506611,Keegan Messing,M,30,164.0,63.0,CAN,CAN,2022 Winter,2022,Winter,Beijing,Figure Skating,"Figure Skating Singles, Men",NA
1506612,Kevin Aymoz,M,24,160.0,55.0,FRA,FRA,2022 Winter,2022,Winter,Beijing,Figure Skating,"Figure Skating Singles, Men",NA
1506613,Deniss Vasiļjevs,M,22,172.0,52.0,LAT,LAT,2022 Winter,2022,Winter,Beijing,Figure Skating,"Figure Skating Singles, Men",NA
1506614,Adam Siao Him Fa,M,21,167.0,60.0,FRA,FRA,2022 Winter,2022,Winter,Beijing,Figure Skating,"Figure Skating Singles, Men",NA
1506615,Mark Kondratyuk,M,18,NA,NA,ROC,ROC,2022 Winter,2022,Winter,Beijing,Figure Skating,"Figure Skating Singles, Men",NA
1506616,Matteo Rizzo,M,23,170.0,58.0,ITA,ITA,2022 Winter,2022,Winter,Beijing,Figure Skating,"Figure Skating Singles, Men",NA
1506617,Brendan Kerry,M,27,170.0,NA,AUS,AUS,2022 Winter,2022,Winter,Beijing,Figure Skating,"Figure Skating Singles, Men",NA
1506618,Vladimir Litvintsev,M,20,NA,NA,AZE,AZE,2022 Winter,2022,Winter,Beijing,Figure Skating,"Figure Skating Singles, Men",NA
1506619,Andrey Mozalyov,M,18,NA,NA,ROC,ROC,2022 Winter,2022,Winter,Beijing,Figure Skating,"Figure Skating Singles, Men",NA
1506620,Kanstantsin Miliukau,M,27,NA,NA,BLR,BLR,2022 Winter,2022,Winter,Beijing,Figure Skating,"Figure Skating Singles, Men",NA
1506621,Nikolaj Majorov,M,21,NA,NA,SWE,SWE,2022 Winter,2022,Winter,Beijing,Figure Skating,"Figure Skating Singles, Men",NA
1506622,Donovan Carrillo,M,22,NA,NA,MEX,MEX,2022 Winter,2022,Winter,Beijing,Figure Skating,"Figure Skating Singles, Men",NA
1506623,Lukas Britschgi,M,23,NA,NA,SUI,SUI,2022 Winter,2022,Winter,Beijing,Figure Skating,"Figure Skating Singles, Men",NA
1506624,Ivan Shmuratko,M,20,NA,NA,UKR,UKR,2022 Winter,2022,Winter,Beijing,Figure Skating,"Figure Skating Singles, Men",NA
1506625,Michal Březina,M,31,173.0,65.0,CZE,CZE,2022 Winter,2022,Winter,Beijing,Figure Skating,"Figure Skating Singles, Men",NA
1506626,Alexei Bychenko,M,33,174.0,65.0,ISR,ISR,2022 Winter,2022,Winter,Beijing,Figure Skating,"Figure Skating Singles, Men",NA
1506627,Lee Si-Hyeong,M,21,NA,NA,KOR,KOR,2022 Winter,2022,Winter,Beijing,Figure Skating,"Figure Skating Singles, Men",NA
1506628,Aleksandr Selevko,M,20,NA,NA,EST,EST,2022 Winter,2022,Winter,Beijing,Figure Skating,"Figure Skating Singles, Men",NA
1506629,Roman Sadovsky,M,22,184.0,NA,CAN,CAN,2022 Winter,2022,Winter,Beijing,Figure Skating,"Figure Skating Singles, Men",NA
1506630,Vincent Zhou,M,21,170.0,58.0,USA,USA,2022 Winter,2022,Winter,Beijing,Figure Skating,"Figure Skating Singles, Men",NA
1506631,Anna Shcherbakova,F,17,NA,NA,ROC,ROC,2022 Winter,2022,Winter,Beijing,Figure Skating,"Figure Skating Singles, Women",Gold
1506632,Aleksandra Trusova,F,17,NA,NA,ROC,ROC,2022 Winter,2022,Winter,Beijing,Figure Skating,"Figure Skating Singles, Women",Silver
1506633,Kaori Sakamoto,F,21,158.0,NA,JPN,JPN,2022 Winter,2022,Winter,Beijing,Figure Skating,"Figure Skating Singles, Women",Bronze
1506634,Wakaba Higuchi,F,21,NA,NA,JPN,JPN,2022 Winter,2022,Winter,Beijing,Figure Skating,"Figure Skating Singles, Women",NA
1506635,Yu Yeong,F,17,156.0,NA,KOR,KOR,2022 Winter,2022,Winter,Beijing,Figure Skating,"Figure Skating Singles, Women",NA
1506636,Alysa Liu,F,16,NA,NA,USA,USA,2022 Winter,2022,Winter,Beijing,Figure Skating,"Figure Skating Singles, Women",NA
1506637,Loena Hendrickx,F,22,162.0,51.0,BEL,BEL,2022 Winter,2022,Winter,Beijing,Figure Skating,"Figure Skating Singles, Women",NA
1506638,Kim Ye-Rim,F,19,NA,NA,KOR,KOR,2022 Winter,2022,Winter,Beijing,Figure Skating,"Figure Skating Singles, Women",NA
1506639,Mariah Bell,F,25,NA,NA,USA,USA,2022 Winter,2022,Winter,Beijing,Figure Skating,"Figure Skating Singles, Women",NA
1506640,Nastya Gubanova,F,19,NA,NA,GEO,GEO,2022 Winter,2022,Winter,Beijing,Figure Skating,"Figure Skating Singles, Women",NA
1506641,Katia Kurakova,F,19,NA,NA,POL,POL,2022 Winter,2022,Winter,Beijing,Figure Skating,"Figure Skating Singles, Women",NA
1506642,Viktoryia Safonava,F,18,NA,NA,BLR,BLR,2022 Winter,2022,Winter,Beijing,Figure Skating,"Figure Skating Singles, Women",NA
1506643,Olga Mikutina,F,18,NA,NA,AUT,AUT,2022 Winter,2022,Winter,Beijing,Figure Skating,"Figure Skating Singles, Women",NA
1506644,Ekaterina Ryabova,F,18,NA,NA,AZE,AZE,2022 Winter,2022,Winter,Beijing,Figure Skating,"Figure Skating Singles, Women",NA
1506645,Karen Chen,F,22,152.0,48.0,USA,USA,2022 Winter,2022,Winter,Beijing,Figure Skating,"Figure Skating Singles, Women",NA
1506646,Nicole Schott,F,25,163.0,49.0,GER,GER,2022 Winter,2022,Winter,Beijing,Figure Skating,"Figure Skating Singles, Women",NA
1506647,Lindsay van Zundert,F,17,NA,NA,NED,NED,2022 Winter,2022,Winter,Beijing,Figure Skating,"Figure Skating Singles, Women",NA
1506648,Madeline Schizas,F,18,150.0,NA,CAN,CAN,2022 Winter,2022,Winter,Beijing,Figure Skating,"Figure Skating Singles, Women",NA
1506649,Eliška Březinová,F,25,NA,NA,CZE,CZE,2022 Winter,2022,Winter,Beijing,Figure Skating,"Figure Skating Singles, Women",NA
1506650,Eva-Lotta Kiibus,F,19,NA,NA,EST,EST,2022 Winter,2022,Winter,Beijing,Figure Skating,"Figure Skating Singles, Women",NA
1506651,Alexia Paganini,F,20,166.0,NA,SUI,SUI,2022 Winter,2022,Winter,Beijing,Figure Skating,"Figure Skating Singles, Women",NA
1506652,Mana Kawabe,F,17,NA,NA,JPN,JPN,2022 Winter,2022,Winter,Beijing,Figure Skating,"Figure Skating Singles, Women",NA
1506653,Aleksandra Feigin,F,19,NA,NA,BUL,BUL,2022 Winter,2022,Winter,Beijing,Figure Skating,"Figure Skating Singles, Women",NA
1506654,Jenni Saarinen,F,22,NA,NA,FIN,FIN,2022 Winter,2022,Winter,Beijing,Figure Skating,"Figure Skating Singles, Women",NA
1506655,Josefin Taljegård,F,26,NA,NA,SWE,SWE,2022 Winter,2022,Winter,Beijing,Figure Skating,"Figure Skating Singles, Women",NA
1506656,Zhu Yi,F,19,NA,NA,CHN,CHN,2022 Winter,2022,Winter,Beijing,Figure Skating,"Figure Skating Singles, Women",NA
1506657,Natasha McKay,F,27,NA,NA,GBR,GBR,2022 Winter,2022,Winter,Beijing,Figure Skating,"Figure Skating Singles, Women",NA
1506658,Kailani Craine,F,23,160.0,47.0,AUS,AUS,2022 Winter,2022,Winter,Beijing,Figure Skating,"Figure Skating Singles, Women",NA
1506659,Anastasiya Shabotova,F,16,NA,NA,UKR,UKR,2022 Winter,2022,Winter,Beijing,Figure Skating,"Figure Skating Singles, Women",NA
1506660,Kamila Valiyeva,F,15,160.0,NA,ROC,ROC,2022 Winter,2022,Winter,Beijing,Figure Skating,"Figure Skating Singles, Women",NA
1506661,Sui Wenjing,F,26,150.0,42.0,,,2022 Winter,2022,Winter,Beijing,Figure Skating,"Figure Skating Pairs, Mixed",NA
1506662,Han Cong,M,29,168.0,61.0,,,2022 Winter,2022,Winter,Beijing,Figure Skating,"Figure Skating Pairs, Mixed",NA
1506663,Yevgeniya Tarasova,F,27,159.0,47.0,,,2022 Winter,2022,Winter,Beijing,Figure Skating,"Figure Skating Pairs, Mixed",NA
1506664,Vladimir Morozov,M,29,190.0,88.0,,,2022 Winter,2022,Winter,Beijing,Figure Skating,"Figure Skating Pairs, Mixed",NA
1506665,Anastasiya Mishina,F,20,NA,NA,,,2022 Winter,2022,Winter,Beijing,Figure Skating,"Figure Skating Pairs, Mixed",NA
1506666,Aleksandr Gallyamov,M,22,NA,NA,,,2022 Winter,2022,Winter,Beijing,Figure Skating,"Figure Skating Pairs, Mixed",NA
1506667,Aleksandra Boykova,F,20,NA,NA,,,2022 Winter,2022,Winter,Beijing,Figure Skating,"Figure Skating Pairs, Mixed",NA
1506668,Dmitry Kozlovsky,M,22,NA,NA,,,2022 Winter,2022,Winter,Beijing,Figure Skating,"Figure Skating Pairs, Mixed",NA
1506669,Peng Cheng,F,24,157.0,41.0,,,2022 Winter,2022,Winter,Beijing,Figure Skating,"Figure Skating Pairs, Mixed",NA
1506670,Jin Yang,M,27,181.0,80.0,,,2022 Winter,2022,Winter,Beijing,Figure Skating,"Figure Skating Pairs, Mixed",NA
1506671,Alexa Scimeca Knierim,F,30,157.0,46.0,,,2022 Winter,2022,Winter,Beijing,Figure Skating,"Figure Skating Pairs, Mixed",NA
1506672,Brandon Frazier,M,29,NA,NA,,,2022 Winter,2022,Winter,Beijing,Figure Skating,"Figure Skating Pairs, Mixed",NA
1506673,Riku Miura,F,20,NA,NA,,,2022 Winter,2022,Winter,Beijing,Figure Skating,"Figure Skating Pairs, Mixed",NA
1506674,Ryuichi Kihara,M,29,175.0,73.0,,,2022 Winter,2022,Winter,Beijing,Figure Skating,"Figure Skating Pairs, Mixed",NA
1506675,Ashley Cain-Gribble,F,26,NA,NA,,,2022 Winter,2022,Winter,Beijing,Figure Skating,"Figure Skating Pairs, Mixed",NA
1506676,Timothy LeDuc,M,31,NA,NA,,,2022 Winter,2022,Winter,Beijing,Figure Skating,"Figure Skating Pairs, Mixed",NA
1506677,Karina Safina,F,17,NA,NA,,,2022 Winter,2022,Winter,Beijing,Figure Skating,"Figure Skating Pairs, Mixed",NA
1506678,Luka Berulava,M,19,NA,NA,,,2022 Winter,2022,Winter,Beijing,Figure Skating,"Figure Skating Pairs, Mixed",NA
1506679,Kirsten Moore-Towers,F,29,149.0,45.0,,,2022 Winter,2022,Winter,Beijing,Figure Skating,"Figure Skating Pairs, Mixed",NA
1506680,Michael Marinaro,M,30,182.0,77.0,,,2022 Winter,2022,Winter,Beijing,Figure Skating,"Figure Skating Pairs, Mixed",NA
1506681,Vanessa James,F,34,162.0,48.0,,,2022 Winter,2022,Winter,Beijing,Figure Skating,"Figure Skating Pairs, Mixed",NA
1506682,Eric Radford,M,37,188.0,86.0,,,2022 Winter,2022,Winter,Beijing,Figure Skating,"Figure Skating Pairs, Mixed",NA
1506683,Nicole Della Monica,F,32,156.0,48.0,,,2022 Winter,2022,Winter,Beijing,Figure Skating,"Figure Skating Pairs, Mixed",NA
1506684,Matteo Guarise,M,33,182.0,82.0,,,2022 Winter,2022,Winter,Beijing,Figure Skating,"Figure Skating Pairs, Mixed",NA
1506685,Rebecca Ghilardi,F,22,NA,NA,,,2022 Winter,2022,Winter,Beijing,Figure Skating,"Figure Skating Pairs, Mixed",NA
1506686,Filippo Ambrosini,M,28,183.0,NA,,,2022 Winter,2022,Winter,Beijing,Figure Skating,"Figure Skating Pairs, Mixed",NA
1506687,Hailey Kops,F,19,NA,NA,,,2022 Winter,2022,Winter,Beijing,Figure Skating,"Figure Skating Pairs, Mixed",NA
1506688,Evgeni Krasnopolski,M,33,180.0,81.0,,,2022 Winter,2022,Winter,Beijing,Figure Skating,"Figure Skating Pairs, Mixed",NA
1506689,Minerva Hase,F,22,NA,NA,,,2022 Winter,2022,Winter,Beijing,Figure Skating,"Figure Skating Pairs, Mixed",NA
1506690,Nolan Seegert,M,29,NA,NA,,,2022 Winter,2022,Winter,Beijing,Figure Skating,"Figure Skating Pairs, Mixed",NA
1506691,Jelizaveta Žuková,F,18,NA,NA,,,2022 Winter,2022,Winter,Beijing,Figure Skating,"Figure Skating Pairs, Mixed",NA
1506692,Martin Bidař,M,22,180.0,78.0,,,2022 Winter,2022,Winter,Beijing,Figure Skating,"Figure Skating Pairs, Mixed",NA
1506693,Miriam Ziegler,F,27,154.0,47.0,,,2022 Winter,2022,Winter,Beijing,Figure Skating,"Figure Skating Pairs, Mixed",NA
1506694,Severin Kiefer,M,31,182.0,75.0,,,2022 Winter,2022,Winter,Beijing,Figure Skating,"Figure Skating Pairs, Mixed",NA
1506695,Laura Barquero,F,20,NA,NA,,,2022 Winter,2022,Winter,Beijing,Figure Skating,"Figure Skating Pairs, Mixed",NA
1506696,Marco Zandrón,M,23,NA,NA,,,2022 Winter,2022,Winter,Beijing,Figure Skating,"Figure Skating Pairs, Mixed",NA
1506697,Ioulia Chtchetinina,F,26,158.0,45.0,,,2022 Winter,2022,Winter,Beijing,Figure Skating,"Figure Skating Pairs, Mixed",NA
1506698,Márk Magyar,M,31,185.0,75.0,,,2022 Winter,2022,Winter,Beijing,Figure Skating,"Figure Skating Pairs, Mixed",NA
1506699,Gabriella Papadakis,F,26,166.0,66.0,,,2022 Winter,2022,Winter,Beijing,Figure Skating,"Figure Skating Ice Dance, Mixed",NA
1506700,Guillaume Cizeron,M,27,186.0,82.0,,,2022 Winter,2022,Winter,Beijing,Figure Skating,"Figure Skating Ice Dance, Mixed",NA
1506701,Viktoriya Sinitsina,F,26,166.0,NA,,,2022 Winter,2022,Winter,Beijing,Figure Skating,"Figure Skating Ice Dance, Mixed",NA
1506702,Nikita Katsalapov,M,30,180.0,NA,,,2022 Winter,2022,Winter,Beijing,Figure Skating,"Figure Skating Ice Dance, Mixed",NA
1506703,Madison Hubbell,F,30,173.0,68.0,,,2022 Winter,2022,Winter,Beijing,Figure Skating,"Figure Skating Ice Dance, Mixed",NA
1506704,Zach Donohue,M,31,188.0,89.0,,,2022 Winter,2022,Winter,Beijing,Figure Skating,"Figure Skating Ice Dance, Mixed",NA
1506705,Madison Chock,F,29,157.0,49.0,,,2022 Winter,2022,Winter,Beijing,Figure Skating,"Figure Skating Ice Dance, Mixed",NA
1506706,Evan Bates,M,32,188.0,81.0,,,2022 Winter,2022,Winter,Beijing,Figure Skating,"Figure Skating Ice Dance, Mixed",NA
1506707,Charlène Guignard,F,32,158.0,48.0,,,2022 Winter,2022,Winter,Beijing,Figure Skating,"Figure Skating Ice Dance, Mixed",NA
1506708,Marco Fabbri,M,33,164.0,NA,,,2022 Winter,2022,Winter,Beijing,Figure Skating,"Figure Skating Ice Dance, Mixed",NA
1506709,Aleksandra Stepanova,F,26,NA,NA,,,2022 Winter,2022,Winter,Beijing,Figure Skating,"Figure Skating Ice Dance, Mixed",NA
1506710,Ivan Bukin,M,28,NA,NA,,,2022 Winter,2022,Winter,Beijing,Figure Skating,"Figure Skating Ice Dance, Mixed",NA
1506711,Piper Gilles,F,30,162.0,50.0,,,2022 Winter,2022,Winter,Beijing,Figure Skating,"Figure Skating Ice Dance, Mixed",NA
1506712,Paul Poirier,M,30,175.0,73.0,,,2022 Winter,2022,Winter,Beijing,Figure Skating,"Figure Skating Ice Dance, Mixed",NA
1506713,Olivia Smart,F,24,NA,NA,,,2022 Winter,2022,Winter,Beijing,Figure Skating,"Figure Skating Ice Dance, Mixed",NA
1506714,Adrián Díaz,M,31,172.0,74.0,,,2022 Winter,2022,Winter,Beijing,Figure Skating,"Figure Skating Ice Dance, Mixed",NA
1506715,Laurence Fournier Beaudry,F,29,165.0,NA,,,2022 Winter,2022,Winter,Beijing,Figure Skating,"Figure Skating Ice Dance, Mixed",NA
1506716,Nikolaj Sørensen,M,32,NA,NA,,,2022 Winter,2022,Winter,Beijing,Figure Skating,"Figure Skating Ice Dance, Mixed",NA
1506717,Lilah Fear,F,22,NA,NA,,,2022 Winter,2022,Winter,Beijing,Figure Skating,"Figure Skating Ice Dance, Mixed",NA
1506718,Lewis Gibson,M,27,NA,NA,,,2022 Winter,2022,Winter,Beijing,Figure Skating,"Figure Skating Ice Dance, Mixed",NA
1506719,Kaitlin Hawayek,F,25,NA,NA,,,2022 Winter,2022,Winter,Beijing,Figure Skating,"Figure Skating Ice Dance, Mixed",NA
1506720,Jean-Luc Baker,M,28,NA,NA,,,2022 Winter,2022,Winter,Beijing,Figure Skating,"Figure Skating Ice Dance, Mixed",NA
1506721,Wang Shiyue,F,27,163.0,47.0,,,2022 Winter,2022,Winter,Beijing,Figure Skating,"Figure Skating Ice Dance, Mixed",NA
1506722,Liu Xinyu,M,27,190.0,84.0,,,2022 Winter,2022,Winter,Beijing,Figure Skating,"Figure Skating Ice Dance, Mixed",NA
1506723,Marjorie Lajoie,F,21,153.0,NA,,,2022 Winter,2022,Winter,Beijing,Figure Skating,"Figure Skating Ice Dance, Mixed",NA
1506724,Zachary Lagha,M,22,NA,NA,,,2022 Winter,2022,Winter,Beijing,Figure Skating,"Figure Skating Ice Dance, Mixed",NA
1506725,Diana Davis,F,19,NA,NA,,,2022 Winter,2022,Winter,Beijing,Figure Skating,"Figure Skating Ice Dance, Mixed",NA
1506726,Gleb Smolkin,M,22,NA,NA,,,2022 Winter,2022,Winter,Beijing,Figure Skating,"Figure Skating Ice Dance, Mixed",NA
1506727,Juulia Turkkila,F,27,NA,NA,,,2022 Winter,2022,Winter,Beijing,Figure Skating,"Figure Skating Ice Dance, Mixed",NA
1506728,Matthias Versluis,M,27,NA,NA,,,2022 Winter,2022,Winter,Beijing,Figure Skating,"Figure Skating Ice Dance, Mixed",NA
1506729,Natálie Taschlerová,F,20,NA,NA,,,2022 Winter,2022,Winter,Beijing,Figure Skating,"Figure Skating Ice Dance, Mixed",NA
1506730,Filip Taschler,M,22,NA,NA,,,2022 Winter,2022,Winter,Beijing,Figure Skating,"Figure Skating Ice Dance, Mixed",NA
1506731,Natalia Kaliszek,F,25,157.0,50.0,,,2022 Winter,2022,Winter,Beijing,Figure Skating,"Figure Skating Ice Dance, Mixed",NA
1506732,Maksym Spodyriew,M,28,177.0,70.0,,,2022 Winter,2022,Winter,Beijing,Figure Skating,"Figure Skating Ice Dance, Mixed",NA
1506733,Tina Garabedian,F,24,NA,NA,,,2022 Winter,2022,Winter,Beijing,Figure Skating,"Figure Skating Ice Dance, Mixed",NA
1506734,Simon Proulx Senecal,M,30,NA,NA,,,2022 Winter,2022,Winter,Beijing,Figure Skating,"Figure Skating Ice Dance, Mixed",NA
1506735,Mariya Kazakova,F,20,NA,NA,,,2022 Winter,2022,Winter,Beijing,Figure Skating,"Figure Skating Ice Dance, Mixed",NA
1506736,Georgy Reviya,M,22,NA,NA,,,2022 Winter,2022,Winter,Beijing,Figure Skating,"Figure Skating Ice Dance, Mixed",NA
1506737,Oleksandra Nazarova,F,25,170.0,46.0,,,2022 Winter,2022,Winter,Beijing,Figure Skating,"Figure Skating Ice Dance, Mixed",NA
1506738,Max Nikitin,M,27,177.0,NA,,,2022 Winter,2022,Winter,Beijing,Figure Skating,"Figure Skating Ice Dance, Mixed",NA
1506739,Katharina Müller,F,26,NA,NA,,,2022 Winter,2022,Winter,Beijing,Figure Skating,"Figure Skating Ice Dance, Mixed",NA
1506740,Tim Dieck,M,25,NA,NA,,,2022 Winter,2022,Winter,Beijing,Figure Skating,"Figure Skating Ice Dance, Mixed",NA
1506741,Misato Komatsubara,F,29,NA,NA,,,2022 Winter,2022,Winter,Beijing,Figure Skating,"Figure Skating Ice Dance, Mixed",NA
1506742,Tim Koleto,M,30,NA,NA,,,2022 Winter,2022,Winter,Beijing,Figure Skating,"Figure Skating Ice Dance, Mixed",NA
1506743,Paulina Ramanauskaitė,F,19,NA,NA,,,2022 Winter,2022,Winter,Beijing,Figure Skating,"Figure Skating Ice Dance, Mixed",NA
1506744,Deividas Kizala,M,23,NA,NA,,,2022 Winter,2022,Winter,Beijing,Figure Skating,"Figure Skating Ice Dance, Mixed",NA
1506745,Nathan Chen,M,22,168.0,61.0,,,2022 Winter,2022,Winter,Beijing,Figure Skating,"Figure Skating Team, Mixed",NA
1506746,Madison Hubbell,F,30,173.0,68.0,,,2022 Winter,2022,Winter,Beijing,Figure Skating,"Figure Skating Team, Mixed",NA
1506747,Zach Donohue,M,31,188.0,89.0,,,2022 Winter,2022,Winter,Beijing,Figure Skating,"Figure Skating Team, Mixed",NA
1506748,Alexa Scimeca Knierim,F,30,157.0,46.0,,,2022 Winter,2022,Winter,Beijing,Figure Skating,"Figure Skating Team, Mixed",NA
1506749,Brandon Frazier,M,29,NA,NA,,,2022 Winter,2022,Winter,Beijing,Figure Skating,"Figure Skating Team, Mixed",NA
1506750,Karen Chen,F,22,152.0,48.0,,,2022 Winter,2022,Winter,Beijing,Figure Skating,"Figure Skating Team, Mixed",NA
1506751,Vincent Zhou,M,21,170.0,58.0,,,2022 Winter,2022,Winter,Beijing,Figure Skating,"Figure Skating Team, Mixed",NA
1506752,Madison Chock,F,29,157.0,49.0,,,2022 Winter,2022,Winter,Beijing,Figure Skating,"Figure Skating Team, Mixed",NA
1506753,Evan Bates,M,32,188.0,81.0,,,2022 Winter,2022,Winter,Beijing,Figure Skating,"Figure Skating Team, Mixed",NA
1506754,Jason Brown,M,27,170.0,61.0,,,2022 Winter,2022,Winter,Beijing,Figure Skating,"Figure Skating Team, Mixed",NA
1506755,Mariah Bell,F,25,NA,NA,,,2022 Winter,2022,Winter,Beijing,Figure Skating,"Figure Skating Team, Mixed",NA
1506756,Alysa Liu,F,16,NA,NA,,,2022 Winter,2022,Winter,Beijing,Figure Skating,"Figure Skating Team, Mixed",NA
1506757,Ashley Cain-Gribble,F,26,NA,NA,,,2022 Winter,2022,Winter,Beijing,Figure Skating,"Figure Skating Team, Mixed",NA
1506758,Timothy LeDuc,M,31,NA,NA,,,2022 Winter,2022,Winter,Beijing,Figure Skating,"Figure Skating Team, Mixed",NA
1506759,Kaitlin Hawayek,F,25,NA,NA,,,2022 Winter,2022,Winter,Beijing,Figure Skating,"Figure Skating Team, Mixed",NA
1506760,Jean-Luc Baker,M,28,NA,NA,,,2022 Winter,2022,Winter,Beijing,Figure Skating,"Figure Skating Team, Mixed",NA
1506761,Shoma Uno,M,24,159.0,55.0,,,2022 Winter,2022,Winter,Beijing,Figure Skating,"Figure Skating Team, Mixed",NA
1506762,Misato Komatsubara,F,29,NA,NA,,,2022 Winter,2022,Winter,Beijing,Figure Skating,"Figure Skating Team, Mixed",NA
1506763,Tim Koleto,M,30,NA,NA,,,2022 Winter,2022,Winter,Beijing,Figure Skating,"Figure Skating Team, Mixed",NA
1506764,Riku Miura,F,20,NA,NA,,,2022 Winter,2022,Winter,Beijing,Figure Skating,"Figure Skating Team, Mixed",NA
1506765,Ryuichi Kihara,M,29,175.0,73.0,,,2022 Winter,2022,Winter,Beijing,Figure Skating,"Figure Skating Team, Mixed",NA
1506766,Wakaba Higuchi,F,21,NA,NA,,,2022 Winter,2022,Winter,Beijing,Figure Skating,"Figure Skating Team, Mixed",NA
1506767,Yuma Kagiyama,M,18,NA,NA,,,2022 Winter,2022,Winter,Beijing,Figure Skating,"Figure Skating Team, Mixed",NA
1506768,Kaori Sakamoto,F,21,158.0,NA,,,2022 Winter,2022,Winter,Beijing,Figure Skating,"Figure Skating Team, Mixed",NA
1506769,Yuzuru Hanyu,M,27,171.0,NA,,,2022 Winter,2022,Winter,Beijing,Figure Skating,"Figure Skating Team, Mixed",NA
1506770,Mana Kawabe,F,17,NA,NA,,,2022 Winter,2022,Winter,Beijing,Figure Skating,"Figure Skating Team, Mixed",NA
1506771,Mark Kondratyuk,M,18,NA,NA,,,2022 Winter,2022,Winter,Beijing,Figure Skating,"Figure Skating Team, Mixed",NA
1506772,Viktoriya Sinitsina,F,26,166.0,NA,,,2022 Winter,2022,Winter,Beijing,Figure Skating,"Figure Skating Team, Mixed",NA
1506773,Nikita Katsalapov,M,30,180.0,NA,,,2022 Winter,2022,Winter,Beijing,Figure Skating,"Figure Skating Team, Mixed",NA
1506774,Anastasiya Mishina,F,20,NA,NA,,,2022 Winter,2022,Winter,Beijing,Figure Skating,"Figure Skating Team, Mixed",NA
1506775,Aleksandr Gallyamov,M,22,NA,NA,,,2022 Winter,2022,Winter,Beijing,Figure Skating,"Figure Skating Team, Mixed",NA
1506776,Kamila Valiyeva,F,15,160.0,NA,,,2022 Winter,2022,Winter,Beijing,Figure Skating,"Figure Skating Team, Mixed",NA
1506777,Andrey Mozalyov,M,18,NA,NA,,,2022 Winter,2022,Winter,Beijing,Figure Skating,"Figure Skating Team, Mixed",NA
1506778,Yevgeny Semenenko,M,18,NA,NA,,,2022 Winter,2022,Winter,Beijing,Figure Skating,"Figure Skating Team, Mixed",NA
1506779,Anna Shcherbakova,F,17,NA,NA,,,2022 Winter,2022,Winter,Beijing,Figure Skating,"Figure Skating Team, Mixed",NA
1506780,Aleksandra Trusova,F,17,NA,NA,,,2022 Winter,2022,Winter,Beijing,Figure Skating,"Figure Skating Team, Mixed",NA
1506781,Aleksandra Boykova,F,20,NA,NA,,,2022 Winter,2022,Winter,Beijing,Figure Skating,"Figure Skating Team, Mixed",NA
1506782,Dmitry Kozlovsky,M,22,NA,NA,,,2022 Winter,2022,Winter,Beijing,Figure Skating,"Figure Skating Team, Mixed",NA
1506783,Yevgeniya Tarasova,F,27,159.0,47.0,,,2022 Winter,2022,Winter,Beijing,Figure Skating,"Figure Skating Team, Mixed",NA
1506784,Vladimir Morozov,M,29,190.0,88.0,,,2022 Winter,2022,Winter,Beijing,Figure Skating,"Figure Skating Team, Mixed",NA
1506785,Diana Davis,F,19,NA,NA,,,2022 Winter,2022,Winter,Beijing,Figure Skating,"Figure Skating Team, Mixed",NA
1506786,Gleb Smolkin,M,22,NA,NA,,,2022 Winter,2022,Winter,Beijing,Figure Skating,"Figure Skating Team, Mixed",NA
1506787,Aleksandra Stepanova,F,26,NA,NA,,,2022 Winter,2022,Winter,Beijing,Figure Skating,"Figure Skating Team, Mixed",NA
1506788,Ivan Bukin,M,28,NA,NA,,,2022 Winter,2022,Winter,Beijing,Figure Skating,"Figure Skating Team, Mixed",NA
1506789,Roman Sadovsky,M,22,184.0,NA,,,2022 Winter,2022,Winter,Beijing,Figure Skating,"Figure Skating Team, Mixed",NA
1506790,Piper Gilles,F,30,162.0,50.0,,,2022 Winter,2022,Winter,Beijing,Figure Skating,"Figure Skating Team, Mixed",NA
1506791,Paul Poirier,M,30,175.0,73.0,,,2022 Winter,2022,Winter,Beijing,Figure Skating,"Figure Skating Team, Mixed",NA
1506792,Kirsten Moore-Towers,F,29,149.0,45.0,,,2022 Winter,2022,Winter,Beijing,Figure Skating,"Figure Skating Team, Mixed",NA
1506793,Michael Marinaro,M,30,182.0,77.0,,,2022 Winter,2022,Winter,Beijing,Figure Skating,"Figure Skating Team, Mixed",NA
1506794,Madeline Schizas,F,18,150.0,NA,,,2022 Winter,2022,Winter,Beijing,Figure Skating,"Figure Skating Team, Mixed",NA
1506795,Vanessa James,F,34,162.0,48.0,,,2022 Winter,2022,Winter,Beijing,Figure Skating,"Figure Skating Team, Mixed",NA
1506796,Eric Radford,M,37,188.0,86.0,,,2022 Winter,2022,Winter,Beijing,Figure Skating,"Figure Skating Team, Mixed",NA
1506797,Keegan Messing,M,30,164.0,63.0,,,2022 Winter,2022,Winter,Beijing,Figure Skating,"Figure Skating Team, Mixed",NA
1506798,Laurence Fournier Beaudry,F,29,165.0,NA,,,2022 Winter,2022,Winter,Beijing,Figure Skating,"Figure Skating Team, Mixed",NA
1506799,Nikolaj Sørensen,M,32,NA,NA,,,2022 Winter,2022,Winter,Beijing,Figure Skating,"Figure Skating Team, Mixed",NA
1506800,Marjorie Lajoie,F,21,153.0,NA,,,2022 Winter,2022,Winter,Beijing,Figure Skating,"Figure Skating Team, Mixed",NA
1506801,Zachary Lagha,M,22,NA,NA,,,2022 Winter,2022,Winter,Beijing,Figure Skating,"Figure Skating Team, Mixed",NA
1506802,Jin Boyang,M,24,170.0,55.0,,,2022 Winter,2022,Winter,Beijing,Figure Skating,"Figure Skating Team, Mixed",NA
1506803,Wang Shiyue,F,27,163.0,47.0,,,2022 Winter,2022,Winter,Beijing,Figure Skating,"Figure Skating Team, Mixed",NA
1506804,Liu Xinyu,M,27,190.0,84.0,,,2022 Winter,2022,Winter,Beijing,Figure Skating,"Figure Skating Team, Mixed",NA
1506805,Sui Wenjing,F,26,150.0,42.0,,,2022 Winter,2022,Winter,Beijing,Figure Skating,"Figure Skating Team, Mixed",NA
1506806,Han Cong,M,29,168.0,61.0,,,2022 Winter,2022,Winter,Beijing,Figure Skating,"Figure Skating Team, Mixed",NA
1506807,Zhu Yi,F,19,NA,NA,,,2022 Winter,2022,Winter,Beijing,Figure Skating,"Figure Skating Team, Mixed",NA
1506808,Peng Cheng,F,24,157.0,41.0,,,2022 Winter,2022,Winter,Beijing,Figure Skating,"Figure Skating Team, Mixed",NA
1506809,Jin Yang,M,27,181.0,80.0,,,2022 Winter,2022,Winter,Beijing,Figure Skating,"Figure Skating Team, Mixed",NA
1506810,Morisi Kvitelashvili,M,26,180.0,NA,,,2022 Winter,2022,Winter,Beijing,Figure Skating,"Figure Skating Team, Mixed",NA
1506811,Mariya Kazakova,F,20,NA,NA,,,2022 Winter,2022,Winter,Beijing,Figure Skating,"Figure Skating Team, Mixed",NA
1506812,Georgy Reviya,M,22,NA,NA,,,2022 Winter,2022,Winter,Beijing,Figure Skating,"Figure Skating Team, Mixed",NA
1506813,Karina Safina,F,17,NA,NA,,,2022 Winter,2022,Winter,Beijing,Figure Skating,"Figure Skating Team, Mixed",NA
1506814,Luka Berulava,M,19,NA,NA,,,2022 Winter,2022,Winter,Beijing,Figure Skating,"Figure Skating Team, Mixed",NA
1506815,Nastya Gubanova,F,19,NA,NA,,,2022 Winter,2022,Winter,Beijing,Figure Skating,"Figure Skating Team, Mixed",NA
1506816,Daniel Grassl,M,19,175.0,NA,,,2022 Winter,2022,Winter,Beijing,Figure Skating,"Figure Skating Team, Mixed",NA
1506817,Charlène Guignard,F,32,158.0,48.0,,,2022 Winter,2022,Winter,Beijing,Figure Skating,"Figure Skating Team, Mixed",NA
1506818,Marco Fabbri,M,33,164.0,NA,,,2022 Winter,2022,Winter,Beijing,Figure Skating,"Figure Skating Team, Mixed",NA
1506819,Nicole Della Monica,F,32,156.0,48.0,,,2022 Winter,2022,Winter,Beijing,Figure Skating,"Figure Skating Team, Mixed",NA
1506820,Matteo Guarise,M,33,182.0,82.0,,,2022 Winter,2022,Winter,Beijing,Figure Skating,"Figure Skating Team, Mixed",NA
1506821,Lara Naki Gutmann,F,19,NA,NA,,,2022 Winter,2022,Winter,Beijing,Figure Skating,"Figure Skating Team, Mixed",NA
1506822,Matteo Rizzo,M,23,170.0,58.0,,,2022 Winter,2022,Winter,Beijing,Figure Skating,"Figure Skating Team, Mixed",NA
1506823,Rebecca Ghilardi,F,22,NA,NA,,,2022 Winter,2022,Winter,Beijing,Figure Skating,"Figure Skating Team, Mixed",NA
1506824,Filippo Ambrosini,M,28,183.0,NA,,,2022 Winter,2022,Winter,Beijing,Figure Skating,"Figure Skating Team, Mixed",NA
1506825,Michal Březina,M,31,173.0,65.0,,,2022 Winter,2022,Winter,Beijing,Figure Skating,"Figure Skating Team, Mixed",NA
1506826,Natálie Taschlerová,F,20,NA,NA,,,2022 Winter,2022,Winter,Beijing,Figure Skating,"Figure Skating Team, Mixed",NA
1506827,Filip Taschler,M,22,NA,NA,,,2022 Winter,2022,Winter,Beijing,Figure Skating,"Figure Skating Team, Mixed",NA
1506828,Jelizaveta Žuková,F,18,NA,NA,,,2022 Winter,2022,Winter,Beijing,Figure Skating,"Figure Skating Team, Mixed",NA
1506829,Martin Bidař,M,22,180.0,78.0,,,2022 Winter,2022,Winter,Beijing,Figure Skating,"Figure Skating Team, Mixed",NA
1506830,Eliška Březinová,F,25,NA,NA,,,2022 Winter,2022,Winter,Beijing,Figure Skating,"Figure Skating Team, Mixed",NA
1506831,Paul Fentz,M,29,179.0,68.0,,,2022 Winter,2022,Winter,Beijing,Figure Skating,"Figure Skating Team, Mixed",NA
1506832,Katharina Müller,F,26,NA,NA,,,2022 Winter,2022,Winter,Beijing,Figure Skating,"Figure Skating Team, Mixed",NA
1506833,Tim Dieck,M,25,NA,NA,,,2022 Winter,2022,Winter,Beijing,Figure Skating,"Figure Skating Team, Mixed",NA
1506834,Nicole Schott,F,25,163.0,49.0,,,2022 Winter,2022,Winter,Beijing,Figure Skating,"Figure Skating Team, Mixed",NA
1506835,Nolan Seegert,M,29,NA,NA,,,2022 Winter,2022,Winter,Beijing,Figure Skating,"Figure Skating Team, Mixed",NA
1506836,Minerva Hase,F,22,NA,NA,,,2022 Winter,2022,Winter,Beijing,Figure Skating,"Figure Skating Team, Mixed",NA
1506837,Oleksandra Nazarova,F,25,170.0,46.0,,,2022 Winter,2022,Winter,Beijing,Figure Skating,"Figure Skating Team, Mixed",NA
1506838,Max Nikitin,M,27,177.0,NA,,,2022 Winter,2022,Winter,Beijing,Figure Skating,"Figure Skating Team, Mixed",NA
1506839,Sofiya Holichenko,F,17,NA,NA,,,2022 Winter,2022,Winter,Beijing,Figure Skating,"Figure Skating Team, Mixed",NA
1506840,Artem Darenskyi,M,20,191.0,82.0,,,2022 Winter,2022,Winter,Beijing,Figure Skating,"Figure Skating Team, Mixed",NA
1506841,Anastasiya Shabotova,F,16,NA,NA,,,2022 Winter,2022,Winter,Beijing,Figure Skating,"Figure Skating Team, Mixed",NA
1506842,Ivan Shmuratko,M,20,NA,NA,,,2022 Winter,2022,Winter,Beijing,Figure Skating,"Figure Skating Team, Mixed",NA
1506843,Max Langenhan,M,26,NA,NA,GER,GER,2026 Winter,2026,Winter,Milano-Cortina d'Ampezzo,Luge,"Luge Singles, Men",Gold
1506844,Jonas Müller,M,28,NA,NA,AUT,AUT,2026 Winter,2026,Winter,Milano-Cortina d'Ampezzo,Luge,"Luge Singles, Men",Silver
1506845,Dominik Fischnaller,M,32,182.0,86.0,ITA,ITA,2026 Winter,2026,Winter,Milano-Cortina d'Ampezzo,Luge,"Luge Singles, Men",Bronze
1506846,Kristers Aparjods,M,27,195.0,105.0,LAT,LAT,2026 Winter,2026,Winter,Milano-Cortina d'Ampezzo,Luge,"Luge Singles, Men",NA
1506847,Nico Gleirscher,M,28,NA,NA,AUT,AUT,2026 Winter,2026,Winter,Milano-Cortina d'Ampezzo,Luge,"Luge Singles, Men",NA
1506848,Felix Loch,M,36,190.0,100.0,GER,GER,2026 Winter,2026,Winter,Milano-Cortina d'Ampezzo,Luge,"Luge Singles, Men",NA
1506849,Leon Felderer,M,26,NA,NA,ITA,ITA,2026 Winter,2026,Winter,Milano-Cortina d'Ampezzo,Luge,"Luge Singles, Men",NA
1506850,Wolfgang Kindl,M,37,166.0,78.0,AUT,AUT,2026 Winter,2026,Winter,Milano-Cortina d'Ampezzo,Luge,"Luge Singles, Men",NA
1506851,Timon Grancagnolo,M,22,NA,NA,GER,GER,2026 Winter,2026,Winter,Milano-Cortina d'Ampezzo,Luge,"Luge Singles, Men",NA
1506852,Gints Bērziņš,M,23,NA,NA,LAT,LAT,2026 Winter,2026,Winter,Milano-Cortina d'Ampezzo,Luge,"Luge Singles, Men",NA
1506853,Jonathan Gustafson,M,28,NA,NA,USA,USA,2026 Winter,2026,Winter,Milano-Cortina d'Ampezzo,Luge,"Luge Singles, Men",NA
1506854,Andriy Mandziy,M,37,188.0,102.0,UKR,UKR,2026 Winter,2026,Winter,Milano-Cortina d'Ampezzo,Luge,"Luge Singles, Men",NA
1506855,Svante Kohala,M,27,NA,NA,SWE,SWE,2026 Winter,2026,Winter,Milano-Cortina d'Ampezzo,Luge,"Luge Singles, Men",NA
1506856,Pavel Repilov,M,23,NA,NA,AIN,AIN,2026 Winter,2026,Winter,Milano-Cortina d'Ampezzo,Luge,"Luge Singles, Men",NA
1506857,Valentin Crețu,M,36,180.0,88.0,ROU,ROU,2026 Winter,2026,Winter,Milano-Cortina d'Ampezzo,Luge,"Luge Singles, Men",NA
1506858,Anton Dukach,M,30,187.0,87.0,UKR,UKR,2026 Winter,2026,Winter,Milano-Cortina d'Ampezzo,Luge,"Luge Singles, Men",NA
1506859,Alex Gufler,M,23,NA,NA,ITA,ITA,2026 Winter,2026,Winter,Milano-Cortina d'Ampezzo,Luge,"Luge Singles, Men",NA
1506860,Alex Ferlazzo,M,30,185.0,89.0,AUS,AUS,2026 Winter,2026,Winter,Milano-Cortina d'Ampezzo,Luge,"Luge Singles, Men",NA
1506861,Jozef Ninis,M,44,182.0,90.0,SVK,SVK,2026 Winter,2026,Winter,Milano-Cortina d'Ampezzo,Luge,"Luge Singles, Men",NA
1506862,Matthew Greiner,M,22,NA,NA,USA,USA,2026 Winter,2026,Winter,Milano-Cortina d'Ampezzo,Luge,"Luge Singles, Men",NA
1506863,Mateusz Sochowicz,M,29,184.0,84.0,POL,POL,2026 Winter,2026,Winter,Milano-Cortina d'Ampezzo,Luge,"Luge Singles, Men",NA
1506864,Ondřej Hyman,M,39,189.0,85.0,CZE,CZE,2026 Winter,2026,Winter,Milano-Cortina d'Ampezzo,Luge,"Luge Singles, Men",NA
1506865,Eduard Crăciun,M,25,NA,NA,ROU,ROU,2026 Winter,2026,Winter,Milano-Cortina d'Ampezzo,Luge,"Luge Singles, Men",NA
1506866,Bao Zhenyu,M,23,NA,NA,CHN,CHN,2026 Winter,2026,Winter,Milano-Cortina d'Ampezzo,Luge,"Luge Singles, Men",NA
1506867,Seiya Kobayashi,M,24,NA,NA,JPN,JPN,2026 Winter,2026,Winter,Milano-Cortina d'Ampezzo,Luge,"Luge Singles, Men",NA
1506868,Emanuel Rieder,M,32,179.0,89.0,,,2026 Winter,2026,Winter,Milano-Cortina d'Ampezzo,Luge,"Luge Doubles, Men",NA
1506869,Simon Kainzwaldner,M,31,NA,NA,,,2026 Winter,2026,Winter,Milano-Cortina d'Ampezzo,Luge,"Luge Doubles, Men",NA
1506870,Thomas Steu,M,31,182.0,87.0,,,2026 Winter,2026,Winter,Milano-Cortina d'Ampezzo,Luge,"Luge Doubles, Men",NA
1506871,Wolfgang Kindl,M,37,166.0,78.0,,,2026 Winter,2026,Winter,Milano-Cortina d'Ampezzo,Luge,"Luge Doubles, Men",NA
1506872,Tobias Wendl,M,38,184.0,91.0,,,2026 Winter,2026,Winter,Milano-Cortina d'Ampezzo,Luge,"Luge Doubles, Men",NA
1506873,Tobias Arlt,M,38,178.0,77.0,,,2026 Winter,2026,Winter,Milano-Cortina d'Ampezzo,Luge,"Luge Doubles, Men",NA
1506874,Toni Eggert,M,37,191.0,88.0,,,2026 Winter,2026,Winter,Milano-Cortina d'Ampezzo,Luge,"Luge Doubles, Men",NA
1506875,Florian Müller,M,24,NA,NA,,,2026 Winter,2026,Winter,Milano-Cortina d'Ampezzo,Luge,"Luge Doubles, Men",NA
1506876,Mārtiņš Bots,M,26,184.0,80.0,,,2026 Winter,2026,Winter,Milano-Cortina d'Ampezzo,Luge,"Luge Doubles, Men",NA
1506877,Roberts Plūme,M,25,182.0,74.0,,,2026 Winter,2026,Winter,Milano-Cortina d'Ampezzo,Luge,"Luge Doubles, Men",NA
1506878,Marcus Mueller,M,20,NA,NA,,,2026 Winter,2026,Winter,Milano-Cortina d'Ampezzo,Luge,"Luge Doubles, Men",NA
1506879,Ansel Haugsjaa,M,21,NA,NA,,,2026 Winter,2026,Winter,Milano-Cortina d'Ampezzo,Luge,"Luge Doubles, Men",NA
1506880,Ivan Nagler,M,27,185.0,82.0,,,2026 Winter,2026,Winter,Milano-Cortina d'Ampezzo,Luge,"Luge Doubles, Men",NA
1506881,Fabian Malleier,M,28,176.0,76.0,,,2026 Winter,2026,Winter,Milano-Cortina d'Ampezzo,Luge,"Luge Doubles, Men",NA
1506882,Zachary DiGregorio,M,24,NA,NA,,,2026 Winter,2026,Winter,Milano-Cortina d'Ampezzo,Luge,"Luge Doubles, Men",NA
1506883,Sean Hollander,M,25,NA,NA,,,2026 Winter,2026,Winter,Milano-Cortina d'Ampezzo,Luge,"Luge Doubles, Men",NA
1506884,Eduards Ševics-Mikeļševics,M,24,194.0,91.0,,,2026 Winter,2026,Winter,Milano-Cortina d'Ampezzo,Luge,"Luge Doubles, Men",NA
1506885,Lūkass Krasts,M,25,183.0,80.0,,,2026 Winter,2026,Winter,Milano-Cortina d'Ampezzo,Luge,"Luge Doubles, Men",NA
1506886,Devin Wardrope,M,23,NA,NA,,,2026 Winter,2026,Winter,Milano-Cortina d'Ampezzo,Luge,"Luge Doubles, Men",NA
1506887,Cole Zajanski,M,24,NA,NA,,,2026 Winter,2026,Winter,Milano-Cortina d'Ampezzo,Luge,"Luge Doubles, Men",NA
1506888,Juri Gatt,M,24,NA,NA,,,2026 Winter,2026,Winter,Milano-Cortina d'Ampezzo,Luge,"Luge Doubles, Men",NA
1506889,Riccardo Schöpf,M,24,NA,NA,,,2026 Winter,2026,Winter,Milano-Cortina d'Ampezzo,Luge,"Luge Doubles, Men",NA
1506890,Christian Bosman,M,21,180.0,85.0,,,2026 Winter,2026,Winter,Milano-Cortina d'Ampezzo,Luge,"Luge Doubles, Men",NA
1506891,Bruno Mick,M,18,175.0,73.0,,,2026 Winter,2026,Winter,Milano-Cortina d'Ampezzo,Luge,"Luge Doubles, Men",NA
1506892,Wojciech Chmielewski,M,30,184.0,92.0,,,2026 Winter,2026,Winter,Milano-Cortina d'Ampezzo,Luge,"Luge Doubles, Men",NA
1506893,Michał Gancarczyk,M,19,NA,NA,,,2026 Winter,2026,Winter,Milano-Cortina d'Ampezzo,Luge,"Luge Doubles, Men",NA
1506894,Ihor Hoy,M,26,187.0,85.0,,,2026 Winter,2026,Winter,Milano-Cortina d'Ampezzo,Luge,"Luge Doubles, Men",NA
1506895,Nazariy Kachmar,M,20,178.0,72.0,,,2026 Winter,2026,Winter,Milano-Cortina d'Ampezzo,Luge,"Luge Doubles, Men",NA
1506896,Jubayi Saikeyi,M,25,NA,NA,,,2026 Winter,2026,Winter,Milano-Cortina d'Ampezzo,Luge,"Luge Doubles, Men",NA
1506897,Hou Shuo,M,25,NA,NA,,,2026 Winter,2026,Winter,Milano-Cortina d'Ampezzo,Luge,"Luge Doubles, Men",NA
1506898,Daniil Martsynovsky,M,21,NA,NA,,,2026 Winter,2026,Winter,Milano-Cortina d'Ampezzo,Luge,"Luge Doubles, Men",NA
1506899,Bohdan Babura,M,20,158.0,60.0,,,2026 Winter,2026,Winter,Milano-Cortina d'Ampezzo,Luge,"Luge Doubles, Men",NA
1506900,Marian Gîtlan,M,28,185.0,90.0,,,2026 Winter,2026,Winter,Milano-Cortina d'Ampezzo,Luge,"Luge Doubles, Men",NA
1506901,Darius Șerban,M,23,NA,NA,,,2026 Winter,2026,Winter,Milano-Cortina d'Ampezzo,Luge,"Luge Doubles, Men",NA
1506902,Julia Taubitz,F,29,NA,NA,GER,GER,2026 Winter,2026,Winter,Milano-Cortina d'Ampezzo,Luge,"Luge Singles, Women",Gold
1506903,Elīna Bota,F,25,NA,NA,LAT,LAT,2026 Winter,2026,Winter,Milano-Cortina d'Ampezzo,Luge,"Luge Singles, Women",Silver
1506904,Ashley Farquharson,F,26,NA,NA,USA,USA,2026 Winter,2026,Winter,Milano-Cortina d'Ampezzo,Luge,"Luge Singles, Women",Bronze
1506905,Verena Hofer,F,24,NA,NA,ITA,ITA,2026 Winter,2026,Winter,Milano-Cortina d'Ampezzo,Luge,"Luge Singles, Women",NA
1506906,Sandra Robatscher,F,30,171.0,68.0,ITA,ITA,2026 Winter,2026,Winter,Milano-Cortina d'Ampezzo,Luge,"Luge Singles, Women",NA
1506907,Anna Berreiter,F,26,NA,NA,GER,GER,2026 Winter,2026,Winter,Milano-Cortina d'Ampezzo,Luge,"Luge Singles, Women",NA
1506908,Lisa Schulte,F,25,NA,NA,AUT,AUT,2026 Winter,2026,Winter,Milano-Cortina d'Ampezzo,Luge,"Luge Singles, Women",NA
1506909,Merle Fräbel,F,22,NA,NA,GER,GER,2026 Winter,2026,Winter,Milano-Cortina d'Ampezzo,Luge,"Luge Singles, Women",NA
1506910,Natalie Maag,F,28,NA,NA,SUI,SUI,2026 Winter,2026,Winter,Milano-Cortina d'Ampezzo,Luge,"Luge Singles, Women",NA
1506911,Hannah Prock,F,25,170.0,64.0,AUT,AUT,2026 Winter,2026,Winter,Milano-Cortina d'Ampezzo,Luge,"Luge Singles, Women",NA
1506912,Dorothea Schwarz,F,21,NA,NA,AUT,AUT,2026 Winter,2026,Winter,Milano-Cortina d'Ampezzo,Luge,"Luge Singles, Women",NA
1506913,Emily Fischnaller,F,32,165.0,67.0,USA,USA,2026 Winter,2026,Winter,Milano-Cortina d'Ampezzo,Luge,"Luge Singles, Women",NA
1506914,Darya Olesik,F,21,NA,NA,AIN,AIN,2026 Winter,2026,Winter,Milano-Cortina d'Ampezzo,Luge,"Luge Singles, Women",NA
1506915,Summer Britcher,F,31,180.0,77.0,USA,USA,2026 Winter,2026,Winter,Milano-Cortina d'Ampezzo,Luge,"Luge Singles, Women",NA
1506916,Embyr-Lee Susko,F,20,NA,NA,CAN,CAN,2026 Winter,2026,Winter,Milano-Cortina d'Ampezzo,Luge,"Luge Singles, Women",NA
1506917,Kendija Aparjode,F,29,179.0,75.0,LAT,LAT,2026 Winter,2026,Winter,Milano-Cortina d'Ampezzo,Luge,"Luge Singles, Women",NA
1506918,Trinity Ellis,F,23,NA,NA,CAN,CAN,2026 Winter,2026,Winter,Milano-Cortina d'Ampezzo,Luge,"Luge Singles, Women",NA
1506919,Yulianna Tunytska,F,22,171.0,70.0,UKR,UKR,2026 Winter,2026,Winter,Milano-Cortina d'Ampezzo,Luge,"Luge Singles, Women",NA
1506920,Tove Kohala,F,25,NA,NA,SWE,SWE,2026 Winter,2026,Winter,Milano-Cortina d'Ampezzo,Luge,"Luge Singles, Women",NA
1506921,Olena Smaha,F,26,NA,NA,UKR,UKR,2026 Winter,2026,Winter,Milano-Cortina d'Ampezzo,Luge,"Luge Singles, Women",NA
1506922,Wang Peixuan,F,25,NA,NA,CHN,CHN,2026 Winter,2026,Winter,Milano-Cortina d'Ampezzo,Luge,"Luge Singles, Women",NA
1506923,Verónica Ravenna,F,27,160.0,61.0,ARG,ARG,2026 Winter,2026,Winter,Milano-Cortina d'Ampezzo,Luge,"Luge Singles, Women",NA
1506924,Klaudia Domaradzka,F,25,NA,NA,POL,POL,2026 Winter,2026,Winter,Milano-Cortina d'Ampezzo,Luge,"Luge Singles, Women",NA
1506925,Jeong Hye-Seon,F,30,NA,NA,KOR,KOR,2026 Winter,2026,Winter,Milano-Cortina d'Ampezzo,Luge,"Luge Singles, Women",NA
1506926,Ioana Buzatoiu,F,24,NA,NA,ROU,ROU,2026 Winter,2026,Winter,Milano-Cortina d'Ampezzo,Luge,"Luge Singles, Women",NA
1506927,Andrea Vötter,F,30,168.0,73.0,,,2026 Winter,2026,Winter,Milano-Cortina d'Ampezzo,Luge,"Luge Doubles, Women",NA
1506928,Marion Oberhofer,F,25,NA,NA,,,2026 Winter,2026,Winter,Milano-Cortina d'Ampezzo,Luge,"Luge Doubles, Women",NA
1506929,Dajana Eitberger,F,35,180.0,78.0,,,2026 Winter,2026,Winter,Milano-Cortina d'Ampezzo,Luge,"Luge Doubles, Women",NA
1506930,Magdalena Matschina,F,20,NA,NA,,,2026 Winter,2026,Winter,Milano-Cortina d'Ampezzo,Luge,"Luge Doubles, Women",NA
1506931,Selina Egle,F,23,NA,NA,,,2026 Winter,2026,Winter,Milano-Cortina d'Ampezzo,Luge,"Luge Doubles, Women",NA
1506932,Lara Kipp,F,23,NA,NA,,,2026 Winter,2026,Winter,Milano-Cortina d'Ampezzo,Luge,"Luge Doubles, Women",NA
1506933,Marta Robežniece,F,20,167.0,75.0,,,2026 Winter,2026,Winter,Milano-Cortina d'Ampezzo,Luge,"Luge Doubles, Women",NA
1506934,Kitija Bogdanova,F,21,160.0,56.0,,,2026 Winter,2026,Winter,Milano-Cortina d'Ampezzo,Luge,"Luge Doubles, Women",NA
1506935,Chevonne Forgan,F,25,NA,NA,,,2026 Winter,2026,Winter,Milano-Cortina d'Ampezzo,Luge,"Luge Doubles, Women",NA
1506936,Sophia Kirkby,F,24,NA,NA,,,2026 Winter,2026,Winter,Milano-Cortina d'Ampezzo,Luge,"Luge Doubles, Women",NA
1506937,Nikola Domowicz,F,23,NA,NA,,,2026 Winter,2026,Winter,Milano-Cortina d'Ampezzo,Luge,"Luge Doubles, Women",NA
1506938,Dominika Piwkowska,F,22,NA,NA,,,2026 Winter,2026,Winter,Milano-Cortina d'Ampezzo,Luge,"Luge Doubles, Women",NA
1506939,Olena Stetskiv,F,31,174.0,71.0,,,2026 Winter,2026,Winter,Milano-Cortina d'Ampezzo,Luge,"Luge Doubles, Women",NA
1506940,Oleksandra Mokh,F,21,170.0,57.0,,,2026 Winter,2026,Winter,Milano-Cortina d'Ampezzo,Luge,"Luge Doubles, Women",NA
1506941,Gulijienaiti Adikeyoumu,F,24,NA,NA,,,2026 Winter,2026,Winter,Milano-Cortina d'Ampezzo,Luge,"Luge Doubles, Women",NA
1506942,Zhao Jiaying,F,23,NA,NA,,,2026 Winter,2026,Winter,Milano-Cortina d'Ampezzo,Luge,"Luge Doubles, Women",NA
1506943,Raluca Strămăturaru,F,40,172.0,78.0,,,2026 Winter,2026,Winter,Milano-Cortina d'Ampezzo,Luge,"Luge Doubles, Women",NA
1506944,Mihaela Manolescu,F,27,NA,NA,,,2026 Winter,2026,Winter,Milano-Cortina d'Ampezzo,Luge,"Luge Doubles, Women",NA
1506945,Beattie Podulsky,F,20,NA,NA,,,2026 Winter,2026,Winter,Milano-Cortina d'Ampezzo,Luge,"Luge Doubles, Women",NA
1506946,Kailey Allan,F,22,NA,NA,,,2026 Winter,2026,Winter,Milano-Cortina d'Ampezzo,Luge,"Luge Doubles, Women",NA
1506947,Viktoria Praxová,F,19,163.0,62.0,,,2026 Winter,2026,Winter,Milano-Cortina d'Ampezzo,Luge,"Luge Doubles, Women",NA
1506948,Desana Špitzová,F,19,164.0,53.0,,,2026 Winter,2026,Winter,Milano-Cortina d'Ampezzo,Luge,"Luge Doubles, Women",NA
1506949,Julia Taubitz,F,29,NA,NA,,,2026 Winter,2026,Winter,Milano-Cortina d'Ampezzo,Luge,"Luge Team Relay, Mixed",NA
1506950,Tobias Wendl,M,38,184.0,91.0,,,2026 Winter,2026,Winter,Milano-Cortina d'Ampezzo,Luge,"Luge Team Relay, Mixed",NA
1506951,Tobias Arlt,M,38,178.0,77.0,,,2026 Winter,2026,Winter,Milano-Cortina d'Ampezzo,Luge,"Luge Team Relay, Mixed",NA
1506952,Max Langenhan,M,26,NA,NA,,,2026 Winter,2026,Winter,Milano-Cortina d'Ampezzo,Luge,"Luge Team Relay, Mixed",NA
1506953,Dajana Eitberger,F,35,180.0,78.0,,,2026 Winter,2026,Winter,Milano-Cortina d'Ampezzo,Luge,"Luge Team Relay, Mixed",NA
1506954,Magdalena Matschina,F,20,NA,NA,,,2026 Winter,2026,Winter,Milano-Cortina d'Ampezzo,Luge,"Luge Team Relay, Mixed",NA
1506955,Lisa Schulte,F,25,NA,NA,,,2026 Winter,2026,Winter,Milano-Cortina d'Ampezzo,Luge,"Luge Team Relay, Mixed",NA
1506956,Thomas Steu,M,31,182.0,87.0,,,2026 Winter,2026,Winter,Milano-Cortina d'Ampezzo,Luge,"Luge Team Relay, Mixed",NA
1506957,Wolfgang Kindl,M,37,166.0,78.0,,,2026 Winter,2026,Winter,Milano-Cortina d'Ampezzo,Luge,"Luge Team Relay, Mixed",NA
1506958,Jonas Müller,M,28,NA,NA,,,2026 Winter,2026,Winter,Milano-Cortina d'Ampezzo,Luge,"Luge Team Relay, Mixed",NA
1506959,Selina Egle,F,23,NA,NA,,,2026 Winter,2026,Winter,Milano-Cortina d'Ampezzo,Luge,"Luge Team Relay, Mixed",NA
1506960,Lara Kipp,F,23,NA,NA,,,2026 Winter,2026,Winter,Milano-Cortina d'Ampezzo,Luge,"Luge Team Relay, Mixed",NA
1506961,Verena Hofer,F,24,NA,NA,,,2026 Winter,2026,Winter,Milano-Cortina d'Ampezzo,Luge,"Luge Team Relay, Mixed",NA
1506962,Emanuel Rieder,M,32,179.0,89.0,,,2026 Winter,2026,Winter,Milano-Cortina d'Ampezzo,Luge,"Luge Team Relay, Mixed",NA
1506963,Simon Kainzwaldner,M,31,NA,NA,,,2026 Winter,2026,Winter,Milano-Cortina d'Ampezzo,Luge,"Luge Team Relay, Mixed",NA
1506964,Dominik Fischnaller,M,32,182.0,86.0,,,2026 Winter,2026,Winter,Milano-Cortina d'Ampezzo,Luge,"Luge Team Relay, Mixed",NA
1506965,Andrea Vötter,F,30,168.0,73.0,,,2026 Winter,2026,Winter,Milano-Cortina d'Ampezzo,Luge,"Luge Team Relay, Mixed",NA
1506966,Marion Oberhofer,F,25,NA,NA,,,2026 Winter,2026,Winter,Milano-Cortina d'Ampezzo,Luge,"Luge Team Relay, Mixed",NA
1506967,Elīna Bota,F,25,NA,NA,,,2026 Winter,2026,Winter,Milano-Cortina d'Ampezzo,Luge,"Luge Team Relay, Mixed",NA
1506968,Mārtiņš Bots,M,26,184.0,80.0,,,2026 Winter,2026,Winter,Milano-Cortina d'Ampezzo,Luge,"Luge Team Relay, Mixed",NA
1506969,Roberts Plūme,M,25,182.0,74.0,,,2026 Winter,2026,Winter,Milano-Cortina d'Ampezzo,Luge,"Luge Team Relay, Mixed",NA
1506970,Kristers Aparjods,M,27,195.0,105.0,,,2026 Winter,2026,Winter,Milano-Cortina d'Ampezzo,Luge,"Luge Team Relay, Mixed",NA
1506971,Marta Robežniece,F,20,167.0,75.0,,,2026 Winter,2026,Winter,Milano-Cortina d'Ampezzo,Luge,"Luge Team Relay, Mixed",NA
1506972,Kitija Bogdanova,F,21,160.0,56.0,,,2026 Winter,2026,Winter,Milano-Cortina d'Ampezzo,Luge,"Luge Team Relay, Mixed",NA
1506973,Ashley Farquharson,F,26,NA,NA,,,2026 Winter,2026,Winter,Milano-Cortina d'Ampezzo,Luge,"Luge Team Relay, Mixed",NA
1506974,Marcus Mueller,M,20,NA,NA,,,2026 Winter,2026,Winter,Milano-Cortina d'Ampezzo,Luge,"Luge Team Relay, Mixed",NA
1506975,Ansel Haugsjaa,M,21,NA,NA,,,2026 Winter,2026,Winter,Milano-Cortina d'Ampezzo,Luge,"Luge Team Relay, Mixed",NA
1506976,Jonathan Gustafson,M,28,NA,NA,,,2026 Winter,2026,Winter,Milano-Cortina d'Ampezzo,Luge,"Luge Team Relay, Mixed",NA
1506977,Chevonne Forgan,F,25,NA,NA,,,2026 Winter,2026,Winter,Milano-Cortina d'Ampezzo,Luge,"Luge Team Relay, Mixed",NA
1506978,Sophia Kirkby,F,24,NA,NA,,,2026 Winter,2026,Winter,Milano-Cortina d'Ampezzo,Luge,"Luge Team Relay, Mixed",NA
1506979,Yulianna Tunytska,F,22,171.0,70.0,,,2026 Winter,2026,Winter,Milano-Cortina d'Ampezzo,Luge,"Luge Team Relay, Mixed",NA
1506980,Ihor Hoy,M,26,187.0,85.0,,,2026 Winter,2026,Winter,Milano-Cortina d'Ampezzo,Luge,"Luge Team Relay, Mixed",NA
1506981,Nazariy Kachmar,M,20,178.0,72.0,,,2026 Winter,2026,Winter,Milano-Cortina d'Ampezzo,Luge,"Luge Team Relay, Mixed",NA
1506982,Andriy Mandziy,M,37,188.0,102.0,,,2026 Winter,2026,Winter,Milano-Cortina d'Ampezzo,Luge,"Luge Team Relay, Mixed",NA
1506983,Olena Stetskiv,F,31,174.0,71.0,,,2026 Winter,2026,Winter,Milano-Cortina d'Ampezzo,Luge,"Luge Team Relay, Mixed",NA
1506984,Oleksandra Mokh,F,21,170.0,57.0,,,2026 Winter,2026,Winter,Milano-Cortina d'Ampezzo,Luge,"Luge Team Relay, Mixed",NA
1506985,Wang Peixuan,F,25,NA,NA,,,2026 Winter,2026,Winter,Milano-Cortina d'Ampezzo,Luge,"Luge Team Relay, Mixed",NA
1506986,Jubayi Saikeyi,M,25,NA,NA,,,2026 Winter,2026,Winter,Milano-Cortina d'Ampezzo,Luge,"Luge Team Relay, Mixed",NA
1506987,Hou Shuo,M,25,NA,NA,,,2026 Winter,2026,Winter,Milano-Cortina d'Ampezzo,Luge,"Luge Team Relay, Mixed",NA
1506988,Bao Zhenyu,M,23,NA,NA,,,2026 Winter,2026,Winter,Milano-Cortina d'Ampezzo,Luge,"Luge Team Relay, Mixed",NA
1506989,Gulijienaiti Adikeyoumu,F,24,NA,NA,,,2026 Winter,2026,Winter,Milano-Cortina d'Ampezzo,Luge,"Luge Team Relay, Mixed",NA
1506990,Zhao Jiaying,F,23,NA,NA,,,2026 Winter,2026,Winter,Milano-Cortina d'Ampezzo,Luge,"Luge Team Relay, Mixed",NA
1506991,Klaudia Domaradzka,F,25,NA,NA,,,2026 Winter,2026,Winter,Milano-Cortina d'Ampezzo,Luge,"Luge Team Relay, Mixed",NA
1506992,Wojciech Chmielewski,M,30,184.0,92.0,,,2026 Winter,2026,Winter,Milano-Cortina d'Ampezzo,Luge,"Luge Team Relay, Mixed",NA
1506993,Michał Gancarczyk,M,19,NA,NA,,,2026 Winter,2026,Winter,Milano-Cortina d'Ampezzo,Luge,"Luge Team Relay, Mixed",NA
1506994,Mateusz Sochowicz,M,29,184.0,84.0,,,2026 Winter,2026,Winter,Milano-Cortina d'Ampezzo,Luge,"Luge Team Relay, Mixed",NA
1506995,Nikola Domowicz,F,23,NA,NA,,,2026 Winter,2026,Winter,Milano-Cortina d'Ampezzo,Luge,"Luge Team Relay, Mixed",NA
1506996,Dominika Piwkowska,F,22,NA,NA,,,2026 Winter,2026,Winter,Milano-Cortina d'Ampezzo,Luge,"Luge Team Relay, Mixed",NA
1506997,Ioana Buzatoiu,F,24,NA,NA,,,2026 Winter,2026,Winter,Milano-Cortina d'Ampezzo,Luge,"Luge Team Relay, Mixed",NA
1506998,Marian Gîtlan,M,28,185.0,90.0,,,2026 Winter,2026,Winter,Milano-Cortina d'Ampezzo,Luge,"Luge Team Relay, Mixed",NA
1506999,Darius Șerban,M,23,NA,NA,,,2026 Winter,2026,Winter,Milano-Cortina d'Ampezzo,Luge,"Luge Team Relay, Mixed",NA
1507000,Valentin Crețu,M,36,180.0,88.0,,,2026 Winter,2026,Winter,Milano-Cortina d'Ampezzo,Luge,"Luge Team Relay, Mixed",NA
1507001,Raluca Strămăturaru,F,40,172.0,78.0,,,2026 Winter,2026,Winter,Milano-Cortina d'Ampezzo,Luge,"Luge Team Relay, Mixed",NA
1507002,Mihaela Manolescu,F,27,NA,NA,,,2026 Winter,2026,Winter,Milano-Cortina d'Ampezzo,Luge,"Luge Team Relay, Mixed",NA
1507003,David Gleirscher,M,23,183.0,90.0,AUT,AUT,2018 Winter,2018,Winter,PyeongChang,Luge,"Luge Singles, Men",Gold
1507004,Chris Mazdzer,M,29,185.0,86.0,USA,USA,2018 Winter,2018,Winter,PyeongChang,Luge,"Luge Singles, Men",Silver
1507005,Johannes Ludwig,M,31,186.0,87.0,GER,GER,2018 Winter,2018,Winter,PyeongChang,Luge,"Luge Singles, Men",Bronze
1507006,Dominik Fischnaller,M,24,182.0,86.0,ITA,ITA,2018 Winter,2018,Winter,PyeongChang,Luge,"Luge Singles, Men",NA
1507007,Felix Loch,M,28,190.0,100.0,GER,GER,2018 Winter,2018,Winter,PyeongChang,Luge,"Luge Singles, Men",NA
1507008,Sam Edney,M,33,188.0,95.0,CAN,CAN,2018 Winter,2018,Winter,PyeongChang,Luge,"Luge Singles, Men",NA
1507009,Kevin Fischnaller,M,24,180.0,81.0,ITA,ITA,2018 Winter,2018,Winter,PyeongChang,Luge,"Luge Singles, Men",NA
1507010,Roman Repilov,M,21,185.0,90.0,ROC,ROC,2018 Winter,2018,Winter,PyeongChang,Luge,"Luge Singles, Men",NA
1507011,Wolfgang Kindl,M,29,166.0,78.0,AUT,AUT,2018 Winter,2018,Winter,PyeongChang,Luge,"Luge Singles, Men",NA
1507012,Andi Langenhan,M,33,180.0,86.0,GER,GER,2018 Winter,2018,Winter,PyeongChang,Luge,"Luge Singles, Men",NA
1507013,Kristers Aparjods,M,19,195.0,105.0,LAT,LAT,2018 Winter,2018,Winter,PyeongChang,Luge,"Luge Singles, Men",NA
1507014,Reid Watts,M,19,183.0,82.0,CAN,CAN,2018 Winter,2018,Winter,PyeongChang,Luge,"Luge Singles, Men",NA
1507015,Stepan Fyodorov,M,30,189.0,100.0,ROC,ROC,2018 Winter,2018,Winter,PyeongChang,Luge,"Luge Singles, Men",NA
1507016,Semyon Pavlichenko,M,26,180.0,94.0,ROC,ROC,2018 Winter,2018,Winter,PyeongChang,Luge,"Luge Singles, Men",NA
1507017,Reinhard Egger,M,28,191.0,96.0,AUT,AUT,2018 Winter,2018,Winter,PyeongChang,Luge,"Luge Singles, Men",NA
1507018,Mitchel Malyk,M,22,184.0,86.0,CAN,CAN,2018 Winter,2018,Winter,PyeongChang,Luge,"Luge Singles, Men",NA
1507019,Emanuel Rieder,M,24,179.0,89.0,ITA,ITA,2018 Winter,2018,Winter,PyeongChang,Luge,"Luge Singles, Men",NA
1507020,Taylor Morris,M,26,178.0,88.0,USA,USA,2018 Winter,2018,Winter,PyeongChang,Luge,"Luge Singles, Men",NA
1507021,Maciej Kurowski,M,31,185.0,94.0,POL,POL,2018 Winter,2018,Winter,PyeongChang,Luge,"Luge Singles, Men",NA
1507022,Inārs Kivlenieks,M,31,183.0,91.0,LAT,LAT,2018 Winter,2018,Winter,PyeongChang,Luge,"Luge Singles, Men",NA
1507023,Ondřej Hyman,M,31,189.0,85.0,CZE,CZE,2018 Winter,2018,Winter,PyeongChang,Luge,"Luge Singles, Men",NA
1507024,AJ Rosen,M,33,188.0,86.0,GBR,GBR,2018 Winter,2018,Winter,PyeongChang,Luge,"Luge Singles, Men",NA
1507025,Anton Dukach,M,22,187.0,87.0,UKR,UKR,2018 Winter,2018,Winter,PyeongChang,Luge,"Luge Singles, Men",NA
1507026,Artūrs Dārznieks,M,24,188.0,80.0,LAT,LAT,2018 Winter,2018,Winter,PyeongChang,Luge,"Luge Singles, Men",NA
1507027,Jozef Ninis,M,36,182.0,90.0,SVK,SVK,2018 Winter,2018,Winter,PyeongChang,Luge,"Luge Singles, Men",NA
1507028,Tucker West,M,22,185.0,86.0,USA,USA,2018 Winter,2018,Winter,PyeongChang,Luge,"Luge Singles, Men",NA
1507029,Mateusz Sochowicz,M,21,184.0,84.0,POL,POL,2018 Winter,2018,Winter,PyeongChang,Luge,"Luge Singles, Men",NA
1507030,Alex Ferlazzo,M,22,185.0,89.0,AUS,AUS,2018 Winter,2018,Winter,PyeongChang,Luge,"Luge Singles, Men",NA
1507031,Valentin Crețu,M,28,180.0,88.0,ROU,ROU,2018 Winter,2018,Winter,PyeongChang,Luge,"Luge Singles, Men",NA
1507032,Im Nam-Gyu,M,28,180.0,83.0,KOR,KOR,2018 Winter,2018,Winter,PyeongChang,Luge,"Luge Singles, Men",NA
1507033,Andrei Turea,M,19,184.0,88.0,ROU,ROU,2018 Winter,2018,Winter,PyeongChang,Luge,"Luge Singles, Men",NA
1507034,Gio Sogoiani,M,20,180.0,75.0,GEO,GEO,2018 Winter,2018,Winter,PyeongChang,Luge,"Luge Singles, Men",NA
1507035,Rupert Staudinger,M,20,188.0,80.0,GBR,GBR,2018 Winter,2018,Winter,PyeongChang,Luge,"Luge Singles, Men",NA
1507036,Shiva Keshavan,M,36,183.0,85.0,IND,IND,2018 Winter,2018,Winter,PyeongChang,Luge,"Luge Singles, Men",NA
1507037,Jakub Šimoňák,M,21,192.0,92.0,SVK,SVK,2018 Winter,2018,Winter,PyeongChang,Luge,"Luge Singles, Men",NA
1507038,Nikita Kopyrenko,M,19,180.0,97.0,KAZ,KAZ,2018 Winter,2018,Winter,PyeongChang,Luge,"Luge Singles, Men",NA
1507039,Pavel Angelov,M,26,169.0,82.0,BUL,BUL,2018 Winter,2018,Winter,PyeongChang,Luge,"Luge Singles, Men",NA
1507040,Lien Te-An,M,23,177.0,84.0,TPE,TPE,2018 Winter,2018,Winter,PyeongChang,Luge,"Luge Singles, Men",NA
1507041,Tilen Sirše,M,27,186.0,96.0,SLO,SLO,2018 Winter,2018,Winter,PyeongChang,Luge,"Luge Singles, Men",NA
1507042,Andriy Mandziy,M,29,188.0,102.0,UKR,UKR,2018 Winter,2018,Winter,PyeongChang,Luge,"Luge Singles, Men",NA
1507043,Tobias Wendl,M,30,184.0,91.0,,,2018 Winter,2018,Winter,PyeongChang,Luge,"Luge Doubles, Men",NA
1507044,Tobias Arlt,M,30,178.0,77.0,,,2018 Winter,2018,Winter,PyeongChang,Luge,"Luge Doubles, Men",NA
1507045,Peter Penz,M,33,187.0,95.0,,,2018 Winter,2018,Winter,PyeongChang,Luge,"Luge Doubles, Men",NA
1507046,Georg Fischler,M,32,173.0,74.0,,,2018 Winter,2018,Winter,PyeongChang,Luge,"Luge Doubles, Men",NA
1507047,Toni Eggert,M,29,191.0,88.0,,,2018 Winter,2018,Winter,PyeongChang,Luge,"Luge Doubles, Men",NA
1507048,Sascha Benecken,M,27,178.0,74.0,,,2018 Winter,2018,Winter,PyeongChang,Luge,"Luge Doubles, Men",NA
1507049,Thomas Steu,M,23,182.0,87.0,,,2018 Winter,2018,Winter,PyeongChang,Luge,"Luge Doubles, Men",NA
1507050,Lorenz Koller,M,23,174.0,75.0,,,2018 Winter,2018,Winter,PyeongChang,Luge,"Luge Doubles, Men",NA
1507051,Tristan Walker,M,26,185.0,88.0,,,2018 Winter,2018,Winter,PyeongChang,Luge,"Luge Doubles, Men",NA
1507052,Justin Snith,M,26,176.0,74.0,,,2018 Winter,2018,Winter,PyeongChang,Luge,"Luge Doubles, Men",NA
1507053,Andris Šics,M,32,180.0,90.0,,,2018 Winter,2018,Winter,PyeongChang,Luge,"Luge Doubles, Men",NA
1507054,Juris Šics,M,34,174.0,82.0,,,2018 Winter,2018,Winter,PyeongChang,Luge,"Luge Doubles, Men",NA
1507055,Ivan Nagler,M,19,185.0,82.0,,,2018 Winter,2018,Winter,PyeongChang,Luge,"Luge Doubles, Men",NA
1507056,Fabian Malleier,M,20,176.0,76.0,,,2018 Winter,2018,Winter,PyeongChang,Luge,"Luge Doubles, Men",NA
1507057,Justin Krewson,M,21,188.0,79.0,,,2018 Winter,2018,Winter,PyeongChang,Luge,"Luge Doubles, Men",NA
1507058,Andrew Sherk,M,25,173.0,73.0,,,2018 Winter,2018,Winter,PyeongChang,Luge,"Luge Doubles, Men",NA
1507059,Park Jin-Yong,M,24,183.0,90.0,,,2018 Winter,2018,Winter,PyeongChang,Luge,"Luge Doubles, Men",NA
1507060,Jo Jeong-Myeong,M,24,176.0,74.0,,,2018 Winter,2018,Winter,PyeongChang,Luge,"Luge Doubles, Men",NA
1507061,Matt Mortensen,M,32,183.0,85.0,,,2018 Winter,2018,Winter,PyeongChang,Luge,"Luge Doubles, Men",NA
1507062,Jayson Terdiman,M,29,170.0,71.0,,,2018 Winter,2018,Winter,PyeongChang,Luge,"Luge Doubles, Men",NA
1507063,Aleksandr Denisyev,M,26,189.0,100.0,,,2018 Winter,2018,Winter,PyeongChang,Luge,"Luge Doubles, Men",NA
1507064,Vladislav Antonov,M,26,179.0,80.0,,,2018 Winter,2018,Winter,PyeongChang,Luge,"Luge Doubles, Men",NA
1507065,Wojciech Chmielewski,M,22,184.0,92.0,,,2018 Winter,2018,Winter,PyeongChang,Luge,"Luge Doubles, Men",NA
1507066,Kuba Kowalewski,M,23,172.0,72.0,,,2018 Winter,2018,Winter,PyeongChang,Luge,"Luge Doubles, Men",NA
1507067,Lukáš Brož,M,32,186.0,97.0,,,2018 Winter,2018,Winter,PyeongChang,Luge,"Luge Doubles, Men",NA
1507068,Antonín Brož,M,30,174.0,78.0,,,2018 Winter,2018,Winter,PyeongChang,Luge,"Luge Doubles, Men",NA
1507069,Oskars Gudramovičs,M,29,174.0,80.0,,,2018 Winter,2018,Winter,PyeongChang,Luge,"Luge Doubles, Men",NA
1507070,Pēteris Kalniņš,M,29,174.0,80.0,,,2018 Winter,2018,Winter,PyeongChang,Luge,"Luge Doubles, Men",NA
1507071,Ludwig Rieder,M,26,183.0,75.0,,,2018 Winter,2018,Winter,PyeongChang,Luge,"Luge Doubles, Men",NA
1507072,Patrick Rastner,M,24,172.0,76.0,,,2018 Winter,2018,Winter,PyeongChang,Luge,"Luge Doubles, Men",NA
1507073,Andrey Bogdanov,M,25,177.0,82.0,,,2018 Winter,2018,Winter,PyeongChang,Luge,"Luge Doubles, Men",NA
1507074,Andrey Medvedev,M,24,167.0,65.0,,,2018 Winter,2018,Winter,PyeongChang,Luge,"Luge Doubles, Men",NA
1507075,Marek Solčanský,M,25,182.0,78.0,,,2018 Winter,2018,Winter,PyeongChang,Luge,"Luge Doubles, Men",NA
1507076,Karol Stuchlák,M,27,180.0,70.0,,,2018 Winter,2018,Winter,PyeongChang,Luge,"Luge Doubles, Men",NA
1507077,Matěj Kvíčala,M,28,183.0,81.0,,,2018 Winter,2018,Winter,PyeongChang,Luge,"Luge Doubles, Men",NA
1507078,Jaromír Kudera,M,27,169.0,69.0,,,2018 Winter,2018,Winter,PyeongChang,Luge,"Luge Doubles, Men",NA
1507079,Cosmin Atodiresei,M,23,186.0,90.0,,,2018 Winter,2018,Winter,PyeongChang,Luge,"Luge Doubles, Men",NA
1507080,Ștefan Musei,M,22,179.0,77.0,,,2018 Winter,2018,Winter,PyeongChang,Luge,"Luge Doubles, Men",NA
1507081,Oleksandr Obolonchyk,M,26,192.0,87.0,,,2018 Winter,2018,Winter,PyeongChang,Luge,"Luge Doubles, Men",NA
1507082,Roman Zakharkiv,M,27,176.0,87.0,,,2018 Winter,2018,Winter,PyeongChang,Luge,"Luge Doubles, Men",NA
1507083,Natalie Geisenberger,F,29,183.0,80.0,GER,GER,2018 Winter,2018,Winter,PyeongChang,Luge,"Luge Singles, Women",Gold
1507084,Dajana Eitberger,F,27,180.0,78.0,GER,GER,2018 Winter,2018,Winter,PyeongChang,Luge,"Luge Singles, Women",Silver
1507085,Alex Gough,F,30,171.0,70.0,CAN,CAN,2018 Winter,2018,Winter,PyeongChang,Luge,"Luge Singles, Women",Bronze
1507086,Tatjana Hüfner,F,34,178.0,80.0,GER,GER,2018 Winter,2018,Winter,PyeongChang,Luge,"Luge Singles, Women",NA
1507087,Kim McRae,F,25,171.0,62.0,CAN,CAN,2018 Winter,2018,Winter,PyeongChang,Luge,"Luge Singles, Women",NA
1507088,Erin Hamlin,F,31,170.0,71.0,USA,USA,2018 Winter,2018,Winter,PyeongChang,Luge,"Luge Singles, Women",NA
1507089,Raluca Strămăturaru,F,32,172.0,78.0,ROU,ROU,2018 Winter,2018,Winter,PyeongChang,Luge,"Luge Singles, Women",NA
1507090,Aileen Frisch,F,25,175.0,69.0,KOR,KOR,2018 Winter,2018,Winter,PyeongChang,Luge,"Luge Singles, Women",NA
1507091,Madeleine Egle,F,19,185.0,68.0,AUT,AUT,2018 Winter,2018,Winter,PyeongChang,Luge,"Luge Singles, Women",NA
1507092,Andrea Vötter,F,22,168.0,73.0,ITA,ITA,2018 Winter,2018,Winter,PyeongChang,Luge,"Luge Singles, Women",NA
1507093,Martina Kocher,F,32,172.0,67.0,SUI,SUI,2018 Winter,2018,Winter,PyeongChang,Luge,"Luge Singles, Women",NA
1507094,Ulla Zirne,F,22,172.0,67.0,LAT,LAT,2018 Winter,2018,Winter,PyeongChang,Luge,"Luge Singles, Women",NA
1507095,Brooke Apshkrum,F,18,175.0,71.0,CAN,CAN,2018 Winter,2018,Winter,PyeongChang,Luge,"Luge Singles, Women",NA
1507096,Sandra Robatscher,F,22,171.0,68.0,ITA,ITA,2018 Winter,2018,Winter,PyeongChang,Luge,"Luge Singles, Women",NA
1507097,Yekaterina Baturina,F,25,178.0,74.0,ROC,ROC,2018 Winter,2018,Winter,PyeongChang,Luge,"Luge Singles, Women",NA
1507098,Elīza Cauce,F,27,170.0,72.0,LAT,LAT,2018 Winter,2018,Winter,PyeongChang,Luge,"Luge Singles, Women",NA
1507099,Hannah Prock,F,17,170.0,64.0,AUT,AUT,2018 Winter,2018,Winter,PyeongChang,Luge,"Luge Singles, Women",NA
1507100,Seong Eun-Ryeong,F,25,160.0,60.0,KOR,KOR,2018 Winter,2018,Winter,PyeongChang,Luge,"Luge Singles, Women",NA
1507101,Summer Britcher,F,23,180.0,77.0,USA,USA,2018 Winter,2018,Winter,PyeongChang,Luge,"Luge Singles, Women",NA
1507102,Ewa Kuls-Kusyk,F,26,177.0,63.0,POL,POL,2018 Winter,2018,Winter,PyeongChang,Luge,"Luge Singles, Women",NA
1507103,Olena Shkhumova,F,24,178.0,90.0,UKR,UKR,2018 Winter,2018,Winter,PyeongChang,Luge,"Luge Singles, Women",NA
1507104,Kendija Aparjode,F,21,179.0,75.0,LAT,LAT,2018 Winter,2018,Winter,PyeongChang,Luge,"Luge Singles, Women",NA
1507105,Katarína Šimoňáková,F,20,171.0,70.0,SVK,SVK,2018 Winter,2018,Winter,PyeongChang,Luge,"Luge Singles, Women",NA
1507106,Verónica Ravenna,F,19,160.0,61.0,ARG,ARG,2018 Winter,2018,Winter,PyeongChang,Luge,"Luge Singles, Women",NA
1507107,Natalia Wojtusciszyn,F,24,165.0,63.0,POL,POL,2018 Winter,2018,Winter,PyeongChang,Luge,"Luge Singles, Women",NA
1507108,Tereza Nosková,F,20,163.0,57.0,CZE,CZE,2018 Winter,2018,Winter,PyeongChang,Luge,"Luge Singles, Women",NA
1507109,Daria Obratov,F,28,176.0,78.0,CRO,CRO,2018 Winter,2018,Winter,PyeongChang,Luge,"Luge Singles, Women",NA
1507110,Olena Stetskiv,F,23,174.0,71.0,UKR,UKR,2018 Winter,2018,Winter,PyeongChang,Luge,"Luge Singles, Women",NA
1507111,Emily Sweeney,F,24,165.0,67.0,USA,USA,2018 Winter,2018,Winter,PyeongChang,Luge,"Luge Singles, Women",NA
1507112,Birgit Platzer,F,25,170.0,63.0,AUT,AUT,2018 Winter,2018,Winter,PyeongChang,Luge,"Luge Singles, Women",NA
1507113,Natalie Geisenberger,F,29,183.0,80.0,,,2018 Winter,2018,Winter,PyeongChang,Luge,"Luge Team Relay, Mixed",NA
1507114,Johannes Ludwig,M,31,186.0,87.0,,,2018 Winter,2018,Winter,PyeongChang,Luge,"Luge Team Relay, Mixed",NA
1507115,Tobias Wendl,M,30,184.0,91.0,,,2018 Winter,2018,Winter,PyeongChang,Luge,"Luge Team Relay, Mixed",NA
1507116,Tobias Arlt,M,30,178.0,77.0,,,2018 Winter,2018,Winter,PyeongChang,Luge,"Luge Team Relay, Mixed",NA
1507117,Alex Gough,F,30,171.0,70.0,,,2018 Winter,2018,Winter,PyeongChang,Luge,"Luge Team Relay, Mixed",NA
1507118,Sam Edney,M,33,188.0,95.0,,,2018 Winter,2018,Winter,PyeongChang,Luge,"Luge Team Relay, Mixed",NA
1507119,Tristan Walker,M,26,185.0,88.0,,,2018 Winter,2018,Winter,PyeongChang,Luge,"Luge Team Relay, Mixed",NA
1507120,Justin Snith,M,26,176.0,74.0,,,2018 Winter,2018,Winter,PyeongChang,Luge,"Luge Team Relay, Mixed",NA
1507121,Madeleine Egle,F,19,185.0,68.0,,,2018 Winter,2018,Winter,PyeongChang,Luge,"Luge Team Relay, Mixed",NA
1507122,David Gleirscher,M,23,183.0,90.0,,,2018 Winter,2018,Winter,PyeongChang,Luge,"Luge Team Relay, Mixed",NA
1507123,Peter Penz,M,33,187.0,95.0,,,2018 Winter,2018,Winter,PyeongChang,Luge,"Luge Team Relay, Mixed",NA
1507124,Georg Fischler,M,32,173.0,74.0,,,2018 Winter,2018,Winter,PyeongChang,Luge,"Luge Team Relay, Mixed",NA
1507125,Summer Britcher,F,23,180.0,77.0,,,2018 Winter,2018,Winter,PyeongChang,Luge,"Luge Team Relay, Mixed",NA
1507126,Chris Mazdzer,M,29,185.0,86.0,,,2018 Winter,2018,Winter,PyeongChang,Luge,"Luge Team Relay, Mixed",NA
1507127,Matt Mortensen,M,32,183.0,85.0,,,2018 Winter,2018,Winter,PyeongChang,Luge,"Luge Team Relay, Mixed",NA
1507128,Jayson Terdiman,M,29,170.0,71.0,,,2018 Winter,2018,Winter,PyeongChang,Luge,"Luge Team Relay, Mixed",NA
1507129,Andrea Vötter,F,22,168.0,73.0,,,2018 Winter,2018,Winter,PyeongChang,Luge,"Luge Team Relay, Mixed",NA
1507130,Dominik Fischnaller,M,24,182.0,86.0,,,2018 Winter,2018,Winter,PyeongChang,Luge,"Luge Team Relay, Mixed",NA
1507131,Ivan Nagler,M,19,185.0,82.0,,,2018 Winter,2018,Winter,PyeongChang,Luge,"Luge Team Relay, Mixed",NA
1507132,Fabian Malleier,M,20,176.0,76.0,,,2018 Winter,2018,Winter,PyeongChang,Luge,"Luge Team Relay, Mixed",NA
1507133,Ulla Zirne,F,22,172.0,67.0,,,2018 Winter,2018,Winter,PyeongChang,Luge,"Luge Team Relay, Mixed",NA
1507134,Kristers Aparjods,M,19,195.0,105.0,,,2018 Winter,2018,Winter,PyeongChang,Luge,"Luge Team Relay, Mixed",NA
1507135,Andris Šics,M,32,180.0,90.0,,,2018 Winter,2018,Winter,PyeongChang,Luge,"Luge Team Relay, Mixed",NA
1507136,Juris Šics,M,34,174.0,82.0,,,2018 Winter,2018,Winter,PyeongChang,Luge,"Luge Team Relay, Mixed",NA
1507137,Yekaterina Baturina,F,25,178.0,74.0,,,2018 Winter,2018,Winter,PyeongChang,Luge,"Luge Team Relay, Mixed",NA
1507138,Roman Repilov,M,21,185.0,90.0,,,2018 Winter,2018,Winter,PyeongChang,Luge,"Luge Team Relay, Mixed",NA
1507139,Aleksandr Denisyev,M,26,189.0,100.0,,,2018 Winter,2018,Winter,PyeongChang,Luge,"Luge Team Relay, Mixed",NA
1507140,Vladislav Antonov,M,26,179.0,80.0,,,2018 Winter,2018,Winter,PyeongChang,Luge,"Luge Team Relay, Mixed",NA
1507141,Ewa Kuls-Kusyk,F,26,177.0,63.0,,,2018 Winter,2018,Winter,PyeongChang,Luge,"Luge Team Relay, Mixed",NA
1507142,Maciej Kurowski,M,31,185.0,94.0,,,2018 Winter,2018,Winter,PyeongChang,Luge,"Luge Team Relay, Mixed",NA
1507143,Wojciech Chmielewski,M,22,184.0,92.0,,,2018 Winter,2018,Winter,PyeongChang,Luge,"Luge Team Relay, Mixed",NA
1507144,Kuba Kowalewski,M,23,172.0,72.0,,,2018 Winter,2018,Winter,PyeongChang,Luge,"Luge Team Relay, Mixed",NA
1507145,Aileen Frisch,F,25,175.0,69.0,,,2018 Winter,2018,Winter,PyeongChang,Luge,"Luge Team Relay, Mixed",NA
1507146,Im Nam-Gyu,M,28,180.0,83.0,,,2018 Winter,2018,Winter,PyeongChang,Luge,"Luge Team Relay, Mixed",NA
1507147,Park Jin-Yong,M,24,183.0,90.0,,,2018 Winter,2018,Winter,PyeongChang,Luge,"Luge Team Relay, Mixed",NA
1507148,Jo Jeong-Myeong,M,24,176.0,74.0,,,2018 Winter,2018,Winter,PyeongChang,Luge,"Luge Team Relay, Mixed",NA
1507149,Raluca Strămăturaru,F,32,172.0,78.0,,,2018 Winter,2018,Winter,PyeongChang,Luge,"Luge Team Relay, Mixed",NA
1507150,Valentin Crețu,M,28,180.0,88.0,,,2018 Winter,2018,Winter,PyeongChang,Luge,"Luge Team Relay, Mixed",NA
1507151,Cosmin Atodiresei,M,23,186.0,90.0,,,2018 Winter,2018,Winter,PyeongChang,Luge,"Luge Team Relay, Mixed",NA
1507152,Ștefan Musei,M,22,179.0,77.0,,,2018 Winter,2018,Winter,PyeongChang,Luge,"Luge Team Relay, Mixed",NA
1507153,Katarína Šimoňáková,F,20,171.0,70.0,,,2018 Winter,2018,Winter,PyeongChang,Luge,"Luge Team Relay, Mixed",NA
1507154,Jozef Ninis,M,36,182.0,90.0,,,2018 Winter,2018,Winter,PyeongChang,Luge,"Luge Team Relay, Mixed",NA
1507155,Marek Solčanský,M,25,182.0,78.0,,,2018 Winter,2018,Winter,PyeongChang,Luge,"Luge Team Relay, Mixed",NA
1507156,Karol Stuchlák,M,27,180.0,70.0,,,2018 Winter,2018,Winter,PyeongChang,Luge,"Luge Team Relay, Mixed",NA
1507157,Tereza Nosková,F,20,163.0,57.0,,,2018 Winter,2018,Winter,PyeongChang,Luge,"Luge Team Relay, Mixed",NA
1507158,Ondřej Hyman,M,31,189.0,85.0,,,2018 Winter,2018,Winter,PyeongChang,Luge,"Luge Team Relay, Mixed",NA
1507159,Lukáš Brož,M,32,186.0,97.0,,,2018 Winter,2018,Winter,PyeongChang,Luge,"Luge Team Relay, Mixed",NA
1507160,Antonín Brož,M,30,174.0,78.0,,,2018 Winter,2018,Winter,PyeongChang,Luge,"Luge Team Relay, Mixed",NA
1507161,Olena Shkhumova,F,24,178.0,90.0,,,2018 Winter,2018,Winter,PyeongChang,Luge,"Luge Team Relay, Mixed",NA
1507162,Anton Dukach,M,22,187.0,87.0,,,2018 Winter,2018,Winter,PyeongChang,Luge,"Luge Team Relay, Mixed",NA
1507163,Oleksandr Obolonchyk,M,26,192.0,87.0,,,2018 Winter,2018,Winter,PyeongChang,Luge,"Luge Team Relay, Mixed",NA
1507164,Roman Zakharkiv,M,27,176.0,87.0,,,2018 Winter,2018,Winter,PyeongChang,Luge,"Luge Team Relay, Mixed",NA
1507165,Johannes Ludwig,M,35,186.0,87.0,GER,GER,2022 Winter,2022,Winter,Beijing,Luge,"Luge Singles, Men",Gold
1507166,Wolfgang Kindl,M,33,166.0,78.0,AUT,AUT,2022 Winter,2022,Winter,Beijing,Luge,"Luge Singles, Men",Silver
1507167,Dominik Fischnaller,M,28,182.0,86.0,ITA,ITA,2022 Winter,2022,Winter,Beijing,Luge,"Luge Singles, Men",Bronze
1507168,Felix Loch,M,32,190.0,100.0,GER,GER,2022 Winter,2022,Winter,Beijing,Luge,"Luge Singles, Men",NA
1507169,Kristers Aparjods,M,23,195.0,105.0,LAT,LAT,2022 Winter,2022,Winter,Beijing,Luge,"Luge Singles, Men",NA
1507170,Max Langenhan,M,22,NA,NA,GER,GER,2022 Winter,2022,Winter,Beijing,Luge,"Luge Singles, Men",NA
1507171,Gints Bērziņš,M,19,NA,NA,LAT,LAT,2022 Winter,2022,Winter,Beijing,Luge,"Luge Singles, Men",NA
1507172,Chris Mazdzer,M,33,185.0,86.0,USA,USA,2022 Winter,2022,Winter,Beijing,Luge,"Luge Singles, Men",NA
1507173,Roman Repilov,M,25,185.0,90.0,ROC,ROC,2022 Winter,2022,Winter,Beijing,Luge,"Luge Singles, Men",NA
1507174,Semyon Pavlichenko,M,30,180.0,94.0,ROC,ROC,2022 Winter,2022,Winter,Beijing,Luge,"Luge Singles, Men",NA
1507175,Leon Felderer,M,22,NA,NA,ITA,ITA,2022 Winter,2022,Winter,Beijing,Luge,"Luge Singles, Men",NA
1507176,Nico Gleirscher,M,24,NA,NA,AUT,AUT,2022 Winter,2022,Winter,Beijing,Luge,"Luge Singles, Men",NA
1507177,Tucker West,M,26,185.0,86.0,USA,USA,2022 Winter,2022,Winter,Beijing,Luge,"Luge Singles, Men",NA
1507178,Aleksandr Gorbatsevich,M,27,NA,NA,ROC,ROC,2022 Winter,2022,Winter,Beijing,Luge,"Luge Singles, Men",NA
1507179,David Gleirscher,M,27,183.0,90.0,AUT,AUT,2022 Winter,2022,Winter,Beijing,Luge,"Luge Singles, Men",NA
1507180,Alex Ferlazzo,M,26,185.0,89.0,AUS,AUS,2022 Winter,2022,Winter,Beijing,Luge,"Luge Singles, Men",NA
1507181,Reid Watts,M,23,183.0,82.0,CAN,CAN,2022 Winter,2022,Winter,Beijing,Luge,"Luge Singles, Men",NA
1507182,Artūrs Dārznieks,M,28,188.0,80.0,LAT,LAT,2022 Winter,2022,Winter,Beijing,Luge,"Luge Singles, Men",NA
1507183,Jonathan Gustafson,M,24,NA,NA,USA,USA,2022 Winter,2022,Winter,Beijing,Luge,"Luge Singles, Men",NA
1507184,Svante Kohala,M,23,NA,NA,SWE,SWE,2022 Winter,2022,Winter,Beijing,Luge,"Luge Singles, Men",NA
1507185,Jozef Ninis,M,40,182.0,90.0,SVK,SVK,2022 Winter,2022,Winter,Beijing,Luge,"Luge Singles, Men",NA
1507186,Anton Dukach,M,26,187.0,87.0,UKR,UKR,2022 Winter,2022,Winter,Beijing,Luge,"Luge Singles, Men",NA
1507187,Rupert Staudinger,M,24,188.0,80.0,GBR,GBR,2022 Winter,2022,Winter,Beijing,Luge,"Luge Singles, Men",NA
1507188,Fan Duoyao,M,24,NA,NA,CHN,CHN,2022 Winter,2022,Winter,Beijing,Luge,"Luge Singles, Men",NA
1507189,Mateusz Sochowicz,M,25,184.0,84.0,POL,POL,2022 Winter,2022,Winter,Beijing,Luge,"Luge Singles, Men",NA
1507190,Marián Skupek,M,20,196.0,108.0,SVK,SVK,2022 Winter,2022,Winter,Beijing,Luge,"Luge Singles, Men",NA
1507191,Andriy Mandziy,M,33,188.0,102.0,UKR,UKR,2022 Winter,2022,Winter,Beijing,Luge,"Luge Singles, Men",NA
1507192,Pavel Angelov,M,30,169.0,82.0,BUL,BUL,2022 Winter,2022,Winter,Beijing,Luge,"Luge Singles, Men",NA
1507193,Valentin Crețu,M,32,180.0,88.0,ROU,ROU,2022 Winter,2022,Winter,Beijing,Luge,"Luge Singles, Men",NA
1507194,Michael Lejsek,M,23,NA,NA,CZE,CZE,2022 Winter,2022,Winter,Beijing,Luge,"Luge Singles, Men",NA
1507195,Saba Kumaritashvili,M,21,NA,NA,GEO,GEO,2022 Winter,2022,Winter,Beijing,Luge,"Luge Singles, Men",NA
1507196,Seiya Kobayashi,M,20,NA,NA,JPN,JPN,2022 Winter,2022,Winter,Beijing,Luge,"Luge Singles, Men",NA
1507197,Im Nam-Gyu,M,32,180.0,83.0,KOR,KOR,2022 Winter,2022,Winter,Beijing,Luge,"Luge Singles, Men",NA
1507198,Mirza Nikolajev,M,20,NA,NA,BIH,BIH,2022 Winter,2022,Winter,Beijing,Luge,"Luge Singles, Men",NA
1507199,Kevin Fischnaller,M,28,180.0,81.0,ITA,ITA,2022 Winter,2022,Winter,Beijing,Luge,"Luge Singles, Men",NA
1507200,Tobias Wendl,M,34,184.0,91.0,,,2022 Winter,2022,Winter,Beijing,Luge,"Luge Doubles, Men",NA
1507201,Tobias Arlt,M,34,178.0,77.0,,,2022 Winter,2022,Winter,Beijing,Luge,"Luge Doubles, Men",NA
1507202,Toni Eggert,M,33,191.0,88.0,,,2022 Winter,2022,Winter,Beijing,Luge,"Luge Doubles, Men",NA
1507203,Sascha Benecken,M,31,178.0,74.0,,,2022 Winter,2022,Winter,Beijing,Luge,"Luge Doubles, Men",NA
1507204,Thomas Steu,M,27,182.0,87.0,,,2022 Winter,2022,Winter,Beijing,Luge,"Luge Doubles, Men",NA
1507205,Lorenz Koller,M,27,174.0,75.0,,,2022 Winter,2022,Winter,Beijing,Luge,"Luge Doubles, Men",NA
1507206,Mārtiņš Bots,M,22,184.0,80.0,,,2022 Winter,2022,Winter,Beijing,Luge,"Luge Doubles, Men",NA
1507207,Roberts Plūme,M,21,182.0,74.0,,,2022 Winter,2022,Winter,Beijing,Luge,"Luge Doubles, Men",NA
1507208,Andris Šics,M,36,180.0,90.0,,,2022 Winter,2022,Winter,Beijing,Luge,"Luge Doubles, Men",NA
1507209,Juris Šics,M,38,174.0,82.0,,,2022 Winter,2022,Winter,Beijing,Luge,"Luge Doubles, Men",NA
1507210,Emanuel Rieder,M,28,179.0,89.0,,,2022 Winter,2022,Winter,Beijing,Luge,"Luge Doubles, Men",NA
1507211,Simon Kainzwaldner,M,27,NA,NA,,,2022 Winter,2022,Winter,Beijing,Luge,"Luge Doubles, Men",NA
1507212,Tristan Walker,M,30,185.0,88.0,,,2022 Winter,2022,Winter,Beijing,Luge,"Luge Doubles, Men",NA
1507213,Justin Snith,M,30,176.0,74.0,,,2022 Winter,2022,Winter,Beijing,Luge,"Luge Doubles, Men",NA
1507214,Aleksandr Denisyev,M,30,189.0,100.0,,,2022 Winter,2022,Winter,Beijing,Luge,"Luge Doubles, Men",NA
1507215,Vladislav Antonov,M,30,179.0,80.0,,,2022 Winter,2022,Winter,Beijing,Luge,"Luge Doubles, Men",NA
1507216,Wojciech Chmielewski,M,26,184.0,92.0,,,2022 Winter,2022,Winter,Beijing,Luge,"Luge Doubles, Men",NA
1507217,Kuba Kowalewski,M,27,172.0,72.0,,,2022 Winter,2022,Winter,Beijing,Luge,"Luge Doubles, Men",NA
1507218,Andrey Bogdanov,M,29,177.0,82.0,,,2022 Winter,2022,Winter,Beijing,Luge,"Luge Doubles, Men",NA
1507219,Yury Prokhorov,M,30,NA,NA,,,2022 Winter,2022,Winter,Beijing,Luge,"Luge Doubles, Men",NA
1507220,Zachary DiGregorio,M,20,NA,NA,,,2022 Winter,2022,Winter,Beijing,Luge,"Luge Doubles, Men",NA
1507221,Sean Hollander,M,21,NA,NA,,,2022 Winter,2022,Winter,Beijing,Luge,"Luge Doubles, Men",NA
1507222,Park Jin-Yong,M,28,183.0,90.0,,,2022 Winter,2022,Winter,Beijing,Luge,"Luge Doubles, Men",NA
1507223,Jo Jeong-Myeong,M,28,176.0,74.0,,,2022 Winter,2022,Winter,Beijing,Luge,"Luge Doubles, Men",NA
1507224,Tomáš Vaverčák,M,22,182.0,78.0,,,2022 Winter,2022,Winter,Beijing,Luge,"Luge Doubles, Men",NA
1507225,Matej Zmij,M,22,173.0,78.0,,,2022 Winter,2022,Winter,Beijing,Luge,"Luge Doubles, Men",NA
1507226,Marian Gîtlan,M,24,185.0,90.0,,,2022 Winter,2022,Winter,Beijing,Luge,"Luge Doubles, Men",NA
1507227,Darius Șerban,M,19,NA,NA,,,2022 Winter,2022,Winter,Beijing,Luge,"Luge Doubles, Men",NA
1507228,Ihor Stakhiv,M,22,NA,NA,,,2022 Winter,2022,Winter,Beijing,Luge,"Luge Doubles, Men",NA
1507229,Andriy Lysetskyi,M,23,NA,NA,,,2022 Winter,2022,Winter,Beijing,Luge,"Luge Doubles, Men",NA
1507230,Filip Vejdělek,M,23,NA,NA,,,2022 Winter,2022,Winter,Beijing,Luge,"Luge Doubles, Men",NA
1507231,Zdeněk Pěkný,M,20,NA,NA,,,2022 Winter,2022,Winter,Beijing,Luge,"Luge Doubles, Men",NA
1507232,Huang Yebo,M,25,NA,NA,,,2022 Winter,2022,Winter,Beijing,Luge,"Luge Doubles, Men",NA
1507233,Peng Junyue,M,21,NA,NA,,,2022 Winter,2022,Winter,Beijing,Luge,"Luge Doubles, Men",NA
1507234,Natalie Geisenberger,F,33,183.0,80.0,GER,GER,2022 Winter,2022,Winter,Beijing,Luge,"Luge Singles, Women",Gold
1507235,Anna Berreiter,F,22,NA,NA,GER,GER,2022 Winter,2022,Winter,Beijing,Luge,"Luge Singles, Women",Silver
1507236,Tatyana Ivanova,F,30,173.0,70.0,ROC,ROC,2022 Winter,2022,Winter,Beijing,Luge,"Luge Singles, Women",Bronze
1507237,Madeleine Egle,F,23,185.0,68.0,AUT,AUT,2022 Winter,2022,Winter,Beijing,Luge,"Luge Singles, Women",NA
1507238,Hannah Prock,F,21,170.0,64.0,AUT,AUT,2022 Winter,2022,Winter,Beijing,Luge,"Luge Singles, Women",NA
1507239,Lisa Schulte,F,21,NA,NA,AUT,AUT,2022 Winter,2022,Winter,Beijing,Luge,"Luge Singles, Women",NA
1507240,Julia Taubitz,F,25,NA,NA,GER,GER,2022 Winter,2022,Winter,Beijing,Luge,"Luge Singles, Women",NA
1507241,Elīza Cauce,F,31,170.0,72.0,LAT,LAT,2022 Winter,2022,Winter,Beijing,Luge,"Luge Singles, Women",NA
1507242,Natalie Maag,F,24,NA,NA,SUI,SUI,2022 Winter,2022,Winter,Beijing,Luge,"Luge Singles, Women",NA
1507243,Andrea Vötter,F,26,168.0,73.0,ITA,ITA,2022 Winter,2022,Winter,Beijing,Luge,"Luge Singles, Women",NA
1507244,Kendija Aparjode,F,25,179.0,75.0,LAT,LAT,2022 Winter,2022,Winter,Beijing,Luge,"Luge Singles, Women",NA
1507245,Ashley Farquharson,F,22,NA,NA,USA,USA,2022 Winter,2022,Winter,Beijing,Luge,"Luge Singles, Women",NA
1507246,Verena Hofer,F,20,NA,NA,ITA,ITA,2022 Winter,2022,Winter,Beijing,Luge,"Luge Singles, Women",NA
1507247,Trinity Ellis,F,19,NA,NA,CAN,CAN,2022 Winter,2022,Winter,Beijing,Luge,"Luge Singles, Women",NA
1507248,Nina Zöggeler,F,20,NA,NA,ITA,ITA,2022 Winter,2022,Winter,Beijing,Luge,"Luge Singles, Women",NA
1507249,Natalie Corless,F,18,NA,NA,CAN,CAN,2022 Winter,2022,Winter,Beijing,Luge,"Luge Singles, Women",NA
1507250,Makena Hodgson,F,21,NA,NA,CAN,CAN,2022 Winter,2022,Winter,Beijing,Luge,"Luge Singles, Women",NA
1507251,Elīna Vītola,F,21,NA,NA,LAT,LAT,2022 Winter,2022,Winter,Beijing,Luge,"Luge Singles, Women",NA
1507252,Aileen Frisch,F,29,175.0,69.0,KOR,KOR,2022 Winter,2022,Winter,Beijing,Luge,"Luge Singles, Women",NA
1507253,Tove Kohala,F,21,NA,NA,SWE,SWE,2022 Winter,2022,Winter,Beijing,Luge,"Luge Singles, Women",NA
1507254,Yulianna Tunytska,F,18,171.0,70.0,UKR,UKR,2022 Winter,2022,Winter,Beijing,Luge,"Luge Singles, Women",NA
1507255,Olena Stetskiv,F,27,174.0,71.0,UKR,UKR,2022 Winter,2022,Winter,Beijing,Luge,"Luge Singles, Women",NA
1507256,Summer Britcher,F,27,180.0,77.0,USA,USA,2022 Winter,2022,Winter,Beijing,Luge,"Luge Singles, Women",NA
1507257,Verónica Ravenna,F,23,160.0,61.0,ARG,ARG,2022 Winter,2022,Winter,Beijing,Luge,"Luge Singles, Women",NA
1507258,Katarína Šimoňáková,F,24,171.0,70.0,SVK,SVK,2022 Winter,2022,Winter,Beijing,Luge,"Luge Singles, Women",NA
1507259,Emily Sweeney,F,28,165.0,67.0,USA,USA,2022 Winter,2022,Winter,Beijing,Luge,"Luge Singles, Women",NA
1507260,Klaudia Domaradzka,F,21,NA,NA,POL,POL,2022 Winter,2022,Winter,Beijing,Luge,"Luge Singles, Women",NA
1507261,Viktoriya Demchenko,F,26,NA,NA,ROC,ROC,2022 Winter,2022,Winter,Beijing,Luge,"Luge Singles, Women",NA
1507262,Wang Peixuan,F,21,NA,NA,CHN,CHN,2022 Winter,2022,Winter,Beijing,Luge,"Luge Singles, Women",NA
1507263,Anna Čežíková,F,19,NA,NA,CZE,CZE,2022 Winter,2022,Winter,Beijing,Luge,"Luge Singles, Women",NA
1507264,Lin Sin-Rong,F,23,NA,NA,TPE,TPE,2022 Winter,2022,Winter,Beijing,Luge,"Luge Singles, Women",NA
1507265,Doina Descalui,F,22,NA,NA,MDA,MDA,2022 Winter,2022,Winter,Beijing,Luge,"Luge Singles, Women",NA
1507266,Elsa Desmond,F,24,NA,NA,IRL,IRL,2022 Winter,2022,Winter,Beijing,Luge,"Luge Singles, Women",NA
1507267,Raluca Strămăturaru,F,36,172.0,78.0,ROU,ROU,2022 Winter,2022,Winter,Beijing,Luge,"Luge Singles, Women",NA
1507268,Yekaterina Katnikova,F,27,NA,NA,ROC,ROC,2022 Winter,2022,Winter,Beijing,Luge,"Luge Singles, Women",NA
1507269,Natalie Geisenberger,F,33,183.0,80.0,,,2022 Winter,2022,Winter,Beijing,Luge,"Luge Team Relay, Mixed",NA
1507270,Johannes Ludwig,M,35,186.0,87.0,,,2022 Winter,2022,Winter,Beijing,Luge,"Luge Team Relay, Mixed",NA
1507271,Tobias Wendl,M,34,184.0,91.0,,,2022 Winter,2022,Winter,Beijing,Luge,"Luge Team Relay, Mixed",NA
1507272,Tobias Arlt,M,34,178.0,77.0,,,2022 Winter,2022,Winter,Beijing,Luge,"Luge Team Relay, Mixed",NA
1507273,Madeleine Egle,F,23,185.0,68.0,,,2022 Winter,2022,Winter,Beijing,Luge,"Luge Team Relay, Mixed",NA
1507274,Wolfgang Kindl,M,33,166.0,78.0,,,2022 Winter,2022,Winter,Beijing,Luge,"Luge Team Relay, Mixed",NA
1507275,Thomas Steu,M,27,182.0,87.0,,,2022 Winter,2022,Winter,Beijing,Luge,"Luge Team Relay, Mixed",NA
1507276,Lorenz Koller,M,27,174.0,75.0,,,2022 Winter,2022,Winter,Beijing,Luge,"Luge Team Relay, Mixed",NA
1507277,Elīza Cauce,F,31,170.0,72.0,,,2022 Winter,2022,Winter,Beijing,Luge,"Luge Team Relay, Mixed",NA
1507278,Kristers Aparjods,M,23,195.0,105.0,,,2022 Winter,2022,Winter,Beijing,Luge,"Luge Team Relay, Mixed",NA
1507279,Mārtiņš Bots,M,22,184.0,80.0,,,2022 Winter,2022,Winter,Beijing,Luge,"Luge Team Relay, Mixed",NA
1507280,Roberts Plūme,M,21,182.0,74.0,,,2022 Winter,2022,Winter,Beijing,Luge,"Luge Team Relay, Mixed",NA
1507281,Tatyana Ivanova,F,30,173.0,70.0,,,2022 Winter,2022,Winter,Beijing,Luge,"Luge Team Relay, Mixed",NA
1507282,Roman Repilov,M,25,185.0,90.0,,,2022 Winter,2022,Winter,Beijing,Luge,"Luge Team Relay, Mixed",NA
1507283,Aleksandr Denisyev,M,30,189.0,100.0,,,2022 Winter,2022,Winter,Beijing,Luge,"Luge Team Relay, Mixed",NA
1507284,Vladislav Antonov,M,30,179.0,80.0,,,2022 Winter,2022,Winter,Beijing,Luge,"Luge Team Relay, Mixed",NA
1507285,Andrea Vötter,F,26,168.0,73.0,,,2022 Winter,2022,Winter,Beijing,Luge,"Luge Team Relay, Mixed",NA
1507286,Leon Felderer,M,22,NA,NA,,,2022 Winter,2022,Winter,Beijing,Luge,"Luge Team Relay, Mixed",NA
1507287,Emanuel Rieder,M,28,179.0,89.0,,,2022 Winter,2022,Winter,Beijing,Luge,"Luge Team Relay, Mixed",NA
1507288,Simon Kainzwaldner,M,27,NA,NA,,,2022 Winter,2022,Winter,Beijing,Luge,"Luge Team Relay, Mixed",NA
1507289,Trinity Ellis,F,19,NA,NA,,,2022 Winter,2022,Winter,Beijing,Luge,"Luge Team Relay, Mixed",NA
1507290,Reid Watts,M,23,183.0,82.0,,,2022 Winter,2022,Winter,Beijing,Luge,"Luge Team Relay, Mixed",NA
1507291,Tristan Walker,M,30,185.0,88.0,,,2022 Winter,2022,Winter,Beijing,Luge,"Luge Team Relay, Mixed",NA
1507292,Justin Snith,M,30,176.0,74.0,,,2022 Winter,2022,Winter,Beijing,Luge,"Luge Team Relay, Mixed",NA
1507293,Ashley Farquharson,F,22,NA,NA,,,2022 Winter,2022,Winter,Beijing,Luge,"Luge Team Relay, Mixed",NA
1507294,Chris Mazdzer,M,33,185.0,86.0,,,2022 Winter,2022,Winter,Beijing,Luge,"Luge Team Relay, Mixed",NA
1507295,Zachary DiGregorio,M,20,NA,NA,,,2022 Winter,2022,Winter,Beijing,Luge,"Luge Team Relay, Mixed",NA
1507296,Sean Hollander,M,21,NA,NA,,,2022 Winter,2022,Winter,Beijing,Luge,"Luge Team Relay, Mixed",NA
1507297,Klaudia Domaradzka,F,21,NA,NA,,,2022 Winter,2022,Winter,Beijing,Luge,"Luge Team Relay, Mixed",NA
1507298,Mateusz Sochowicz,M,25,184.0,84.0,,,2022 Winter,2022,Winter,Beijing,Luge,"Luge Team Relay, Mixed",NA
1507299,Wojciech Chmielewski,M,26,184.0,92.0,,,2022 Winter,2022,Winter,Beijing,Luge,"Luge Team Relay, Mixed",NA
1507300,Kuba Kowalewski,M,27,172.0,72.0,,,2022 Winter,2022,Winter,Beijing,Luge,"Luge Team Relay, Mixed",NA
1507301,Raluca Strămăturaru,F,36,172.0,78.0,,,2022 Winter,2022,Winter,Beijing,Luge,"Luge Team Relay, Mixed",NA
1507302,Valentin Crețu,M,32,180.0,88.0,,,2022 Winter,2022,Winter,Beijing,Luge,"Luge Team Relay, Mixed",NA
1507303,Marian Gîtlan,M,24,185.0,90.0,,,2022 Winter,2022,Winter,Beijing,Luge,"Luge Team Relay, Mixed",NA
1507304,Darius Șerban,M,19,NA,NA,,,2022 Winter,2022,Winter,Beijing,Luge,"Luge Team Relay, Mixed",NA
1507305,Anna Čežíková,F,19,NA,NA,,,2022 Winter,2022,Winter,Beijing,Luge,"Luge Team Relay, Mixed",NA
1507306,Michael Lejsek,M,23,NA,NA,,,2022 Winter,2022,Winter,Beijing,Luge,"Luge Team Relay, Mixed",NA
1507307,Filip Vejdělek,M,23,NA,NA,,,2022 Winter,2022,Winter,Beijing,Luge,"Luge Team Relay, Mixed",NA
1507308,Zdeněk Pěkný,M,20,NA,NA,,,2022 Winter,2022,Winter,Beijing,Luge,"Luge Team Relay, Mixed",NA
1507309,Yulianna Tunytska,F,18,171.0,70.0,,,2022 Winter,2022,Winter,Beijing,Luge,"Luge Team Relay, Mixed",NA
1507310,Anton Dukach,M,26,187.0,87.0,,,2022 Winter,2022,Winter,Beijing,Luge,"Luge Team Relay, Mixed",NA
1507311,Ihor Stakhiv,M,22,NA,NA,,,2022 Winter,2022,Winter,Beijing,Luge,"Luge Team Relay, Mixed",NA
1507312,Andriy Lysetskyi,M,23,NA,NA,,,2022 Winter,2022,Winter,Beijing,Luge,"Luge Team Relay, Mixed",NA
1507313,Wang Peixuan,F,21,NA,NA,,,2022 Winter,2022,Winter,Beijing,Luge,"Luge Team Relay, Mixed",NA
1507314,Fan Duoyao,M,24,NA,NA,,,2022 Winter,2022,Winter,Beijing,Luge,"Luge Team Relay, Mixed",NA
1507315,Huang Yebo,M,25,NA,NA,,,2022 Winter,2022,Winter,Beijing,Luge,"Luge Team Relay, Mixed",NA
1507316,Peng Junyue,M,21,NA,NA,,,2022 Winter,2022,Winter,Beijing,Luge,"Luge Team Relay, Mixed",NA
1507317,Aileen Frisch,F,29,175.0,69.0,,,2022 Winter,2022,Winter,Beijing,Luge,"Luge Team Relay, Mixed",NA
1507318,Im Nam-Gyu,M,32,180.0,83.0,,,2022 Winter,2022,Winter,Beijing,Luge,"Luge Team Relay, Mixed",NA
1507319,Park Jin-Yong,M,28,183.0,90.0,,,2022 Winter,2022,Winter,Beijing,Luge,"Luge Team Relay, Mixed",NA
1507320,Jo Jeong-Myeong,M,28,176.0,74.0,,,2022 Winter,2022,Winter,Beijing,Luge,"Luge Team Relay, Mixed",NA
1507321,Katarína Šimoňáková,F,24,171.0,70.0,,,2022 Winter,2022,Winter,Beijing,Luge,"Luge Team Relay, Mixed",NA
1507322,Jozef Ninis,M,40,182.0,90.0,,,2022 Winter,2022,Winter,Beijing,Luge,"Luge Team Relay, Mixed",NA
1507323,Tomáš Vaverčák,M,22,182.0,78.0,,,2022 Winter,2022,Winter,Beijing,Luge,"Luge Team Relay, Mixed",NA
1507324,Matej Zmij,M,22,173.0,78.0,,,2022 Winter,2022,Winter,Beijing,Luge,"Luge Team Relay, Mixed",NA
