ID,Name,Sex,Age,Height,Weight,Team,NOC,Games,Year,Season,City,Sport,Event,Medal
1900000,Yuzuru Hanyu,M,NA,NA,NA,JPN,JPN,2018 Winter,2018,Winter,PyeongChang,Figure Skating,"Figure Skating Singles, Men",Gold
1900001,Shoma Uno,M,NA,NA,NA,JPN,JPN,2018 Winter,2018,Winter,PyeongChang,Figure Skating,"Figure Skating Singles, Men",Silver
1900002,Javier Fernández,M,NA,NA,NA,ESP,ESP,2018 Winter,2018,Winter,PyeongChang,Figure Skating,"Figure Skating Singles, Men",Bronze
1900003,Jin Boyang,M,NA,NA,NA,CHN,CHN,2018 Winter,2018,Winter,PyeongChang,Figure Skating,"Figure Skating Singles, Men",NA
1900004,Nathan Chen,M,NA,NA,NA,USA,USA,2018 Winter,2018,Winter,PyeongChang,Figure Skating,"Figure Skating Singles, Men",NA
1900005,Vincent Zhou,M,NA,NA,NA,USA,USA,2018 Winter,2018,Winter,PyeongChang,Figure Skating,"Figure Skating Singles, Men",NA
1900006,Dmitry Aliyev,M,NA,NA,NA,ROC,ROC,2018 Winter,2018,Winter,PyeongChang,Figure Skating,"Figure Skating Singles, Men",NA
1900007,Mikhail Kolyada,M,NA,NA,NA,ROC,ROC,2018 Winter,2018,Winter,PyeongChang,Figure Skating,"Figure Skating Singles, Men",NA
1900008,Patrick Chan,M,NA,NA,NA,CAN,CAN,2018 Winter,2018,Winter,PyeongChang,Figure Skating,"Figure Skating Singles, Men",NA
1900009,Adam Rippon,M,NA,NA,NA,USA,USA,2018 Winter,2018,Winter,PyeongChang,Figure Skating,"Figure Skating Singles, Men",NA
1900010,Alexei Bychenko,M,NA,NA,NA,ISR,ISR,2018 Winter,2018,Winter,PyeongChang,Figure Skating,"Figure Skating Singles, Men",NA
1900011,Keegan Messing,M,NA,NA,NA,CAN,CAN,2018 Winter,2018,Winter,PyeongChang,Figure Skating,"Figure Skating Singles, Men",NA
1900012,Daniel Samohin,M,NA,NA,NA,ISR,ISR,2018 Winter,2018,Winter,PyeongChang,Figure Skating,"Figure Skating Singles, Men",NA
1900013,Jorik Hendrickx,M,NA,NA,NA,BEL,BEL,2018 Winter,2018,Winter,PyeongChang,Figure Skating,"Figure Skating Singles, Men",NA
1900014,Cha Jun-Hwan,M,NA,NA,NA,KOR,KOR,2018 Winter,2018,Winter,PyeongChang,Figure Skating,"Figure Skating Singles, Men",NA
1900015,Michal Březina,M,NA,NA,NA,CZE,CZE,2018 Winter,2018,Winter,PyeongChang,Figure Skating,"Figure Skating Singles, Men",NA
1900016,Misha Ge,M,NA,NA,NA,UZB,UZB,2018 Winter,2018,Winter,PyeongChang,Figure Skating,"Figure Skating Singles, Men",NA
1900017,Keiji Tanaka,M,NA,NA,NA,JPN,JPN,2018 Winter,2018,Winter,PyeongChang,Figure Skating,"Figure Skating Singles, Men",NA
1900018,Deniss Vasiļjevs,M,NA,NA,NA,LAT,LAT,2018 Winter,2018,Winter,PyeongChang,Figure Skating,"Figure Skating Singles, Men",NA
1900019,Brendan Kerry,M,NA,NA,NA,AUS,AUS,2018 Winter,2018,Winter,PyeongChang,Figure Skating,"Figure Skating Singles, Men",NA
1900020,Matteo Rizzo,M,NA,NA,NA,ITA,ITA,2018 Winter,2018,Winter,PyeongChang,Figure Skating,"Figure Skating Singles, Men",NA
1900021,Paul Fentz,M,NA,NA,NA,GER,GER,2018 Winter,2018,Winter,PyeongChang,Figure Skating,"Figure Skating Singles, Men",NA
1900022,Yan Han,M,NA,NA,NA,CHN,CHN,2018 Winter,2018,Winter,PyeongChang,Figure Skating,"Figure Skating Singles, Men",NA
1900023,Morisi Kvitelashvili,M,NA,NA,NA,GEO,GEO,2018 Winter,2018,Winter,PyeongChang,Figure Skating,"Figure Skating Singles, Men",NA
1900024,Julian Yee,M,NA,NA,NA,MAS,MAS,2018 Winter,2018,Winter,PyeongChang,Figure Skating,"Figure Skating Singles, Men",NA
1900025,Chafik Besseghier,M,NA,NA,NA,FRA,FRA,2018 Winter,2018,Winter,PyeongChang,Figure Skating,"Figure Skating Singles, Men",NA
1900026,Denis Ten,M,NA,NA,NA,KAZ,KAZ,2018 Winter,2018,Winter,PyeongChang,Figure Skating,"Figure Skating Singles, Men",NA
1900027,Michael Christian Martinez,M,NA,NA,NA,PHI,PHI,2018 Winter,2018,Winter,PyeongChang,Figure Skating,"Figure Skating Singles, Men",NA
1900028,Felipe Montoya,M,NA,NA,NA,ESP,ESP,2018 Winter,2018,Winter,PyeongChang,Figure Skating,"Figure Skating Singles, Men",NA
1900029,Yaroslav Paniot,M,NA,NA,NA,UKR,UKR,2018 Winter,2018,Winter,PyeongChang,Figure Skating,"Figure Skating Singles, Men",NA
1900030,Alina Zagitova,F,NA,NA,NA,ROC,ROC,2018 Winter,2018,Winter,PyeongChang,Figure Skating,"Figure Skating Singles, Women",Gold
1900031,Yevgeniya Medvedeva,F,NA,NA,NA,ROC,ROC,2018 Winter,2018,Winter,PyeongChang,Figure Skating,"Figure Skating Singles, Women",Silver
1900032,Kaetlyn Osmond,F,NA,NA,NA,CAN,CAN,2018 Winter,2018,Winter,PyeongChang,Figure Skating,"Figure Skating Singles, Women",Bronze
1900033,Satoko Miyahara,F,NA,NA,NA,JPN,JPN,2018 Winter,2018,Winter,PyeongChang,Figure Skating,"Figure Skating Singles, Women",NA
1900034,Carolina Kostner,F,NA,NA,NA,ITA,ITA,2018 Winter,2018,Winter,PyeongChang,Figure Skating,"Figure Skating Singles, Women",NA
1900035,Kaori Sakamoto,F,NA,NA,NA,JPN,JPN,2018 Winter,2018,Winter,PyeongChang,Figure Skating,"Figure Skating Singles, Women",NA
1900036,Choi Da-Bin,F,NA,NA,NA,KOR,KOR,2018 Winter,2018,Winter,PyeongChang,Figure Skating,"Figure Skating Singles, Women",NA
1900037,Mariya Sotskova,F,NA,NA,NA,ROC,ROC,2018 Winter,2018,Winter,PyeongChang,Figure Skating,"Figure Skating Singles, Women",NA
1900038,Bradie Tennell,F,NA,NA,NA,USA,USA,2018 Winter,2018,Winter,PyeongChang,Figure Skating,"Figure Skating Singles, Women",NA
1900039,Mirai Nagasu,F,NA,NA,NA,USA,USA,2018 Winter,2018,Winter,PyeongChang,Figure Skating,"Figure Skating Singles, Women",NA
1900040,Karen Chen,F,NA,NA,NA,USA,USA,2018 Winter,2018,Winter,PyeongChang,Figure Skating,"Figure Skating Singles, Women",NA
1900041,Elizabet Tursynbaeva,F,NA,NA,NA,KAZ,KAZ,2018 Winter,2018,Winter,PyeongChang,Figure Skating,"Figure Skating Singles, Women",NA
1900042,Kim Ha-Neul,F,NA,NA,NA,KOR,KOR,2018 Winter,2018,Winter,PyeongChang,Figure Skating,"Figure Skating Singles, Women",NA
1900043,Nicole Rajičová,F,NA,NA,NA,SVK,SVK,2018 Winter,2018,Winter,PyeongChang,Figure Skating,"Figure Skating Singles, Women",NA
1900044,Gabrielle Daleman,F,NA,NA,NA,CAN,CAN,2018 Winter,2018,Winter,PyeongChang,Figure Skating,"Figure Skating Singles, Women",NA
1900045,Loena Hendrickx,F,NA,NA,NA,BEL,BEL,2018 Winter,2018,Winter,PyeongChang,Figure Skating,"Figure Skating Singles, Women",NA
1900046,Kailani Craine,F,NA,NA,NA,AUS,AUS,2018 Winter,2018,Winter,PyeongChang,Figure Skating,"Figure Skating Singles, Women",NA
1900047,Nicole Schott,F,NA,NA,NA,GER,GER,2018 Winter,2018,Winter,PyeongChang,Figure Skating,"Figure Skating Singles, Women",NA
1900048,Maé-Bérénice Meité,F,NA,NA,NA,FRA,FRA,2018 Winter,2018,Winter,PyeongChang,Figure Skating,"Figure Skating Singles, Women",NA
1900049,Emmi Peltonen,F,NA,NA,NA,FIN,FIN,2018 Winter,2018,Winter,PyeongChang,Figure Skating,"Figure Skating Singles, Women",NA
1900050,Alexia Paganini,F,NA,NA,NA,SUI,SUI,2018 Winter,2018,Winter,PyeongChang,Figure Skating,"Figure Skating Singles, Women",NA
1900051,Li Xiangning,F,NA,NA,NA,CHN,CHN,2018 Winter,2018,Winter,PyeongChang,Figure Skating,"Figure Skating Singles, Women",NA
1900052,Ivett Tóth,F,NA,NA,NA,HUN,HUN,2018 Winter,2018,Winter,PyeongChang,Figure Skating,"Figure Skating Singles, Women",NA
1900053,Isadora Williams,F,NA,NA,NA,BRA,BRA,2018 Winter,2018,Winter,PyeongChang,Figure Skating,"Figure Skating Singles, Women",NA
1900054,Larkyn Austman,F,NA,NA,NA,CAN,CAN,2018 Winter,2018,Winter,PyeongChang,Figure Skating,"Figure Skating Singles, Women",NA
1900055,Diāna Ņikitina,F,NA,NA,NA,LAT,LAT,2018 Winter,2018,Winter,PyeongChang,Figure Skating,"Figure Skating Singles, Women",NA
1900056,Giada Russo,F,NA,NA,NA,ITA,ITA,2018 Winter,2018,Winter,PyeongChang,Figure Skating,"Figure Skating Singles, Women",NA
1900057,Anita Östlund,F,NA,NA,NA,SWE,SWE,2018 Winter,2018,Winter,PyeongChang,Figure Skating,"Figure Skating Singles, Women",NA
1900058,Anya Khnychenkova,F,NA,NA,NA,UKR,UKR,2018 Winter,2018,Winter,PyeongChang,Figure Skating,"Figure Skating Singles, Women",NA
1900059,Ayza Mambekova,F,NA,NA,NA,KAZ,KAZ,2018 Winter,2018,Winter,PyeongChang,Figure Skating,"Figure Skating Singles, Women",NA
1900060,Aljona Sawtchenko,M,NA,NA,NA,,,2018 Winter,2018,Winter,PyeongChang,Figure Skating,"Figure Skating Pairs, Mixed",NA
1900061,Bruno Massot,M,NA,NA,NA,,,2018 Winter,2018,Winter,PyeongChang,Figure Skating,"Figure Skating Pairs, Mixed",NA
1900062,Sui Wenjing,M,NA,NA,NA,,,2018 Winter,2018,Winter,PyeongChang,Figure Skating,"Figure Skating Pairs, Mixed",NA
1900063,Han Cong,M,NA,NA,NA,,,2018 Winter,2018,Winter,PyeongChang,Figure Skating,"Figure Skating Pairs, Mixed",NA
1900064,Meagan Duhamel,M,NA,NA,NA,,,2018 Winter,2018,Winter,PyeongChang,Figure Skating,"Figure Skating Pairs, Mixed",NA
1900065,Eric Radford,M,NA,NA,NA,,,2018 Winter,2018,Winter,PyeongChang,Figure Skating,"Figure Skating Pairs, Mixed",NA
1900066,Yevgeniya Tarasova,M,NA,NA,NA,,,2018 Winter,2018,Winter,PyeongChang,Figure Skating,"Figure Skating Pairs, Mixed",NA
1900067,Vladimir Morozov,M,NA,NA,NA,,,2018 Winter,2018,Winter,PyeongChang,Figure Skating,"Figure Skating Pairs, Mixed",NA
1900068,Vanessa James,M,NA,NA,NA,,,2018 Winter,2018,Winter,PyeongChang,Figure Skating,"Figure Skating Pairs, Mixed",NA
1900069,Morgan Ciprès,M,NA,NA,NA,,,2018 Winter,2018,Winter,PyeongChang,Figure Skating,"Figure Skating Pairs, Mixed",NA
1900070,Valentina Marchei,M,NA,NA,NA,,,2018 Winter,2018,Winter,PyeongChang,Figure Skating,"Figure Skating Pairs, Mixed",NA
1900071,Ondřej Hotárek,M,NA,NA,NA,,,2018 Winter,2018,Winter,PyeongChang,Figure Skating,"Figure Skating Pairs, Mixed",NA
1900072,Nataliya Zabiyako,M,NA,NA,NA,,,2018 Winter,2018,Winter,PyeongChang,Figure Skating,"Figure Skating Pairs, Mixed",NA
1900073,Aleksandr Enbert,M,NA,NA,NA,,,2018 Winter,2018,Winter,PyeongChang,Figure Skating,"Figure Skating Pairs, Mixed",NA
1900074,Yu Xiaoyu,M,NA,NA,NA,,,2018 Winter,2018,Winter,PyeongChang,Figure Skating,"Figure Skating Pairs, Mixed",NA
1900075,Zhang Hao,M,NA,NA,NA,,,2018 Winter,2018,Winter,PyeongChang,Figure Skating,"Figure Skating Pairs, Mixed",NA
1900076,Julianne Séguin,M,NA,NA,NA,,,2018 Winter,2018,Winter,PyeongChang,Figure Skating,"Figure Skating Pairs, Mixed",NA
1900077,Charlie Bilodeau,M,NA,NA,NA,,,2018 Winter,2018,Winter,PyeongChang,Figure Skating,"Figure Skating Pairs, Mixed",NA
1900078,Nicole Della Monica,M,NA,NA,NA,,,2018 Winter,2018,Winter,PyeongChang,Figure Skating,"Figure Skating Pairs, Mixed",NA
1900079,Matteo Guarise,M,NA,NA,NA,,,2018 Winter,2018,Winter,PyeongChang,Figure Skating,"Figure Skating Pairs, Mixed",NA
1900080,Kirsten Moore-Towers,M,NA,NA,NA,,,2018 Winter,2018,Winter,PyeongChang,Figure Skating,"Figure Skating Pairs, Mixed",NA
1900081,Michael Marinaro,M,NA,NA,NA,,,2018 Winter,2018,Winter,PyeongChang,Figure Skating,"Figure Skating Pairs, Mixed",NA
1900082,Kristina Astakhova,M,NA,NA,NA,,,2018 Winter,2018,Winter,PyeongChang,Figure Skating,"Figure Skating Pairs, Mixed",NA
1900083,Aleksey Rogonov,M,NA,NA,NA,,,2018 Winter,2018,Winter,PyeongChang,Figure Skating,"Figure Skating Pairs, Mixed",NA
1900084,Ryom Tae-Ok,M,NA,NA,NA,,,2018 Winter,2018,Winter,PyeongChang,Figure Skating,"Figure Skating Pairs, Mixed",NA
1900085,Kim Ju-Sik,M,NA,NA,NA,,,2018 Winter,2018,Winter,PyeongChang,Figure Skating,"Figure Skating Pairs, Mixed",NA
1900086,Anna Dušková,M,NA,NA,NA,,,2018 Winter,2018,Winter,PyeongChang,Figure Skating,"Figure Skating Pairs, Mixed",NA
1900087,Martin Bidař,M,NA,NA,NA,,,2018 Winter,2018,Winter,PyeongChang,Figure Skating,"Figure Skating Pairs, Mixed",NA
1900088,Alexa Scimeca Knierim,M,NA,NA,NA,,,2018 Winter,2018,Winter,PyeongChang,Figure Skating,"Figure Skating Pairs, Mixed",NA
1900089,Chris Knierim,M,NA,NA,NA,,,2018 Winter,2018,Winter,PyeongChang,Figure Skating,"Figure Skating Pairs, Mixed",NA
1900090,Annika Hocke,M,NA,NA,NA,,,2018 Winter,2018,Winter,PyeongChang,Figure Skating,"Figure Skating Pairs, Mixed",NA
1900091,Ruben Blommaert,M,NA,NA,NA,,,2018 Winter,2018,Winter,PyeongChang,Figure Skating,"Figure Skating Pairs, Mixed",NA
1900092,Peng Cheng,M,NA,NA,NA,,,2018 Winter,2018,Winter,PyeongChang,Figure Skating,"Figure Skating Pairs, Mixed",NA
1900093,Jin Yang,M,NA,NA,NA,,,2018 Winter,2018,Winter,PyeongChang,Figure Skating,"Figure Skating Pairs, Mixed",NA
1900094,Ekaterina Alexandrovskaya,M,NA,NA,NA,,,2018 Winter,2018,Winter,PyeongChang,Figure Skating,"Figure Skating Pairs, Mixed",NA
1900095,Harley Windsor,M,NA,NA,NA,,,2018 Winter,2018,Winter,PyeongChang,Figure Skating,"Figure Skating Pairs, Mixed",NA
1900096,Paige Conners,M,NA,NA,NA,,,2018 Winter,2018,Winter,PyeongChang,Figure Skating,"Figure Skating Pairs, Mixed",NA
1900097,Evgeni Krasnopolski,M,NA,NA,NA,,,2018 Winter,2018,Winter,PyeongChang,Figure Skating,"Figure Skating Pairs, Mixed",NA
1900098,Miriam Ziegler,M,NA,NA,NA,,,2018 Winter,2018,Winter,PyeongChang,Figure Skating,"Figure Skating Pairs, Mixed",NA
1900099,Severin Kiefer,M,NA,NA,NA,,,2018 Winter,2018,Winter,PyeongChang,Figure Skating,"Figure Skating Pairs, Mixed",NA
1900100,Miu Suzaki,M,NA,NA,NA,,,2018 Winter,2018,Winter,PyeongChang,Figure Skating,"Figure Skating Pairs, Mixed",NA
1900101,Ryuichi Kihara,M,NA,NA,NA,,,2018 Winter,2018,Winter,PyeongChang,Figure Skating,"Figure Skating Pairs, Mixed",NA
1900102,Kim Gyu-Eun,M,NA,NA,NA,,,2018 Winter,2018,Winter,PyeongChang,Figure Skating,"Figure Skating Pairs, Mixed",NA
1900103,Alex Gam,M,NA,NA,NA,,,2018 Winter,2018,Winter,PyeongChang,Figure Skating,"Figure Skating Pairs, Mixed",NA
1900104,Tessa Virtue,M,NA,NA,NA,,,2018 Winter,2018,Winter,PyeongChang,Figure Skating,"Figure Skating Ice Dance, Mixed",NA
1900105,Scott Moir,M,NA,NA,NA,,,2018 Winter,2018,Winter,PyeongChang,Figure Skating,"Figure Skating Ice Dance, Mixed",NA
1900106,Gabriella Papadakis,M,NA,NA,NA,,,2018 Winter,2018,Winter,PyeongChang,Figure Skating,"Figure Skating Ice Dance, Mixed",NA
1900107,Guillaume Cizeron,M,NA,NA,NA,,,2018 Winter,2018,Winter,PyeongChang,Figure Skating,"Figure Skating Ice Dance, Mixed",NA
1900108,Maia Shibutani,M,NA,NA,NA,,,2018 Winter,2018,Winter,PyeongChang,Figure Skating,"Figure Skating Ice Dance, Mixed",NA
1900109,Alex Shibutani,M,NA,NA,NA,,,2018 Winter,2018,Winter,PyeongChang,Figure Skating,"Figure Skating Ice Dance, Mixed",NA
1900110,Madison Hubbell,M,NA,NA,NA,,,2018 Winter,2018,Winter,PyeongChang,Figure Skating,"Figure Skating Ice Dance, Mixed",NA
1900111,Zach Donohue,M,NA,NA,NA,,,2018 Winter,2018,Winter,PyeongChang,Figure Skating,"Figure Skating Ice Dance, Mixed",NA
1900112,Yekaterina Bobrova,M,NA,NA,NA,,,2018 Winter,2018,Winter,PyeongChang,Figure Skating,"Figure Skating Ice Dance, Mixed",NA
1900113,Dmitry Solovyov,M,NA,NA,NA,,,2018 Winter,2018,Winter,PyeongChang,Figure Skating,"Figure Skating Ice Dance, Mixed",NA
1900114,Anna Cappellini,M,NA,NA,NA,,,2018 Winter,2018,Winter,PyeongChang,Figure Skating,"Figure Skating Ice Dance, Mixed",NA
1900115,Luca Lanotte,M,NA,NA,NA,,,2018 Winter,2018,Winter,PyeongChang,Figure Skating,"Figure Skating Ice Dance, Mixed",NA
1900116,Kaitlyn Weaver,M,NA,NA,NA,,,2018 Winter,2018,Winter,PyeongChang,Figure Skating,"Figure Skating Ice Dance, Mixed",NA
1900117,Andrew Poje,M,NA,NA,NA,,,2018 Winter,2018,Winter,PyeongChang,Figure Skating,"Figure Skating Ice Dance, Mixed",NA
1900118,Piper Gilles,M,NA,NA,NA,,,2018 Winter,2018,Winter,PyeongChang,Figure Skating,"Figure Skating Ice Dance, Mixed",NA
1900119,Paul Poirier,M,NA,NA,NA,,,2018 Winter,2018,Winter,PyeongChang,Figure Skating,"Figure Skating Ice Dance, Mixed",NA
1900120,Madison Chock,M,NA,NA,NA,,,2018 Winter,2018,Winter,PyeongChang,Figure Skating,"Figure Skating Ice Dance, Mixed",NA
1900121,Evan Bates,M,NA,NA,NA,,,2018 Winter,2018,Winter,PyeongChang,Figure Skating,"Figure Skating Ice Dance, Mixed",NA
1900122,Charlène Guignard,M,NA,NA,NA,,,2018 Winter,2018,Winter,PyeongChang,Figure Skating,"Figure Skating Ice Dance, Mixed",NA
1900123,Marco Fabbri,M,NA,NA,NA,,,2018 Winter,2018,Winter,PyeongChang,Figure Skating,"Figure Skating Ice Dance, Mixed",NA
1900124,Penny Coomes,M,NA,NA,NA,,,2018 Winter,2018,Winter,PyeongChang,Figure Skating,"Figure Skating Ice Dance, Mixed",NA
1900125,Nick Buckland,M,NA,NA,NA,,,2018 Winter,2018,Winter,PyeongChang,Figure Skating,"Figure Skating Ice Dance, Mixed",NA
1900126,Sara Hurtado,M,NA,NA,NA,,,2018 Winter,2018,Winter,PyeongChang,Figure Skating,"Figure Skating Ice Dance, Mixed",NA
1900127,Kirill Khaliavin,M,NA,NA,NA,,,2018 Winter,2018,Winter,PyeongChang,Figure Skating,"Figure Skating Ice Dance, Mixed",NA
1900128,Tiffani Zagorski,M,NA,NA,NA,,,2018 Winter,2018,Winter,PyeongChang,Figure Skating,"Figure Skating Ice Dance, Mixed",NA
1900129,Dzhonatan Gureyro,M,NA,NA,NA,,,2018 Winter,2018,Winter,PyeongChang,Figure Skating,"Figure Skating Ice Dance, Mixed",NA
1900130,Natalia Kaliszek,M,NA,NA,NA,,,2018 Winter,2018,Winter,PyeongChang,Figure Skating,"Figure Skating Ice Dance, Mixed",NA
1900131,Maksym Spodyriew,M,NA,NA,NA,,,2018 Winter,2018,Winter,PyeongChang,Figure Skating,"Figure Skating Ice Dance, Mixed",NA
1900132,Kana Muramoto,M,NA,NA,NA,,,2018 Winter,2018,Winter,PyeongChang,Figure Skating,"Figure Skating Ice Dance, Mixed",NA
1900133,Chris Reed,M,NA,NA,NA,,,2018 Winter,2018,Winter,PyeongChang,Figure Skating,"Figure Skating Ice Dance, Mixed",NA
1900134,Kavita Lorenz,M,NA,NA,NA,,,2018 Winter,2018,Winter,PyeongChang,Figure Skating,"Figure Skating Ice Dance, Mixed",NA
1900135,Joti Polizoakis,M,NA,NA,NA,,,2018 Winter,2018,Winter,PyeongChang,Figure Skating,"Figure Skating Ice Dance, Mixed",NA
1900136,Marie-Jade Lauriault,M,NA,NA,NA,,,2018 Winter,2018,Winter,PyeongChang,Figure Skating,"Figure Skating Ice Dance, Mixed",NA
1900137,Romain Le Gac,M,NA,NA,NA,,,2018 Winter,2018,Winter,PyeongChang,Figure Skating,"Figure Skating Ice Dance, Mixed",NA
1900138,Min Yu-Ra,M,NA,NA,NA,,,2018 Winter,2018,Winter,PyeongChang,Figure Skating,"Figure Skating Ice Dance, Mixed",NA
1900139,Aleksandr Gamelin,M,NA,NA,NA,,,2018 Winter,2018,Winter,PyeongChang,Figure Skating,"Figure Skating Ice Dance, Mixed",NA
1900140,Alisa Agafonova,M,NA,NA,NA,,,2018 Winter,2018,Winter,PyeongChang,Figure Skating,"Figure Skating Ice Dance, Mixed",NA
1900141,Alper Uçar,M,NA,NA,NA,,,2018 Winter,2018,Winter,PyeongChang,Figure Skating,"Figure Skating Ice Dance, Mixed",NA
1900142,Lucie Myslivečková,M,NA,NA,NA,,,2018 Winter,2018,Winter,PyeongChang,Figure Skating,"Figure Skating Ice Dance, Mixed",NA
1900143,Lukáš Csölley,M,NA,NA,NA,,,2018 Winter,2018,Winter,PyeongChang,Figure Skating,"Figure Skating Ice Dance, Mixed",NA
1900144,Oleksandra Nazarova,M,NA,NA,NA,,,2018 Winter,2018,Winter,PyeongChang,Figure Skating,"Figure Skating Ice Dance, Mixed",NA
1900145,Max Nikitin,M,NA,NA,NA,,,2018 Winter,2018,Winter,PyeongChang,Figure Skating,"Figure Skating Ice Dance, Mixed",NA
1900146,Wang Shiyue,M,NA,NA,NA,,,2018 Winter,2018,Winter,PyeongChang,Figure Skating,"Figure Skating Ice Dance, Mixed",NA
1900147,Liu Xinyu,M,NA,NA,NA,,,2018 Winter,2018,Winter,PyeongChang,Figure Skating,"Figure Skating Ice Dance, Mixed",NA
1900148,Cortney Mansourová,M,NA,NA,NA,,,2018 Winter,2018,Winter,PyeongChang,Figure Skating,"Figure Skating Ice Dance, Mixed",NA
1900149,Michal Češka,M,NA,NA,NA,,,2018 Winter,2018,Winter,PyeongChang,Figure Skating,"Figure Skating Ice Dance, Mixed",NA
1900150,Adel Tankova,M,NA,NA,NA,,,2018 Winter,2018,Winter,PyeongChang,Figure Skating,"Figure Skating Ice Dance, Mixed",NA
1900151,Rony Zilberberg,M,NA,NA,NA,,,2018 Winter,2018,Winter,PyeongChang,Figure Skating,"Figure Skating Ice Dance, Mixed",NA
1900152,Patrick Chan,M,NA,NA,NA,,,2018 Winter,2018,Winter,PyeongChang,Figure Skating,"Figure Skating Team, Mixed",NA
1900153,Gabrielle Daleman,M,NA,NA,NA,,,2018 Winter,2018,Winter,PyeongChang,Figure Skating,"Figure Skating Team, Mixed",NA
1900154,Kaetlyn Osmond,M,NA,NA,NA,,,2018 Winter,2018,Winter,PyeongChang,Figure Skating,"Figure Skating Team, Mixed",NA
1900155,Meagan Duhamel,M,NA,NA,NA,,,2018 Winter,2018,Winter,PyeongChang,Figure Skating,"Figure Skating Team, Mixed",NA
1900156,Eric Radford,M,NA,NA,NA,,,2018 Winter,2018,Winter,PyeongChang,Figure Skating,"Figure Skating Team, Mixed",NA
1900157,Tessa Virtue,M,NA,NA,NA,,,2018 Winter,2018,Winter,PyeongChang,Figure Skating,"Figure Skating Team, Mixed",NA
1900158,Scott Moir,M,NA,NA,NA,,,2018 Winter,2018,Winter,PyeongChang,Figure Skating,"Figure Skating Team, Mixed",NA
1900159,Keegan Messing,M,NA,NA,NA,,,2018 Winter,2018,Winter,PyeongChang,Figure Skating,"Figure Skating Team, Mixed",NA
1900160,Larkyn Austman,M,NA,NA,NA,,,2018 Winter,2018,Winter,PyeongChang,Figure Skating,"Figure Skating Team, Mixed",NA
1900161,Kirsten Moore-Towers,M,NA,NA,NA,,,2018 Winter,2018,Winter,PyeongChang,Figure Skating,"Figure Skating Team, Mixed",NA
1900162,Michael Marinaro,M,NA,NA,NA,,,2018 Winter,2018,Winter,PyeongChang,Figure Skating,"Figure Skating Team, Mixed",NA
1900163,Julianne Séguin,M,NA,NA,NA,,,2018 Winter,2018,Winter,PyeongChang,Figure Skating,"Figure Skating Team, Mixed",NA
1900164,Charlie Bilodeau,M,NA,NA,NA,,,2018 Winter,2018,Winter,PyeongChang,Figure Skating,"Figure Skating Team, Mixed",NA
1900165,Piper Gilles,M,NA,NA,NA,,,2018 Winter,2018,Winter,PyeongChang,Figure Skating,"Figure Skating Team, Mixed",NA
1900166,Paul Poirier,M,NA,NA,NA,,,2018 Winter,2018,Winter,PyeongChang,Figure Skating,"Figure Skating Team, Mixed",NA
1900167,Kaitlyn Weaver,M,NA,NA,NA,,,2018 Winter,2018,Winter,PyeongChang,Figure Skating,"Figure Skating Team, Mixed",NA
1900168,Andrew Poje,M,NA,NA,NA,,,2018 Winter,2018,Winter,PyeongChang,Figure Skating,"Figure Skating Team, Mixed",NA
1900169,Mikhail Kolyada,M,NA,NA,NA,,,2018 Winter,2018,Winter,PyeongChang,Figure Skating,"Figure Skating Team, Mixed",NA
1900170,Yevgeniya Medvedeva,M,NA,NA,NA,,,2018 Winter,2018,Winter,PyeongChang,Figure Skating,"Figure Skating Team, Mixed",NA
1900171,Alina Zagitova,M,NA,NA,NA,,,2018 Winter,2018,Winter,PyeongChang,Figure Skating,"Figure Skating Team, Mixed",NA
1900172,Yevgeniya Tarasova,M,NA,NA,NA,,,2018 Winter,2018,Winter,PyeongChang,Figure Skating,"Figure Skating Team, Mixed",NA
1900173,Vladimir Morozov,M,NA,NA,NA,,,2018 Winter,2018,Winter,PyeongChang,Figure Skating,"Figure Skating Team, Mixed",NA
1900174,Nataliya Zabiyako,M,NA,NA,NA,,,2018 Winter,2018,Winter,PyeongChang,Figure Skating,"Figure Skating Team, Mixed",NA
1900175,Aleksandr Enbert,M,NA,NA,NA,,,2018 Winter,2018,Winter,PyeongChang,Figure Skating,"Figure Skating Team, Mixed",NA
1900176,Yekaterina Bobrova,M,NA,NA,NA,,,2018 Winter,2018,Winter,PyeongChang,Figure Skating,"Figure Skating Team, Mixed",NA
1900177,Dmitry Solovyov,M,NA,NA,NA,,,2018 Winter,2018,Winter,PyeongChang,Figure Skating,"Figure Skating Team, Mixed",NA
1900178,Mariya Sotskova,M,NA,NA,NA,,,2018 Winter,2018,Winter,PyeongChang,Figure Skating,"Figure Skating Team, Mixed",NA
1900179,Kristina Astakhova,M,NA,NA,NA,,,2018 Winter,2018,Winter,PyeongChang,Figure Skating,"Figure Skating Team, Mixed",NA
1900180,Aleksey Rogonov,M,NA,NA,NA,,,2018 Winter,2018,Winter,PyeongChang,Figure Skating,"Figure Skating Team, Mixed",NA
1900181,Tiffani Zagorski,M,NA,NA,NA,,,2018 Winter,2018,Winter,PyeongChang,Figure Skating,"Figure Skating Team, Mixed",NA
1900182,Dzhonatan Gureyro,M,NA,NA,NA,,,2018 Winter,2018,Winter,PyeongChang,Figure Skating,"Figure Skating Team, Mixed",NA
1900183,Dmitry Aliyev,M,NA,NA,NA,,,2018 Winter,2018,Winter,PyeongChang,Figure Skating,"Figure Skating Team, Mixed",NA
1900184,Nathan Chen,M,NA,NA,NA,,,2018 Winter,2018,Winter,PyeongChang,Figure Skating,"Figure Skating Team, Mixed",NA
1900185,Adam Rippon,M,NA,NA,NA,,,2018 Winter,2018,Winter,PyeongChang,Figure Skating,"Figure Skating Team, Mixed",NA
1900186,Mirai Nagasu,M,NA,NA,NA,,,2018 Winter,2018,Winter,PyeongChang,Figure Skating,"Figure Skating Team, Mixed",NA
1900187,Bradie Tennell,M,NA,NA,NA,,,2018 Winter,2018,Winter,PyeongChang,Figure Skating,"Figure Skating Team, Mixed",NA
1900188,Alexa Scimeca Knierim,M,NA,NA,NA,,,2018 Winter,2018,Winter,PyeongChang,Figure Skating,"Figure Skating Team, Mixed",NA
1900189,Chris Knierim,M,NA,NA,NA,,,2018 Winter,2018,Winter,PyeongChang,Figure Skating,"Figure Skating Team, Mixed",NA
1900190,Maia Shibutani,M,NA,NA,NA,,,2018 Winter,2018,Winter,PyeongChang,Figure Skating,"Figure Skating Team, Mixed",NA
1900191,Alex Shibutani,M,NA,NA,NA,,,2018 Winter,2018,Winter,PyeongChang,Figure Skating,"Figure Skating Team, Mixed",NA
1900192,Vincent Zhou,M,NA,NA,NA,,,2018 Winter,2018,Winter,PyeongChang,Figure Skating,"Figure Skating Team, Mixed",NA
1900193,Karen Chen,M,NA,NA,NA,,,2018 Winter,2018,Winter,PyeongChang,Figure Skating,"Figure Skating Team, Mixed",NA
1900194,Madison Chock,M,NA,NA,NA,,,2018 Winter,2018,Winter,PyeongChang,Figure Skating,"Figure Skating Team, Mixed",NA
1900195,Evan Bates,M,NA,NA,NA,,,2018 Winter,2018,Winter,PyeongChang,Figure Skating,"Figure Skating Team, Mixed",NA
1900196,Madison Hubbell,M,NA,NA,NA,,,2018 Winter,2018,Winter,PyeongChang,Figure Skating,"Figure Skating Team, Mixed",NA
1900197,Zach Donohue,M,NA,NA,NA,,,2018 Winter,2018,Winter,PyeongChang,Figure Skating,"Figure Skating Team, Mixed",NA
1900198,Matteo Rizzo,M,NA,NA,NA,,,2018 Winter,2018,Winter,PyeongChang,Figure Skating,"Figure Skating Team, Mixed",NA
1900199,Carolina Kostner,M,NA,NA,NA,,,2018 Winter,2018,Winter,PyeongChang,Figure Skating,"Figure Skating Team, Mixed",NA
1900200,Nicole Della Monica,M,NA,NA,NA,,,2018 Winter,2018,Winter,PyeongChang,Figure Skating,"Figure Skating Team, Mixed",NA
1900201,Matteo Guarise,M,NA,NA,NA,,,2018 Winter,2018,Winter,PyeongChang,Figure Skating,"Figure Skating Team, Mixed",NA
1900202,Valentina Marchei,M,NA,NA,NA,,,2018 Winter,2018,Winter,PyeongChang,Figure Skating,"Figure Skating Team, Mixed",NA
1900203,Ondřej Hotárek,M,NA,NA,NA,,,2018 Winter,2018,Winter,PyeongChang,Figure Skating,"Figure Skating Team, Mixed",NA
1900204,Anna Cappellini,M,NA,NA,NA,,,2018 Winter,2018,Winter,PyeongChang,Figure Skating,"Figure Skating Team, Mixed",NA
1900205,Luca Lanotte,M,NA,NA,NA,,,2018 Winter,2018,Winter,PyeongChang,Figure Skating,"Figure Skating Team, Mixed",NA
1900206,Giada Russo,M,NA,NA,NA,,,2018 Winter,2018,Winter,PyeongChang,Figure Skating,"Figure Skating Team, Mixed",NA
1900207,Charlène Guignard,M,NA,NA,NA,,,2018 Winter,2018,Winter,PyeongChang,Figure Skating,"Figure Skating Team, Mixed",NA
1900208,Marco Fabbri,M,NA,NA,NA,,,2018 Winter,2018,Winter,PyeongChang,Figure Skating,"Figure Skating Team, Mixed",NA
1900209,Keiji Tanaka,M,NA,NA,NA,,,2018 Winter,2018,Winter,PyeongChang,Figure Skating,"Figure Skating Team, Mixed",NA
1900210,Shoma Uno,M,NA,NA,NA,,,2018 Winter,2018,Winter,PyeongChang,Figure Skating,"Figure Skating Team, Mixed",NA
1900211,Satoko Miyahara,M,NA,NA,NA,,,2018 Winter,2018,Winter,PyeongChang,Figure Skating,"Figure Skating Team, Mixed",NA
1900212,Kaori Sakamoto,M,NA,NA,NA,,,2018 Winter,2018,Winter,PyeongChang,Figure Skating,"Figure Skating Team, Mixed",NA
1900213,Miu Suzaki,M,NA,NA,NA,,,2018 Winter,2018,Winter,PyeongChang,Figure Skating,"Figure Skating Team, Mixed",NA
1900214,Ryuichi Kihara,M,NA,NA,NA,,,2018 Winter,2018,Winter,PyeongChang,Figure Skating,"Figure Skating Team, Mixed",NA
1900215,Kana Muramoto,M,NA,NA,NA,,,2018 Winter,2018,Winter,PyeongChang,Figure Skating,"Figure Skating Team, Mixed",NA
1900216,Chris Reed,M,NA,NA,NA,,,2018 Winter,2018,Winter,PyeongChang,Figure Skating,"Figure Skating Team, Mixed",NA
1900217,Yuzuru Hanyu,M,NA,NA,NA,,,2018 Winter,2018,Winter,PyeongChang,Figure Skating,"Figure Skating Team, Mixed",NA
1900218,Yan Han,M,NA,NA,NA,,,2018 Winter,2018,Winter,PyeongChang,Figure Skating,"Figure Skating Team, Mixed",NA
1900219,Li Xiangning,M,NA,NA,NA,,,2018 Winter,2018,Winter,PyeongChang,Figure Skating,"Figure Skating Team, Mixed",NA
1900220,Sui Wenjing,M,NA,NA,NA,,,2018 Winter,2018,Winter,PyeongChang,Figure Skating,"Figure Skating Team, Mixed",NA
1900221,Yu Xiaoyu,M,NA,NA,NA,,,2018 Winter,2018,Winter,PyeongChang,Figure Skating,"Figure Skating Team, Mixed",NA
1900222,Zhang Hao,M,NA,NA,NA,,,2018 Winter,2018,Winter,PyeongChang,Figure Skating,"Figure Skating Team, Mixed",NA
1900223,Wang Shiyue,M,NA,NA,NA,,,2018 Winter,2018,Winter,PyeongChang,Figure Skating,"Figure Skating Team, Mixed",NA
1900224,Liu Xinyu,M,NA,NA,NA,,,2018 Winter,2018,Winter,PyeongChang,Figure Skating,"Figure Skating Team, Mixed",NA
1900225,Jin Boyang,M,NA,NA,NA,,,2018 Winter,2018,Winter,PyeongChang,Figure Skating,"Figure Skating Team, Mixed",NA
1900226,Peng Cheng,M,NA,NA,NA,,,2018 Winter,2018,Winter,PyeongChang,Figure Skating,"Figure Skating Team, Mixed",NA
1900227,Jin Yang,M,NA,NA,NA,,,2018 Winter,2018,Winter,PyeongChang,Figure Skating,"Figure Skating Team, Mixed",NA
1900228,Han Cong,M,NA,NA,NA,,,2018 Winter,2018,Winter,PyeongChang,Figure Skating,"Figure Skating Team, Mixed",NA
1900229,Paul Fentz,M,NA,NA,NA,,,2018 Winter,2018,Winter,PyeongChang,Figure Skating,"Figure Skating Team, Mixed",NA
1900230,Nicole Schott,M,NA,NA,NA,,,2018 Winter,2018,Winter,PyeongChang,Figure Skating,"Figure Skating Team, Mixed",NA
1900231,Aljona Sawtchenko,M,NA,NA,NA,,,2018 Winter,2018,Winter,PyeongChang,Figure Skating,"Figure Skating Team, Mixed",NA
1900232,Bruno Massot,M,NA,NA,NA,,,2018 Winter,2018,Winter,PyeongChang,Figure Skating,"Figure Skating Team, Mixed",NA
1900233,Kavita Lorenz,M,NA,NA,NA,,,2018 Winter,2018,Winter,PyeongChang,Figure Skating,"Figure Skating Team, Mixed",NA
1900234,Joti Polizoakis,M,NA,NA,NA,,,2018 Winter,2018,Winter,PyeongChang,Figure Skating,"Figure Skating Team, Mixed",NA
1900235,Annika Hocke,M,NA,NA,NA,,,2018 Winter,2018,Winter,PyeongChang,Figure Skating,"Figure Skating Team, Mixed",NA
1900236,Ruben Blommaert,M,NA,NA,NA,,,2018 Winter,2018,Winter,PyeongChang,Figure Skating,"Figure Skating Team, Mixed",NA
1900237,Alexei Bychenko,M,NA,NA,NA,,,2018 Winter,2018,Winter,PyeongChang,Figure Skating,"Figure Skating Team, Mixed",NA
1900238,Aimee Buchanan,M,NA,NA,NA,,,2018 Winter,2018,Winter,PyeongChang,Figure Skating,"Figure Skating Team, Mixed",NA
1900239,Paige Conners,M,NA,NA,NA,,,2018 Winter,2018,Winter,PyeongChang,Figure Skating,"Figure Skating Team, Mixed",NA
1900240,Evgeni Krasnopolski,M,NA,NA,NA,,,2018 Winter,2018,Winter,PyeongChang,Figure Skating,"Figure Skating Team, Mixed",NA
1900241,Adel Tankova,M,NA,NA,NA,,,2018 Winter,2018,Winter,PyeongChang,Figure Skating,"Figure Skating Team, Mixed",NA
1900242,Rony Zilberberg,M,NA,NA,NA,,,2018 Winter,2018,Winter,PyeongChang,Figure Skating,"Figure Skating Team, Mixed",NA
1900243,Daniel Samohin,M,NA,NA,NA,,,2018 Winter,2018,Winter,PyeongChang,Figure Skating,"Figure Skating Team, Mixed",NA
1900244,Cha Jun-Hwan,M,NA,NA,NA,,,2018 Winter,2018,Winter,PyeongChang,Figure Skating,"Figure Skating Team, Mixed",NA
1900245,Choi Da-Bin,M,NA,NA,NA,,,2018 Winter,2018,Winter,PyeongChang,Figure Skating,"Figure Skating Team, Mixed",NA
1900246,Kim Gyu-Eun,M,NA,NA,NA,,,2018 Winter,2018,Winter,PyeongChang,Figure Skating,"Figure Skating Team, Mixed",NA
1900247,Alex Gam,M,NA,NA,NA,,,2018 Winter,2018,Winter,PyeongChang,Figure Skating,"Figure Skating Team, Mixed",NA
1900248,Min Yu-Ra,M,NA,NA,NA,,,2018 Winter,2018,Winter,PyeongChang,Figure Skating,"Figure Skating Team, Mixed",NA
1900249,Aleksandr Gamelin,M,NA,NA,NA,,,2018 Winter,2018,Winter,PyeongChang,Figure Skating,"Figure Skating Team, Mixed",NA
1900250,Kim Ha-Neul,M,NA,NA,NA,,,2018 Winter,2018,Winter,PyeongChang,Figure Skating,"Figure Skating Team, Mixed",NA
1900251,Chafik Besseghier,M,NA,NA,NA,,,2018 Winter,2018,Winter,PyeongChang,Figure Skating,"Figure Skating Team, Mixed",NA
1900252,Maé-Bérénice Meité,M,NA,NA,NA,,,2018 Winter,2018,Winter,PyeongChang,Figure Skating,"Figure Skating Team, Mixed",NA
1900253,Vanessa James,M,NA,NA,NA,,,2018 Winter,2018,Winter,PyeongChang,Figure Skating,"Figure Skating Team, Mixed",NA
1900254,Morgan Ciprès,M,NA,NA,NA,,,2018 Winter,2018,Winter,PyeongChang,Figure Skating,"Figure Skating Team, Mixed",NA
1900255,Marie-Jade Lauriault,M,NA,NA,NA,,,2018 Winter,2018,Winter,PyeongChang,Figure Skating,"Figure Skating Team, Mixed",NA
1900256,Romain Le Gac,M,NA,NA,NA,,,2018 Winter,2018,Winter,PyeongChang,Figure Skating,"Figure Skating Team, Mixed",NA
1900257,Gabriella Papadakis,M,NA,NA,NA,,,2018 Winter,2018,Winter,PyeongChang,Figure Skating,"Figure Skating Team, Mixed",NA
1900258,Guillaume Cizeron,M,NA,NA,NA,,,2018 Winter,2018,Winter,PyeongChang,Figure Skating,"Figure Skating Team, Mixed",NA
1900259,Nathan Chen,M,NA,NA,NA,USA,USA,2022 Winter,2022,Winter,Beijing,Figure Skating,"Figure Skating Singles, Men",Gold
1900260,Yuma Kagiyama,M,NA,NA,NA,JPN,JPN,2022 Winter,2022,Winter,Beijing,Figure Skating,"Figure Skating Singles, Men",Silver
1900261,Shoma Uno,M,NA,NA,NA,JPN,JPN,2022 Winter,2022,Winter,Beijing,Figure Skating,"Figure Skating Singles, Men",Bronze
1900262,Yuzuru Hanyu,M,NA,NA,NA,JPN,JPN,2022 Winter,2022,Winter,Beijing,Figure Skating,"Figure Skating Singles, Men",NA
1900263,Cha Jun-Hwan,M,NA,NA,NA,KOR,KOR,2022 Winter,2022,Winter,Beijing,Figure Skating,"Figure Skating Singles, Men",NA
1900264,Jason Brown,M,NA,NA,NA,USA,USA,2022 Winter,2022,Winter,Beijing,Figure Skating,"Figure Skating Singles, Men",NA
1900265,Daniel Grassl,M,NA,NA,NA,ITA,ITA,2022 Winter,2022,Winter,Beijing,Figure Skating,"Figure Skating Singles, Men",NA
1900266,Yevgeny Semenenko,M,NA,NA,NA,ROC,ROC,2022 Winter,2022,Winter,Beijing,Figure Skating,"Figure Skating Singles, Men",NA
1900267,Jin Boyang,M,NA,NA,NA,CHN,CHN,2022 Winter,2022,Winter,Beijing,Figure Skating,"Figure Skating Singles, Men",NA
1900268,Morisi Kvitelashvili,M,NA,NA,NA,GEO,GEO,2022 Winter,2022,Winter,Beijing,Figure Skating,"Figure Skating Singles, Men",NA
1900269,Keegan Messing,M,NA,NA,NA,CAN,CAN,2022 Winter,2022,Winter,Beijing,Figure Skating,"Figure Skating Singles, Men",NA
1900270,Kevin Aymoz,M,NA,NA,NA,FRA,FRA,2022 Winter,2022,Winter,Beijing,Figure Skating,"Figure Skating Singles, Men",NA
1900271,Deniss Vasiļjevs,M,NA,NA,NA,LAT,LAT,2022 Winter,2022,Winter,Beijing,Figure Skating,"Figure Skating Singles, Men",NA
1900272,Adam Siao Him Fa,M,NA,NA,NA,FRA,FRA,2022 Winter,2022,Winter,Beijing,Figure Skating,"Figure Skating Singles, Men",NA
1900273,Mark Kondratyuk,M,NA,NA,NA,ROC,ROC,2022 Winter,2022,Winter,Beijing,Figure Skating,"Figure Skating Singles, Men",NA
1900274,Matteo Rizzo,M,NA,NA,NA,ITA,ITA,2022 Winter,2022,Winter,Beijing,Figure Skating,"Figure Skating Singles, Men",NA
1900275,Brendan Kerry,M,NA,NA,NA,AUS,AUS,2022 Winter,2022,Winter,Beijing,Figure Skating,"Figure Skating Singles, Men",NA
1900276,Vladimir Litvintsev,M,NA,NA,NA,AZE,AZE,2022 Winter,2022,Winter,Beijing,Figure Skating,"Figure Skating Singles, Men",NA
1900277,Andrey Mozalyov,M,NA,NA,NA,ROC,ROC,2022 Winter,2022,Winter,Beijing,Figure Skating,"Figure Skating Singles, Men",NA
1900278,Kanstantsin Miliukau,M,NA,NA,NA,BLR,BLR,2022 Winter,2022,Winter,Beijing,Figure Skating,"Figure Skating Singles, Men",NA
1900279,Nikolaj Majorov,M,NA,NA,NA,SWE,SWE,2022 Winter,2022,Winter,Beijing,Figure Skating,"Figure Skating Singles, Men",NA
1900280,Donovan Carrillo,M,NA,NA,NA,MEX,MEX,2022 Winter,2022,Winter,Beijing,Figure Skating,"Figure Skating Singles, Men",NA
1900281,Lukas Britschgi,M,NA,NA,NA,SUI,SUI,2022 Winter,2022,Winter,Beijing,Figure Skating,"Figure Skating Singles, Men",NA
1900282,Ivan Shmuratko,M,NA,NA,NA,UKR,UKR,2022 Winter,2022,Winter,Beijing,Figure Skating,"Figure Skating Singles, Men",NA
1900283,Michal Březina,M,NA,NA,NA,CZE,CZE,2022 Winter,2022,Winter,Beijing,Figure Skating,"Figure Skating Singles, Men",NA
1900284,Alexei Bychenko,M,NA,NA,NA,ISR,ISR,2022 Winter,2022,Winter,Beijing,Figure Skating,"Figure Skating Singles, Men",NA
1900285,Lee Si-Hyeong,M,NA,NA,NA,KOR,KOR,2022 Winter,2022,Winter,Beijing,Figure Skating,"Figure Skating Singles, Men",NA
1900286,Aleksandr Selevko,M,NA,NA,NA,EST,EST,2022 Winter,2022,Winter,Beijing,Figure Skating,"Figure Skating Singles, Men",NA
1900287,Roman Sadovsky,M,NA,NA,NA,CAN,CAN,2022 Winter,2022,Winter,Beijing,Figure Skating,"Figure Skating Singles, Men",NA
1900288,Vincent Zhou,M,NA,NA,NA,USA,USA,2022 Winter,2022,Winter,Beijing,Figure Skating,"Figure Skating Singles, Men",NA
1900289,Anna Shcherbakova,F,NA,NA,NA,ROC,ROC,2022 Winter,2022,Winter,Beijing,Figure Skating,"Figure Skating Singles, Women",Gold
1900290,Aleksandra Trusova,F,NA,NA,NA,ROC,ROC,2022 Winter,2022,Winter,Beijing,Figure Skating,"Figure Skating Singles, Women",Silver
1900291,Kaori Sakamoto,F,NA,NA,NA,JPN,JPN,2022 Winter,2022,Winter,Beijing,Figure Skating,"Figure Skating Singles, Women",Bronze
1900292,Wakaba Higuchi,F,NA,NA,NA,JPN,JPN,2022 Winter,2022,Winter,Beijing,Figure Skating,"Figure Skating Singles, Women",NA
1900293,Yu Yeong,F,NA,NA,NA,KOR,KOR,2022 Winter,2022,Winter,Beijing,Figure Skating,"Figure Skating Singles, Women",NA
1900294,Alysa Liu,F,NA,NA,NA,USA,USA,2022 Winter,2022,Winter,Beijing,Figure Skating,"Figure Skating Singles, Women",NA
1900295,Loena Hendrickx,F,NA,NA,NA,BEL,BEL,2022 Winter,2022,Winter,Beijing,Figure Skating,"Figure Skating Singles, Women",NA
1900296,Kim Ye-Rim,F,NA,NA,NA,KOR,KOR,2022 Winter,2022,Winter,Beijing,Figure Skating,"Figure Skating Singles, Women",NA
1900297,Mariah Bell,F,NA,NA,NA,USA,USA,2022 Winter,2022,Winter,Beijing,Figure Skating,"Figure Skating Singles, Women",NA
1900298,Anastasiya Gubanova,F,NA,NA,NA,GEO,GEO,2022 Winter,2022,Winter,Beijing,Figure Skating,"Figure Skating Singles, Women",NA
1900299,Katia Kurakova,F,NA,NA,NA,POL,POL,2022 Winter,2022,Winter,Beijing,Figure Skating,"Figure Skating Singles, Women",NA
1900300,Viktoryia Safonava,F,NA,NA,NA,BLR,BLR,2022 Winter,2022,Winter,Beijing,Figure Skating,"Figure Skating Singles, Women",NA
1900301,Olga Mikutina,F,NA,NA,NA,AUT,AUT,2022 Winter,2022,Winter,Beijing,Figure Skating,"Figure Skating Singles, Women",NA
1900302,Ekaterina Ryabova,F,NA,NA,NA,AZE,AZE,2022 Winter,2022,Winter,Beijing,Figure Skating,"Figure Skating Singles, Women",NA
1900303,Karen Chen,F,NA,NA,NA,USA,USA,2022 Winter,2022,Winter,Beijing,Figure Skating,"Figure Skating Singles, Women",NA
1900304,Nicole Schott,F,NA,NA,NA,GER,GER,2022 Winter,2022,Winter,Beijing,Figure Skating,"Figure Skating Singles, Women",NA
1900305,Lindsay van Zundert,F,NA,NA,NA,NED,NED,2022 Winter,2022,Winter,Beijing,Figure Skating,"Figure Skating Singles, Women",NA
1900306,Madeline Schizas,F,NA,NA,NA,CAN,CAN,2022 Winter,2022,Winter,Beijing,Figure Skating,"Figure Skating Singles, Women",NA
1900307,Eliška Březinová,F,NA,NA,NA,CZE,CZE,2022 Winter,2022,Winter,Beijing,Figure Skating,"Figure Skating Singles, Women",NA
1900308,Eva-Lotta Kiibus,F,NA,NA,NA,EST,EST,2022 Winter,2022,Winter,Beijing,Figure Skating,"Figure Skating Singles, Women",NA
1900309,Alexia Paganini,F,NA,NA,NA,SUI,SUI,2022 Winter,2022,Winter,Beijing,Figure Skating,"Figure Skating Singles, Women",NA
1900310,Mana Kawabe,F,NA,NA,NA,JPN,JPN,2022 Winter,2022,Winter,Beijing,Figure Skating,"Figure Skating Singles, Women",NA
1900311,Aleksandra Feigin,F,NA,NA,NA,BUL,BUL,2022 Winter,2022,Winter,Beijing,Figure Skating,"Figure Skating Singles, Women",NA
1900312,Jenni Saarinen,F,NA,NA,NA,FIN,FIN,2022 Winter,2022,Winter,Beijing,Figure Skating,"Figure Skating Singles, Women",NA
1900313,Josefin Taljegård,F,NA,NA,NA,SWE,SWE,2022 Winter,2022,Winter,Beijing,Figure Skating,"Figure Skating Singles, Women",NA
1900314,Zhu Yi,F,NA,NA,NA,CHN,CHN,2022 Winter,2022,Winter,Beijing,Figure Skating,"Figure Skating Singles, Women",NA
1900315,Natasha McKay,F,NA,NA,NA,GBR,GBR,2022 Winter,2022,Winter,Beijing,Figure Skating,"Figure Skating Singles, Women",NA
1900316,Kailani Craine,F,NA,NA,NA,AUS,AUS,2022 Winter,2022,Winter,Beijing,Figure Skating,"Figure Skating Singles, Women",NA
1900317,Anastasiya Shabotova,F,NA,NA,NA,UKR,UKR,2022 Winter,2022,Winter,Beijing,Figure Skating,"Figure Skating Singles, Women",NA
1900318,Kamila Valiyeva,F,NA,NA,NA,ROC,ROC,2022 Winter,2022,Winter,Beijing,Figure Skating,"Figure Skating Singles, Women",NA
1900319,Sui Wenjing,M,NA,NA,NA,,,2022 Winter,2022,Winter,Beijing,Figure Skating,"Figure Skating Pairs, Mixed",NA
1900320,Han Cong,M,NA,NA,NA,,,2022 Winter,2022,Winter,Beijing,Figure Skating,"Figure Skating Pairs, Mixed",NA
1900321,Yevgeniya Tarasova,M,NA,NA,NA,,,2022 Winter,2022,Winter,Beijing,Figure Skating,"Figure Skating Pairs, Mixed",NA
1900322,Vladimir Morozov,M,NA,NA,NA,,,2022 Winter,2022,Winter,Beijing,Figure Skating,"Figure Skating Pairs, Mixed",NA
1900323,Anastasiya Mishina,M,NA,NA,NA,,,2022 Winter,2022,Winter,Beijing,Figure Skating,"Figure Skating Pairs, Mixed",NA
1900324,Aleksandr Gallyamov,M,NA,NA,NA,,,2022 Winter,2022,Winter,Beijing,Figure Skating,"Figure Skating Pairs, Mixed",NA
1900325,Aleksandra Boykova,M,NA,NA,NA,,,2022 Winter,2022,Winter,Beijing,Figure Skating,"Figure Skating Pairs, Mixed",NA
1900326,Dmitry Kozlovsky,M,NA,NA,NA,,,2022 Winter,2022,Winter,Beijing,Figure Skating,"Figure Skating Pairs, Mixed",NA
1900327,Peng Cheng,M,NA,NA,NA,,,2022 Winter,2022,Winter,Beijing,Figure Skating,"Figure Skating Pairs, Mixed",NA
1900328,Jin Yang,M,NA,NA,NA,,,2022 Winter,2022,Winter,Beijing,Figure Skating,"Figure Skating Pairs, Mixed",NA
1900329,Alexa Scimeca Knierim,M,NA,NA,NA,,,2022 Winter,2022,Winter,Beijing,Figure Skating,"Figure Skating Pairs, Mixed",NA
1900330,Brandon Frazier,M,NA,NA,NA,,,2022 Winter,2022,Winter,Beijing,Figure Skating,"Figure Skating Pairs, Mixed",NA
1900331,Riku Miura,M,NA,NA,NA,,,2022 Winter,2022,Winter,Beijing,Figure Skating,"Figure Skating Pairs, Mixed",NA
1900332,Ryuichi Kihara,M,NA,NA,NA,,,2022 Winter,2022,Winter,Beijing,Figure Skating,"Figure Skating Pairs, Mixed",NA
1900333,Ashley Cain-Gribble,M,NA,NA,NA,,,2022 Winter,2022,Winter,Beijing,Figure Skating,"Figure Skating Pairs, Mixed",NA
1900334,Timothy LeDuc,M,NA,NA,NA,,,2022 Winter,2022,Winter,Beijing,Figure Skating,"Figure Skating Pairs, Mixed",NA
1900335,Karina Safina,M,NA,NA,NA,,,2022 Winter,2022,Winter,Beijing,Figure Skating,"Figure Skating Pairs, Mixed",NA
1900336,Luka Berulava,M,NA,NA,NA,,,2022 Winter,2022,Winter,Beijing,Figure Skating,"Figure Skating Pairs, Mixed",NA
1900337,Kirsten Moore-Towers,M,NA,NA,NA,,,2022 Winter,2022,Winter,Beijing,Figure Skating,"Figure Skating Pairs, Mixed",NA
1900338,Michael Marinaro,M,NA,NA,NA,,,2022 Winter,2022,Winter,Beijing,Figure Skating,"Figure Skating Pairs, Mixed",NA
1900339,Vanessa James,M,NA,NA,NA,,,2022 Winter,2022,Winter,Beijing,Figure Skating,"Figure Skating Pairs, Mixed",NA
1900340,Eric Radford,M,NA,NA,NA,,,2022 Winter,2022,Winter,Beijing,Figure Skating,"Figure Skating Pairs, Mixed",NA
1900341,Nicole Della Monica,M,NA,NA,NA,,,2022 Winter,2022,Winter,Beijing,Figure Skating,"Figure Skating Pairs, Mixed",NA
1900342,Matteo Guarise,M,NA,NA,NA,,,2022 Winter,2022,Winter,Beijing,Figure Skating,"Figure Skating Pairs, Mixed",NA
1900343,Rebecca Ghilardi,M,NA,NA,NA,,,2022 Winter,2022,Winter,Beijing,Figure Skating,"Figure Skating Pairs, Mixed",NA
1900344,Filippo Ambrosini,M,NA,NA,NA,,,2022 Winter,2022,Winter,Beijing,Figure Skating,"Figure Skating Pairs, Mixed",NA
1900345,Hailey Kops,M,NA,NA,NA,,,2022 Winter,2022,Winter,Beijing,Figure Skating,"Figure Skating Pairs, Mixed",NA
1900346,Evgeni Krasnopolski,M,NA,NA,NA,,,2022 Winter,2022,Winter,Beijing,Figure Skating,"Figure Skating Pairs, Mixed",NA
1900347,Minerva Hase,M,NA,NA,NA,,,2022 Winter,2022,Winter,Beijing,Figure Skating,"Figure Skating Pairs, Mixed",NA
1900348,Nolan Seegert,M,NA,NA,NA,,,2022 Winter,2022,Winter,Beijing,Figure Skating,"Figure Skating Pairs, Mixed",NA
1900349,Jelizaveta Žuková,M,NA,NA,NA,,,2022 Winter,2022,Winter,Beijing,Figure Skating,"Figure Skating Pairs, Mixed",NA
1900350,Martin Bidař,M,NA,NA,NA,,,2022 Winter,2022,Winter,Beijing,Figure Skating,"Figure Skating Pairs, Mixed",NA
1900351,Miriam Ziegler,M,NA,NA,NA,,,2022 Winter,2022,Winter,Beijing,Figure Skating,"Figure Skating Pairs, Mixed",NA
1900352,Severin Kiefer,M,NA,NA,NA,,,2022 Winter,2022,Winter,Beijing,Figure Skating,"Figure Skating Pairs, Mixed",NA
1900353,Laura Barquero,M,NA,NA,NA,,,2022 Winter,2022,Winter,Beijing,Figure Skating,"Figure Skating Pairs, Mixed",NA
1900354,Marco Zandrón,M,NA,NA,NA,,,2022 Winter,2022,Winter,Beijing,Figure Skating,"Figure Skating Pairs, Mixed",NA
1900355,Ioulia Chtchetinina,M,NA,NA,NA,,,2022 Winter,2022,Winter,Beijing,Figure Skating,"Figure Skating Pairs, Mixed",NA
1900356,Márk Magyar,M,NA,NA,NA,,,2022 Winter,2022,Winter,Beijing,Figure Skating,"Figure Skating Pairs, Mixed",NA
1900357,Gabriella Papadakis,M,NA,NA,NA,,,2022 Winter,2022,Winter,Beijing,Figure Skating,"Figure Skating Ice Dance, Mixed",NA
1900358,Guillaume Cizeron,M,NA,NA,NA,,,2022 Winter,2022,Winter,Beijing,Figure Skating,"Figure Skating Ice Dance, Mixed",NA
1900359,Viktoriya Sinitsina,M,NA,NA,NA,,,2022 Winter,2022,Winter,Beijing,Figure Skating,"Figure Skating Ice Dance, Mixed",NA
1900360,Nikita Katsalapov,M,NA,NA,NA,,,2022 Winter,2022,Winter,Beijing,Figure Skating,"Figure Skating Ice Dance, Mixed",NA
1900361,Madison Hubbell,M,NA,NA,NA,,,2022 Winter,2022,Winter,Beijing,Figure Skating,"Figure Skating Ice Dance, Mixed",NA
1900362,Zach Donohue,M,NA,NA,NA,,,2022 Winter,2022,Winter,Beijing,Figure Skating,"Figure Skating Ice Dance, Mixed",NA
1900363,Madison Chock,M,NA,NA,NA,,,2022 Winter,2022,Winter,Beijing,Figure Skating,"Figure Skating Ice Dance, Mixed",NA
1900364,Evan Bates,M,NA,NA,NA,,,2022 Winter,2022,Winter,Beijing,Figure Skating,"Figure Skating Ice Dance, Mixed",NA
1900365,Charlène Guignard,M,NA,NA,NA,,,2022 Winter,2022,Winter,Beijing,Figure Skating,"Figure Skating Ice Dance, Mixed",NA
1900366,Marco Fabbri,M,NA,NA,NA,,,2022 Winter,2022,Winter,Beijing,Figure Skating,"Figure Skating Ice Dance, Mixed",NA
1900367,Aleksandra Stepanova,M,NA,NA,NA,,,2022 Winter,2022,Winter,Beijing,Figure Skating,"Figure Skating Ice Dance, Mixed",NA
1900368,Ivan Bukin,M,NA,NA,NA,,,2022 Winter,2022,Winter,Beijing,Figure Skating,"Figure Skating Ice Dance, Mixed",NA
1900369,Piper Gilles,M,NA,NA,NA,,,2022 Winter,2022,Winter,Beijing,Figure Skating,"Figure Skating Ice Dance, Mixed",NA
1900370,Paul Poirier,M,NA,NA,NA,,,2022 Winter,2022,Winter,Beijing,Figure Skating,"Figure Skating Ice Dance, Mixed",NA
1900371,Olivia Smart,M,NA,NA,NA,,,2022 Winter,2022,Winter,Beijing,Figure Skating,"Figure Skating Ice Dance, Mixed",NA
1900372,Adrián Díaz,M,NA,NA,NA,,,2022 Winter,2022,Winter,Beijing,Figure Skating,"Figure Skating Ice Dance, Mixed",NA
1900373,Laurence Fournier Beaudry,M,NA,NA,NA,,,2022 Winter,2022,Winter,Beijing,Figure Skating,"Figure Skating Ice Dance, Mixed",NA
1900374,Nikolaj Sørensen,M,NA,NA,NA,,,2022 Winter,2022,Winter,Beijing,Figure Skating,"Figure Skating Ice Dance, Mixed",NA
1900375,Lilah Fear,M,NA,NA,NA,,,2022 Winter,2022,Winter,Beijing,Figure Skating,"Figure Skating Ice Dance, Mixed",NA
1900376,Lewis Gibson,M,NA,NA,NA,,,2022 Winter,2022,Winter,Beijing,Figure Skating,"Figure Skating Ice Dance, Mixed",NA
1900377,Kaitlin Hawayek,M,NA,NA,NA,,,2022 Winter,2022,Winter,Beijing,Figure Skating,"Figure Skating Ice Dance, Mixed",NA
1900378,Jean-Luc Baker,M,NA,NA,NA,,,2022 Winter,2022,Winter,Beijing,Figure Skating,"Figure Skating Ice Dance, Mixed",NA
1900379,Wang Shiyue,M,NA,NA,NA,,,2022 Winter,2022,Winter,Beijing,Figure Skating,"Figure Skating Ice Dance, Mixed",NA
1900380,Liu Xinyu,M,NA,NA,NA,,,2022 Winter,2022,Winter,Beijing,Figure Skating,"Figure Skating Ice Dance, Mixed",NA
1900381,Marjorie Lajoie,M,NA,NA,NA,,,2022 Winter,2022,Winter,Beijing,Figure Skating,"Figure Skating Ice Dance, Mixed",NA
1900382,Zachary Lagha,M,NA,NA,NA,,,2022 Winter,2022,Winter,Beijing,Figure Skating,"Figure Skating Ice Dance, Mixed",NA
1900383,Diana Davis,M,NA,NA,NA,,,2022 Winter,2022,Winter,Beijing,Figure Skating,"Figure Skating Ice Dance, Mixed",NA
1900384,Gleb Smolkin,M,NA,NA,NA,,,2022 Winter,2022,Winter,Beijing,Figure Skating,"Figure Skating Ice Dance, Mixed",NA
1900385,Juulia Turkkila,M,NA,NA,NA,,,2022 Winter,2022,Winter,Beijing,Figure Skating,"Figure Skating Ice Dance, Mixed",NA
1900386,Matthias Versluis,M,NA,NA,NA,,,2022 Winter,2022,Winter,Beijing,Figure Skating,"Figure Skating Ice Dance, Mixed",NA
1900387,Natálie Taschlerová,M,NA,NA,NA,,,2022 Winter,2022,Winter,Beijing,Figure Skating,"Figure Skating Ice Dance, Mixed",NA
1900388,Filip Taschler,M,NA,NA,NA,,,2022 Winter,2022,Winter,Beijing,Figure Skating,"Figure Skating Ice Dance, Mixed",NA
1900389,Natalia Kaliszek,M,NA,NA,NA,,,2022 Winter,2022,Winter,Beijing,Figure Skating,"Figure Skating Ice Dance, Mixed",NA
1900390,Maksym Spodyriew,M,NA,NA,NA,,,2022 Winter,2022,Winter,Beijing,Figure Skating,"Figure Skating Ice Dance, Mixed",NA
1900391,Tina Garabedian,M,NA,NA,NA,,,2022 Winter,2022,Winter,Beijing,Figure Skating,"Figure Skating Ice Dance, Mixed",NA
1900392,Simon Proulx Senecal,M,NA,NA,NA,,,2022 Winter,2022,Winter,Beijing,Figure Skating,"Figure Skating Ice Dance, Mixed",NA
1900393,Mariya Kazakova,M,NA,NA,NA,,,2022 Winter,2022,Winter,Beijing,Figure Skating,"Figure Skating Ice Dance, Mixed",NA
1900394,Georgy Reviya,M,NA,NA,NA,,,2022 Winter,2022,Winter,Beijing,Figure Skating,"Figure Skating Ice Dance, Mixed",NA
1900395,Oleksandra Nazarova,M,NA,NA,NA,,,2022 Winter,2022,Winter,Beijing,Figure Skating,"Figure Skating Ice Dance, Mixed",NA
1900396,Max Nikitin,M,NA,NA,NA,,,2022 Winter,2022,Winter,Beijing,Figure Skating,"Figure Skating Ice Dance, Mixed",NA
1900397,Katharina Müller,M,NA,NA,NA,,,2022 Winter,2022,Winter,Beijing,Figure Skating,"Figure Skating Ice Dance, Mixed",NA
1900398,Tim Dieck,M,NA,NA,NA,,,2022 Winter,2022,Winter,Beijing,Figure Skating,"Figure Skating Ice Dance, Mixed",NA
1900399,Misato Komatsubara,M,NA,NA,NA,,,2022 Winter,2022,Winter,Beijing,Figure Skating,"Figure Skating Ice Dance, Mixed",NA
1900400,Tim Koleto,M,NA,NA,NA,,,2022 Winter,2022,Winter,Beijing,Figure Skating,"Figure Skating Ice Dance, Mixed",NA
1900401,Paulina Ramanauskaitė,M,NA,NA,NA,,,2022 Winter,2022,Winter,Beijing,Figure Skating,"Figure Skating Ice Dance, Mixed",NA
1900402,Deividas Kizala,M,NA,NA,NA,,,2022 Winter,2022,Winter,Beijing,Figure Skating,"Figure Skating Ice Dance, Mixed",NA
1900403,Nathan Chen,M,NA,NA,NA,,,2022 Winter,2022,Winter,Beijing,Figure Skating,"Figure Skating Team, Mixed",NA
1900404,Madison Hubbell,M,NA,NA,NA,,,2022 Winter,2022,Winter,Beijing,Figure Skating,"Figure Skating Team, Mixed",NA
1900405,Zach Donohue,M,NA,NA,NA,,,2022 Winter,2022,Winter,Beijing,Figure Skating,"Figure Skating Team, Mixed",NA
1900406,Alexa Scimeca Knierim,M,NA,NA,NA,,,2022 Winter,2022,Winter,Beijing,Figure Skating,"Figure Skating Team, Mixed",NA
1900407,Brandon Frazier,M,NA,NA,NA,,,2022 Winter,2022,Winter,Beijing,Figure Skating,"Figure Skating Team, Mixed",NA
1900408,Karen Chen,M,NA,NA,NA,,,2022 Winter,2022,Winter,Beijing,Figure Skating,"Figure Skating Team, Mixed",NA
1900409,Vincent Zhou,M,NA,NA,NA,,,2022 Winter,2022,Winter,Beijing,Figure Skating,"Figure Skating Team, Mixed",NA
1900410,Madison Chock,M,NA,NA,NA,,,2022 Winter,2022,Winter,Beijing,Figure Skating,"Figure Skating Team, Mixed",NA
1900411,Evan Bates,M,NA,NA,NA,,,2022 Winter,2022,Winter,Beijing,Figure Skating,"Figure Skating Team, Mixed",NA
1900412,Jason Brown,M,NA,NA,NA,,,2022 Winter,2022,Winter,Beijing,Figure Skating,"Figure Skating Team, Mixed",NA
1900413,Mariah Bell,M,NA,NA,NA,,,2022 Winter,2022,Winter,Beijing,Figure Skating,"Figure Skating Team, Mixed",NA
1900414,Alysa Liu,M,NA,NA,NA,,,2022 Winter,2022,Winter,Beijing,Figure Skating,"Figure Skating Team, Mixed",NA
1900415,Ashley Cain-Gribble,M,NA,NA,NA,,,2022 Winter,2022,Winter,Beijing,Figure Skating,"Figure Skating Team, Mixed",NA
1900416,Timothy LeDuc,M,NA,NA,NA,,,2022 Winter,2022,Winter,Beijing,Figure Skating,"Figure Skating Team, Mixed",NA
1900417,Kaitlin Hawayek,M,NA,NA,NA,,,2022 Winter,2022,Winter,Beijing,Figure Skating,"Figure Skating Team, Mixed",NA
1900418,Jean-Luc Baker,M,NA,NA,NA,,,2022 Winter,2022,Winter,Beijing,Figure Skating,"Figure Skating Team, Mixed",NA
1900419,Shoma Uno,M,NA,NA,NA,,,2022 Winter,2022,Winter,Beijing,Figure Skating,"Figure Skating Team, Mixed",NA
1900420,Misato Komatsubara,M,NA,NA,NA,,,2022 Winter,2022,Winter,Beijing,Figure Skating,"Figure Skating Team, Mixed",NA
1900421,Tim Koleto,M,NA,NA,NA,,,2022 Winter,2022,Winter,Beijing,Figure Skating,"Figure Skating Team, Mixed",NA
1900422,Riku Miura,M,NA,NA,NA,,,2022 Winter,2022,Winter,Beijing,Figure Skating,"Figure Skating Team, Mixed",NA
1900423,Ryuichi Kihara,M,NA,NA,NA,,,2022 Winter,2022,Winter,Beijing,Figure Skating,"Figure Skating Team, Mixed",NA
1900424,Wakaba Higuchi,M,NA,NA,NA,,,2022 Winter,2022,Winter,Beijing,Figure Skating,"Figure Skating Team, Mixed",NA
1900425,Yuma Kagiyama,M,NA,NA,NA,,,2022 Winter,2022,Winter,Beijing,Figure Skating,"Figure Skating Team, Mixed",NA
1900426,Kaori Sakamoto,M,NA,NA,NA,,,2022 Winter,2022,Winter,Beijing,Figure Skating,"Figure Skating Team, Mixed",NA
1900427,Yuzuru Hanyu,M,NA,NA,NA,,,2022 Winter,2022,Winter,Beijing,Figure Skating,"Figure Skating Team, Mixed",NA
1900428,Mana Kawabe,M,NA,NA,NA,,,2022 Winter,2022,Winter,Beijing,Figure Skating,"Figure Skating Team, Mixed",NA
1900429,Mark Kondratyuk,M,NA,NA,NA,,,2022 Winter,2022,Winter,Beijing,Figure Skating,"Figure Skating Team, Mixed",NA
1900430,Viktoriya Sinitsina,M,NA,NA,NA,,,2022 Winter,2022,Winter,Beijing,Figure Skating,"Figure Skating Team, Mixed",NA
1900431,Nikita Katsalapov,M,NA,NA,NA,,,2022 Winter,2022,Winter,Beijing,Figure Skating,"Figure Skating Team, Mixed",NA
1900432,Anastasiya Mishina,M,NA,NA,NA,,,2022 Winter,2022,Winter,Beijing,Figure Skating,"Figure Skating Team, Mixed",NA
1900433,Aleksandr Gallyamov,M,NA,NA,NA,,,2022 Winter,2022,Winter,Beijing,Figure Skating,"Figure Skating Team, Mixed",NA
1900434,Kamila Valiyeva,M,NA,NA,NA,,,2022 Winter,2022,Winter,Beijing,Figure Skating,"Figure Skating Team, Mixed",NA
1900435,Andrey Mozalyov,M,NA,NA,NA,,,2022 Winter,2022,Winter,Beijing,Figure Skating,"Figure Skating Team, Mixed",NA
1900436,Yevgeny Semenenko,M,NA,NA,NA,,,2022 Winter,2022,Winter,Beijing,Figure Skating,"Figure Skating Team, Mixed",NA
1900437,Anna Shcherbakova,M,NA,NA,NA,,,2022 Winter,2022,Winter,Beijing,Figure Skating,"Figure Skating Team, Mixed",NA
1900438,Aleksandra Trusova,M,NA,NA,NA,,,2022 Winter,2022,Winter,Beijing,Figure Skating,"Figure Skating Team, Mixed",NA
1900439,Aleksandra Boykova,M,NA,NA,NA,,,2022 Winter,2022,Winter,Beijing,Figure Skating,"Figure Skating Team, Mixed",NA
1900440,Dmitry Kozlovsky,M,NA,NA,NA,,,2022 Winter,2022,Winter,Beijing,Figure Skating,"Figure Skating Team, Mixed",NA
1900441,Yevgeniya Tarasova,M,NA,NA,NA,,,2022 Winter,2022,Winter,Beijing,Figure Skating,"Figure Skating Team, Mixed",NA
1900442,Vladimir Morozov,M,NA,NA,NA,,,2022 Winter,2022,Winter,Beijing,Figure Skating,"Figure Skating Team, Mixed",NA
1900443,Diana Davis,M,NA,NA,NA,,,2022 Winter,2022,Winter,Beijing,Figure Skating,"Figure Skating Team, Mixed",NA
1900444,Gleb Smolkin,M,NA,NA,NA,,,2022 Winter,2022,Winter,Beijing,Figure Skating,"Figure Skating Team, Mixed",NA
1900445,Aleksandra Stepanova,M,NA,NA,NA,,,2022 Winter,2022,Winter,Beijing,Figure Skating,"Figure Skating Team, Mixed",NA
1900446,Ivan Bukin,M,NA,NA,NA,,,2022 Winter,2022,Winter,Beijing,Figure Skating,"Figure Skating Team, Mixed",NA
1900447,Roman Sadovsky,M,NA,NA,NA,,,2022 Winter,2022,Winter,Beijing,Figure Skating,"Figure Skating Team, Mixed",NA
1900448,Piper Gilles,M,NA,NA,NA,,,2022 Winter,2022,Winter,Beijing,Figure Skating,"Figure Skating Team, Mixed",NA
1900449,Paul Poirier,M,NA,NA,NA,,,2022 Winter,2022,Winter,Beijing,Figure Skating,"Figure Skating Team, Mixed",NA
1900450,Kirsten Moore-Towers,M,NA,NA,NA,,,2022 Winter,2022,Winter,Beijing,Figure Skating,"Figure Skating Team, Mixed",NA
1900451,Michael Marinaro,M,NA,NA,NA,,,2022 Winter,2022,Winter,Beijing,Figure Skating,"Figure Skating Team, Mixed",NA
1900452,Madeline Schizas,M,NA,NA,NA,,,2022 Winter,2022,Winter,Beijing,Figure Skating,"Figure Skating Team, Mixed",NA
1900453,Vanessa James,M,NA,NA,NA,,,2022 Winter,2022,Winter,Beijing,Figure Skating,"Figure Skating Team, Mixed",NA
1900454,Eric Radford,M,NA,NA,NA,,,2022 Winter,2022,Winter,Beijing,Figure Skating,"Figure Skating Team, Mixed",NA
1900455,Keegan Messing,M,NA,NA,NA,,,2022 Winter,2022,Winter,Beijing,Figure Skating,"Figure Skating Team, Mixed",NA
1900456,Laurence Fournier Beaudry,M,NA,NA,NA,,,2022 Winter,2022,Winter,Beijing,Figure Skating,"Figure Skating Team, Mixed",NA
1900457,Nikolaj Sørensen,M,NA,NA,NA,,,2022 Winter,2022,Winter,Beijing,Figure Skating,"Figure Skating Team, Mixed",NA
1900458,Marjorie Lajoie,M,NA,NA,NA,,,2022 Winter,2022,Winter,Beijing,Figure Skating,"Figure Skating Team, Mixed",NA
1900459,Zachary Lagha,M,NA,NA,NA,,,2022 Winter,2022,Winter,Beijing,Figure Skating,"Figure Skating Team, Mixed",NA
1900460,Jin Boyang,M,NA,NA,NA,,,2022 Winter,2022,Winter,Beijing,Figure Skating,"Figure Skating Team, Mixed",NA
1900461,Wang Shiyue,M,NA,NA,NA,,,2022 Winter,2022,Winter,Beijing,Figure Skating,"Figure Skating Team, Mixed",NA
1900462,Liu Xinyu,M,NA,NA,NA,,,2022 Winter,2022,Winter,Beijing,Figure Skating,"Figure Skating Team, Mixed",NA
1900463,Sui Wenjing,M,NA,NA,NA,,,2022 Winter,2022,Winter,Beijing,Figure Skating,"Figure Skating Team, Mixed",NA
1900464,Han Cong,M,NA,NA,NA,,,2022 Winter,2022,Winter,Beijing,Figure Skating,"Figure Skating Team, Mixed",NA
1900465,Zhu Yi,M,NA,NA,NA,,,2022 Winter,2022,Winter,Beijing,Figure Skating,"Figure Skating Team, Mixed",NA
1900466,Peng Cheng,M,NA,NA,NA,,,2022 Winter,2022,Winter,Beijing,Figure Skating,"Figure Skating Team, Mixed",NA
1900467,Jin Yang,M,NA,NA,NA,,,2022 Winter,2022,Winter,Beijing,Figure Skating,"Figure Skating Team, Mixed",NA
1900468,Morisi Kvitelashvili,M,NA,NA,NA,,,2022 Winter,2022,Winter,Beijing,Figure Skating,"Figure Skating Team, Mixed",NA
1900469,Mariya Kazakova,M,NA,NA,NA,,,2022 Winter,2022,Winter,Beijing,Figure Skating,"Figure Skating Team, Mixed",NA
1900470,Georgy Reviya,M,NA,NA,NA,,,2022 Winter,2022,Winter,Beijing,Figure Skating,"Figure Skating Team, Mixed",NA
1900471,Karina Safina,M,NA,NA,NA,,,2022 Winter,2022,Winter,Beijing,Figure Skating,"Figure Skating Team, Mixed",NA
1900472,Luka Berulava,M,NA,NA,NA,,,2022 Winter,2022,Winter,Beijing,Figure Skating,"Figure Skating Team, Mixed",NA
1900473,Anastasiya Gubanova,M,NA,NA,NA,,,2022 Winter,2022,Winter,Beijing,Figure Skating,"Figure Skating Team, Mixed",NA
1900474,Daniel Grassl,M,NA,NA,NA,,,2022 Winter,2022,Winter,Beijing,Figure Skating,"Figure Skating Team, Mixed",NA
1900475,Charlène Guignard,M,NA,NA,NA,,,2022 Winter,2022,Winter,Beijing,Figure Skating,"Figure Skating Team, Mixed",NA
1900476,Marco Fabbri,M,NA,NA,NA,,,2022 Winter,2022,Winter,Beijing,Figure Skating,"Figure Skating Team, Mixed",NA
1900477,Nicole Della Monica,M,NA,NA,NA,,,2022 Winter,2022,Winter,Beijing,Figure Skating,"Figure Skating Team, Mixed",NA
1900478,Matteo Guarise,M,NA,NA,NA,,,2022 Winter,2022,Winter,Beijing,Figure Skating,"Figure Skating Team, Mixed",NA
1900479,Lara Naki Gutmann,M,NA,NA,NA,,,2022 Winter,2022,Winter,Beijing,Figure Skating,"Figure Skating Team, Mixed",NA
1900480,Matteo Rizzo,M,NA,NA,NA,,,2022 Winter,2022,Winter,Beijing,Figure Skating,"Figure Skating Team, Mixed",NA
1900481,Rebecca Ghilardi,M,NA,NA,NA,,,2022 Winter,2022,Winter,Beijing,Figure Skating,"Figure Skating Team, Mixed",NA
1900482,Filippo Ambrosini,M,NA,NA,NA,,,2022 Winter,2022,Winter,Beijing,Figure Skating,"Figure Skating Team, Mixed",NA
1900483,Michal Březina,M,NA,NA,NA,,,2022 Winter,2022,Winter,Beijing,Figure Skating,"Figure Skating Team, Mixed",NA
1900484,Natálie Taschlerová,M,NA,NA,NA,,,2022 Winter,2022,Winter,Beijing,Figure Skating,"Figure Skating Team, Mixed",NA
1900485,Filip Taschler,M,NA,NA,NA,,,2022 Winter,2022,Winter,Beijing,Figure Skating,"Figure Skating Team, Mixed",NA
1900486,Jelizaveta Žuková,M,NA,NA,NA,,,2022 Winter,2022,Winter,Beijing,Figure Skating,"Figure Skating Team, Mixed",NA
1900487,Martin Bidař,M,NA,NA,NA,,,2022 Winter,2022,Winter,Beijing,Figure Skating,"Figure Skating Team, Mixed",NA
1900488,Eliška Březinová,M,NA,NA,NA,,,2022 Winter,2022,Winter,Beijing,Figure Skating,"Figure Skating Team, Mixed",NA
1900489,Paul Fentz,M,NA,NA,NA,,,2022 Winter,2022,Winter,Beijing,Figure Skating,"Figure Skating Team, Mixed",NA
1900490,Katharina Müller,M,NA,NA,NA,,,2022 Winter,2022,Winter,Beijing,Figure Skating,"Figure Skating Team, Mixed",NA
1900491,Tim Dieck,M,NA,NA,NA,,,2022 Winter,2022,Winter,Beijing,Figure Skating,"Figure Skating Team, Mixed",NA
1900492,Nicole Schott,M,NA,NA,NA,,,2022 Winter,2022,Winter,Beijing,Figure Skating,"Figure Skating Team, Mixed",NA
1900493,Nolan Seegert,M,NA,NA,NA,,,2022 Winter,2022,Winter,Beijing,Figure Skating,"Figure Skating Team, Mixed",NA
1900494,Minerva Hase,M,NA,NA,NA,,,2022 Winter,2022,Winter,Beijing,Figure Skating,"Figure Skating Team, Mixed",NA
1900495,Oleksandra Nazarova,M,NA,NA,NA,,,2022 Winter,2022,Winter,Beijing,Figure Skating,"Figure Skating Team, Mixed",NA
1900496,Max Nikitin,M,NA,NA,NA,,,2022 Winter,2022,Winter,Beijing,Figure Skating,"Figure Skating Team, Mixed",NA
1900497,Sofiya Holichenko,M,NA,NA,NA,,,2022 Winter,2022,Winter,Beijing,Figure Skating,"Figure Skating Team, Mixed",NA
1900498,Artem Darenskyi,M,NA,NA,NA,,,2022 Winter,2022,Winter,Beijing,Figure Skating,"Figure Skating Team, Mixed",NA
1900499,Anastasiya Shabotova,M,NA,NA,NA,,,2022 Winter,2022,Winter,Beijing,Figure Skating,"Figure Skating Team, Mixed",NA
1900500,Ivan Shmuratko,M,NA,NA,NA,,,2022 Winter,2022,Winter,Beijing,Figure Skating,"Figure Skating Team, Mixed",NA
1900501,Mikhail Shaydorov,M,NA,NA,NA,KAZ,KAZ,2026 Winter,2026,Winter,Milano-Cortina,Figure Skating,"Figure Skating Singles, Men",Gold
1900502,Yuma Kagiyama,M,NA,NA,NA,JPN,JPN,2026 Winter,2026,Winter,Milano-Cortina,Figure Skating,"Figure Skating Singles, Men",Silver
1900503,Shun Sato,M,NA,NA,NA,JPN,JPN,2026 Winter,2026,Winter,Milano-Cortina,Figure Skating,"Figure Skating Singles, Men",Bronze
1900504,Cha Jun-Hwan,M,NA,NA,NA,KOR,KOR,2026 Winter,2026,Winter,Milano-Cortina,Figure Skating,"Figure Skating Singles, Men",NA
1900505,Stephen Gogolev,M,NA,NA,NA,CAN,CAN,2026 Winter,2026,Winter,Milano-Cortina,Figure Skating,"Figure Skating Singles, Men",NA
1900506,Pyotr Gumennik,M,NA,NA,NA,AIN,AIN,2026 Winter,2026,Winter,Milano-Cortina,Figure Skating,"Figure Skating Singles, Men",NA
1900507,Adam Siao Him Fa,M,NA,NA,NA,FRA,FRA,2026 Winter,2026,Winter,Milano-Cortina,Figure Skating,"Figure Skating Singles, Men",NA
1900508,Ilia Malinin,M,NA,NA,NA,USA,USA,2026 Winter,2026,Winter,Milano-Cortina,Figure Skating,"Figure Skating Singles, Men",NA
1900509,Daniel Grassl,M,NA,NA,NA,ITA,ITA,2026 Winter,2026,Winter,Milano-Cortina,Figure Skating,"Figure Skating Singles, Men",NA
1900510,Nika Egadze,M,NA,NA,NA,GEO,GEO,2026 Winter,2026,Winter,Milano-Cortina,Figure Skating,"Figure Skating Singles, Men",NA
1900511,Kevin Aymoz,M,NA,NA,NA,FRA,FRA,2026 Winter,2026,Winter,Milano-Cortina,Figure Skating,"Figure Skating Singles, Men",NA
1900512,Andrew Torgashev,M,NA,NA,NA,USA,USA,2026 Winter,2026,Winter,Milano-Cortina,Figure Skating,"Figure Skating Singles, Men",NA
1900513,Kao Miura,M,NA,NA,NA,JPN,JPN,2026 Winter,2026,Winter,Milano-Cortina,Figure Skating,"Figure Skating Singles, Men",NA
1900514,Lukas Britschgi,M,NA,NA,NA,SUI,SUI,2026 Winter,2026,Winter,Milano-Cortina,Figure Skating,"Figure Skating Singles, Men",NA
1900515,Matteo Rizzo,M,NA,NA,NA,ITA,ITA,2026 Winter,2026,Winter,Milano-Cortina,Figure Skating,"Figure Skating Singles, Men",NA
1900516,Aleksandr Selevko,M,NA,NA,NA,EST,EST,2026 Winter,2026,Winter,Milano-Cortina,Figure Skating,"Figure Skating Singles, Men",NA
1900517,Jin Boyang,M,NA,NA,NA,CHN,CHN,2026 Winter,2026,Winter,Milano-Cortina,Figure Skating,"Figure Skating Singles, Men",NA
1900518,Deniss Vasiļjevs,M,NA,NA,NA,LAT,LAT,2026 Winter,2026,Winter,Milano-Cortina,Figure Skating,"Figure Skating Singles, Men",NA
1900519,Kyrylo Marsak,M,NA,NA,NA,UKR,UKR,2026 Winter,2026,Winter,Milano-Cortina,Figure Skating,"Figure Skating Singles, Men",NA
1900520,Maxim Naumov,M,NA,NA,NA,USA,USA,2026 Winter,2026,Winter,Milano-Cortina,Figure Skating,"Figure Skating Singles, Men",NA
1900521,Vladimir Samoilov,M,NA,NA,NA,POL,POL,2026 Winter,2026,Winter,Milano-Cortina,Figure Skating,"Figure Skating Singles, Men",NA
1900522,Donovan Carrillo,M,NA,NA,NA,MEX,MEX,2026 Winter,2026,Winter,Milano-Cortina,Figure Skating,"Figure Skating Singles, Men",NA
1900523,Li Yu-Hsiang,M,NA,NA,NA,TPE,TPE,2026 Winter,2026,Winter,Milano-Cortina,Figure Skating,"Figure Skating Singles, Men",NA
1900524,Adam Hagara,M,NA,NA,NA,SVK,SVK,2026 Winter,2026,Winter,Milano-Cortina,Figure Skating,"Figure Skating Singles, Men",NA
1900525,Tomáš Guarino,M,NA,NA,NA,ESP,ESP,2026 Winter,2026,Winter,Milano-Cortina,Figure Skating,"Figure Skating Singles, Men",NA
1900526,Kim Hyeon-Gyeom,M,NA,NA,NA,KOR,KOR,2026 Winter,2026,Winter,Milano-Cortina,Figure Skating,"Figure Skating Singles, Men",NA
1900527,Andreas Nordebäck,M,NA,NA,NA,SWE,SWE,2026 Winter,2026,Winter,Milano-Cortina,Figure Skating,"Figure Skating Singles, Men",NA
1900528,Fedir Kulish,M,NA,NA,NA,LAT,LAT,2026 Winter,2026,Winter,Milano-Cortina,Figure Skating,"Figure Skating Singles, Men",NA
1900529,Vladimir Litvintsev,M,NA,NA,NA,AZE,AZE,2026 Winter,2026,Winter,Milano-Cortina,Figure Skating,"Figure Skating Singles, Men",NA
1900530,Alysa Liu,F,NA,NA,NA,USA,USA,2026 Winter,2026,Winter,Milano-Cortina,Figure Skating,"Figure Skating Singles, Women",Gold
1900531,Kaori Sakamoto,F,NA,NA,NA,JPN,JPN,2026 Winter,2026,Winter,Milano-Cortina,Figure Skating,"Figure Skating Singles, Women",Silver
1900532,Ami Nakai,F,NA,NA,NA,JPN,JPN,2026 Winter,2026,Winter,Milano-Cortina,Figure Skating,"Figure Skating Singles, Women",Bronze
1900533,Mone Chiba,F,NA,NA,NA,JPN,JPN,2026 Winter,2026,Winter,Milano-Cortina,Figure Skating,"Figure Skating Singles, Women",NA
1900534,Amber Glenn,F,NA,NA,NA,USA,USA,2026 Winter,2026,Winter,Milano-Cortina,Figure Skating,"Figure Skating Singles, Women",NA
1900535,Adeliya Petrosyan,F,NA,NA,NA,AIN,AIN,2026 Winter,2026,Winter,Milano-Cortina,Figure Skating,"Figure Skating Singles, Women",NA
1900536,Niina Petrõkina,F,NA,NA,NA,EST,EST,2026 Winter,2026,Winter,Milano-Cortina,Figure Skating,"Figure Skating Singles, Women",NA
1900537,Lee Hae-In,F,NA,NA,NA,KOR,KOR,2026 Winter,2026,Winter,Milano-Cortina,Figure Skating,"Figure Skating Singles, Women",NA
1900538,Anastasiya Gubanova,F,NA,NA,NA,GEO,GEO,2026 Winter,2026,Winter,Milano-Cortina,Figure Skating,"Figure Skating Singles, Women",NA
1900539,Sofia Samodelkina,F,NA,NA,NA,KAZ,KAZ,2026 Winter,2026,Winter,Milano-Cortina,Figure Skating,"Figure Skating Singles, Women",NA
1900540,Sin Ji-A,F,NA,NA,NA,KOR,KOR,2026 Winter,2026,Winter,Milano-Cortina,Figure Skating,"Figure Skating Singles, Women",NA
1900541,Isabeau Levito,F,NA,NA,NA,USA,USA,2026 Winter,2026,Winter,Milano-Cortina,Figure Skating,"Figure Skating Singles, Women",NA
1900542,Nina Pinzarrone,F,NA,NA,NA,BEL,BEL,2026 Winter,2026,Winter,Milano-Cortina,Figure Skating,"Figure Skating Singles, Women",NA
1900543,Loena Hendrickx,F,NA,NA,NA,BEL,BEL,2026 Winter,2026,Winter,Milano-Cortina,Figure Skating,"Figure Skating Singles, Women",NA
1900544,Lara Naki Gutmann,F,NA,NA,NA,ITA,ITA,2026 Winter,2026,Winter,Milano-Cortina,Figure Skating,"Figure Skating Singles, Women",NA
1900545,Iida Karhunen,F,NA,NA,NA,FIN,FIN,2026 Winter,2026,Winter,Milano-Cortina,Figure Skating,"Figure Skating Singles, Women",NA
1900546,Julia Sauter-Czarnik,F,NA,NA,NA,ROU,ROU,2026 Winter,2026,Winter,Milano-Cortina,Figure Skating,"Figure Skating Singles, Women",NA
1900547,Olga Mikutina,F,NA,NA,NA,AUT,AUT,2026 Winter,2026,Winter,Milano-Cortina,Figure Skating,"Figure Skating Singles, Women",NA
1900548,Zhang Ruiyang,F,NA,NA,NA,CHN,CHN,2026 Winter,2026,Winter,Milano-Cortina,Figure Skating,"Figure Skating Singles, Women",NA
1900549,Katia Kurakova,F,NA,NA,NA,POL,POL,2026 Winter,2026,Winter,Milano-Cortina,Figure Skating,"Figure Skating Singles, Women",NA
1900550,Livia Kaiser,F,NA,NA,NA,SUI,SUI,2026 Winter,2026,Winter,Milano-Cortina,Figure Skating,"Figure Skating Singles, Women",NA
1900551,Lorine Schild,F,NA,NA,NA,FRA,FRA,2026 Winter,2026,Winter,Milano-Cortina,Figure Skating,"Figure Skating Singles, Women",NA
1900552,Kimmy Repond,F,NA,NA,NA,SUI,SUI,2026 Winter,2026,Winter,Milano-Cortina,Figure Skating,"Figure Skating Singles, Women",NA
1900553,Mariia Seniuk,F,NA,NA,NA,ISR,ISR,2026 Winter,2026,Winter,Milano-Cortina,Figure Skating,"Figure Skating Singles, Women",NA
1900554,Madeline Schizas,F,NA,NA,NA,CAN,CAN,2026 Winter,2026,Winter,Milano-Cortina,Figure Skating,"Figure Skating Singles, Women",NA
1900555,Viktoryia Safonava,F,NA,NA,NA,AIN,AIN,2026 Winter,2026,Winter,Milano-Cortina,Figure Skating,"Figure Skating Singles, Women",NA
1900556,Meda Variakojytė,F,NA,NA,NA,LTU,LTU,2026 Winter,2026,Winter,Milano-Cortina,Figure Skating,"Figure Skating Singles, Women",NA
1900557,Aleksandra Feigin,F,NA,NA,NA,BUL,BUL,2026 Winter,2026,Winter,Milano-Cortina,Figure Skating,"Figure Skating Singles, Women",NA
1900558,Kristen Spours,F,NA,NA,NA,GBR,GBR,2026 Winter,2026,Winter,Milano-Cortina,Figure Skating,"Figure Skating Singles, Women",NA
1900559,Riku Miura,M,NA,NA,NA,,,2026 Winter,2026,Winter,Milano-Cortina,Figure Skating,"Figure Skating Pairs, Mixed",NA
1900560,Ryuichi Kihara,M,NA,NA,NA,,,2026 Winter,2026,Winter,Milano-Cortina,Figure Skating,"Figure Skating Pairs, Mixed",NA
1900561,Anastasiya Metelkina,M,NA,NA,NA,,,2026 Winter,2026,Winter,Milano-Cortina,Figure Skating,"Figure Skating Pairs, Mixed",NA
1900562,Luka Berulava,M,NA,NA,NA,,,2026 Winter,2026,Winter,Milano-Cortina,Figure Skating,"Figure Skating Pairs, Mixed",NA
1900563,Minerva Hase,M,NA,NA,NA,,,2026 Winter,2026,Winter,Milano-Cortina,Figure Skating,"Figure Skating Pairs, Mixed",NA
1900564,Nikita Volodin,M,NA,NA,NA,,,2026 Winter,2026,Winter,Milano-Cortina,Figure Skating,"Figure Skating Pairs, Mixed",NA
1900565,Maria Pavlova,M,NA,NA,NA,,,2026 Winter,2026,Winter,Milano-Cortina,Figure Skating,"Figure Skating Pairs, Mixed",NA
1900566,Alexei Sviatchenko,M,NA,NA,NA,,,2026 Winter,2026,Winter,Milano-Cortina,Figure Skating,"Figure Skating Pairs, Mixed",NA
1900567,Sui Wenjing,M,NA,NA,NA,,,2026 Winter,2026,Winter,Milano-Cortina,Figure Skating,"Figure Skating Pairs, Mixed",NA
1900568,Han Cong,M,NA,NA,NA,,,2026 Winter,2026,Winter,Milano-Cortina,Figure Skating,"Figure Skating Pairs, Mixed",NA
1900569,Sara Conti,M,NA,NA,NA,,,2026 Winter,2026,Winter,Milano-Cortina,Figure Skating,"Figure Skating Pairs, Mixed",NA
1900570,Niccolò Macii,M,NA,NA,NA,,,2026 Winter,2026,Winter,Milano-Cortina,Figure Skating,"Figure Skating Pairs, Mixed",NA
1900571,Emily Chan,M,NA,NA,NA,,,2026 Winter,2026,Winter,Milano-Cortina,Figure Skating,"Figure Skating Pairs, Mixed",NA
1900572,Spencer Howe,M,NA,NA,NA,,,2026 Winter,2026,Winter,Milano-Cortina,Figure Skating,"Figure Skating Pairs, Mixed",NA
1900573,Lia Pereira,M,NA,NA,NA,,,2026 Winter,2026,Winter,Milano-Cortina,Figure Skating,"Figure Skating Pairs, Mixed",NA
1900574,Trennt Michaud,M,NA,NA,NA,,,2026 Winter,2026,Winter,Milano-Cortina,Figure Skating,"Figure Skating Pairs, Mixed",NA
1900575,Ellie Kam,M,NA,NA,NA,,,2026 Winter,2026,Winter,Milano-Cortina,Figure Skating,"Figure Skating Pairs, Mixed",NA
1900576,Danny O'Shea,M,NA,NA,NA,,,2026 Winter,2026,Winter,Milano-Cortina,Figure Skating,"Figure Skating Pairs, Mixed",NA
1900577,Annika Hocke,M,NA,NA,NA,,,2026 Winter,2026,Winter,Milano-Cortina,Figure Skating,"Figure Skating Pairs, Mixed",NA
1900578,Robert Kunkel,M,NA,NA,NA,,,2026 Winter,2026,Winter,Milano-Cortina,Figure Skating,"Figure Skating Pairs, Mixed",NA
1900579,Deanna Stellato-Dudek,M,NA,NA,NA,,,2026 Winter,2026,Winter,Milano-Cortina,Figure Skating,"Figure Skating Pairs, Mixed",NA
1900580,Maxime Deschamps,M,NA,NA,NA,,,2026 Winter,2026,Winter,Milano-Cortina,Figure Skating,"Figure Skating Pairs, Mixed",NA
1900581,Rebecca Ghilardi,M,NA,NA,NA,,,2026 Winter,2026,Winter,Milano-Cortina,Figure Skating,"Figure Skating Pairs, Mixed",NA
1900582,Filippo Ambrosini,M,NA,NA,NA,,,2026 Winter,2026,Winter,Milano-Cortina,Figure Skating,"Figure Skating Pairs, Mixed",NA
1900583,Ioulia Chtchetinina,M,NA,NA,NA,,,2026 Winter,2026,Winter,Milano-Cortina,Figure Skating,"Figure Skating Pairs, Mixed",NA
1900584,Michal Wozniak,M,NA,NA,NA,,,2026 Winter,2026,Winter,Milano-Cortina,Figure Skating,"Figure Skating Pairs, Mixed",NA
1900585,Karina Akopova,M,NA,NA,NA,,,2026 Winter,2026,Winter,Milano-Cortina,Figure Skating,"Figure Skating Pairs, Mixed",NA
1900586,Nikita Rakhmanin,M,NA,NA,NA,,,2026 Winter,2026,Winter,Milano-Cortina,Figure Skating,"Figure Skating Pairs, Mixed",NA
1900587,Anastasia Vaipan-Law,M,NA,NA,NA,,,2026 Winter,2026,Winter,Milano-Cortina,Figure Skating,"Figure Skating Pairs, Mixed",NA
1900588,Luke Digby,M,NA,NA,NA,,,2026 Winter,2026,Winter,Milano-Cortina,Figure Skating,"Figure Skating Pairs, Mixed",NA
1900589,Camille Kovalev,M,NA,NA,NA,,,2026 Winter,2026,Winter,Milano-Cortina,Figure Skating,"Figure Skating Pairs, Mixed",NA
1900590,Pavel Kovalev,M,NA,NA,NA,,,2026 Winter,2026,Winter,Milano-Cortina,Figure Skating,"Figure Skating Pairs, Mixed",NA
1900591,Daria Danilova,M,NA,NA,NA,,,2026 Winter,2026,Winter,Milano-Cortina,Figure Skating,"Figure Skating Pairs, Mixed",NA
1900592,Michel Tsiba,M,NA,NA,NA,,,2026 Winter,2026,Winter,Milano-Cortina,Figure Skating,"Figure Skating Pairs, Mixed",NA
1900593,Anastasia Golubeva,M,NA,NA,NA,,,2026 Winter,2026,Winter,Milano-Cortina,Figure Skating,"Figure Skating Pairs, Mixed",NA
1900594,Hektor Giotopoulos Moore,M,NA,NA,NA,,,2026 Winter,2026,Winter,Milano-Cortina,Figure Skating,"Figure Skating Pairs, Mixed",NA
1900595,Yuna Nagaoka,M,NA,NA,NA,,,2026 Winter,2026,Winter,Milano-Cortina,Figure Skating,"Figure Skating Pairs, Mixed",NA
1900596,Sumitada Moriguchi,M,NA,NA,NA,,,2026 Winter,2026,Winter,Milano-Cortina,Figure Skating,"Figure Skating Pairs, Mixed",NA
1900597,Laurence Fournier Beaudry,M,NA,NA,NA,,,2026 Winter,2026,Winter,Milano-Cortina,Figure Skating,"Figure Skating Ice Dance, Mixed",NA
1900598,Guillaume Cizeron,M,NA,NA,NA,,,2026 Winter,2026,Winter,Milano-Cortina,Figure Skating,"Figure Skating Ice Dance, Mixed",NA
1900599,Madison Chock,M,NA,NA,NA,,,2026 Winter,2026,Winter,Milano-Cortina,Figure Skating,"Figure Skating Ice Dance, Mixed",NA
1900600,Evan Bates,M,NA,NA,NA,,,2026 Winter,2026,Winter,Milano-Cortina,Figure Skating,"Figure Skating Ice Dance, Mixed",NA
1900601,Piper Gilles,M,NA,NA,NA,,,2026 Winter,2026,Winter,Milano-Cortina,Figure Skating,"Figure Skating Ice Dance, Mixed",NA
1900602,Paul Poirier,M,NA,NA,NA,,,2026 Winter,2026,Winter,Milano-Cortina,Figure Skating,"Figure Skating Ice Dance, Mixed",NA
1900603,Charlène Guignard,M,NA,NA,NA,,,2026 Winter,2026,Winter,Milano-Cortina,Figure Skating,"Figure Skating Ice Dance, Mixed",NA
1900604,Marco Fabbri,M,NA,NA,NA,,,2026 Winter,2026,Winter,Milano-Cortina,Figure Skating,"Figure Skating Ice Dance, Mixed",NA
1900605,Emilea Zingas,M,NA,NA,NA,,,2026 Winter,2026,Winter,Milano-Cortina,Figure Skating,"Figure Skating Ice Dance, Mixed",NA
1900606,Vadym Kolesnik,M,NA,NA,NA,,,2026 Winter,2026,Winter,Milano-Cortina,Figure Skating,"Figure Skating Ice Dance, Mixed",NA
1900607,Allison Reed,M,NA,NA,NA,,,2026 Winter,2026,Winter,Milano-Cortina,Figure Skating,"Figure Skating Ice Dance, Mixed",NA
1900608,Saulius Ambrulevičius,M,NA,NA,NA,,,2026 Winter,2026,Winter,Milano-Cortina,Figure Skating,"Figure Skating Ice Dance, Mixed",NA
1900609,Lilah Fear,M,NA,NA,NA,,,2026 Winter,2026,Winter,Milano-Cortina,Figure Skating,"Figure Skating Ice Dance, Mixed",NA
1900610,Lewis Gibson,M,NA,NA,NA,,,2026 Winter,2026,Winter,Milano-Cortina,Figure Skating,"Figure Skating Ice Dance, Mixed",NA
1900611,Evgeniia Lopareva,M,NA,NA,NA,,,2026 Winter,2026,Winter,Milano-Cortina,Figure Skating,"Figure Skating Ice Dance, Mixed",NA
1900612,Geoffrey Brissaud,M,NA,NA,NA,,,2026 Winter,2026,Winter,Milano-Cortina,Figure Skating,"Figure Skating Ice Dance, Mixed",NA
1900613,Olivia Smart,M,NA,NA,NA,,,2026 Winter,2026,Winter,Milano-Cortina,Figure Skating,"Figure Skating Ice Dance, Mixed",NA
1900614,Tim Dieck,M,NA,NA,NA,,,2026 Winter,2026,Winter,Milano-Cortina,Figure Skating,"Figure Skating Ice Dance, Mixed",NA
1900615,Marjorie Lajoie,M,NA,NA,NA,,,2026 Winter,2026,Winter,Milano-Cortina,Figure Skating,"Figure Skating Ice Dance, Mixed",NA
1900616,Zachary Lagha,M,NA,NA,NA,,,2026 Winter,2026,Winter,Milano-Cortina,Figure Skating,"Figure Skating Ice Dance, Mixed",NA
1900617,Christina Carreira,M,NA,NA,NA,,,2026 Winter,2026,Winter,Milano-Cortina,Figure Skating,"Figure Skating Ice Dance, Mixed",NA
1900618,Anthony Ponomarenko,M,NA,NA,NA,,,2026 Winter,2026,Winter,Milano-Cortina,Figure Skating,"Figure Skating Ice Dance, Mixed",NA
1900619,Juulia Turkkila,M,NA,NA,NA,,,2026 Winter,2026,Winter,Milano-Cortina,Figure Skating,"Figure Skating Ice Dance, Mixed",NA
1900620,Matthias Versluis,M,NA,NA,NA,,,2026 Winter,2026,Winter,Milano-Cortina,Figure Skating,"Figure Skating Ice Dance, Mixed",NA
1900621,Diana Davis,M,NA,NA,NA,,,2026 Winter,2026,Winter,Milano-Cortina,Figure Skating,"Figure Skating Ice Dance, Mixed",NA
1900622,Gleb Smolkin,M,NA,NA,NA,,,2026 Winter,2026,Winter,Milano-Cortina,Figure Skating,"Figure Skating Ice Dance, Mixed",NA
1900623,Marie-Jade Lauriault,M,NA,NA,NA,,,2026 Winter,2026,Winter,Milano-Cortina,Figure Skating,"Figure Skating Ice Dance, Mixed",NA
1900624,Romain Le Gac,M,NA,NA,NA,,,2026 Winter,2026,Winter,Milano-Cortina,Figure Skating,"Figure Skating Ice Dance, Mixed",NA
1900625,Natálie Taschlerová,M,NA,NA,NA,,,2026 Winter,2026,Winter,Milano-Cortina,Figure Skating,"Figure Skating Ice Dance, Mixed",NA
1900626,Filip Taschler,M,NA,NA,NA,,,2026 Winter,2026,Winter,Milano-Cortina,Figure Skating,"Figure Skating Ice Dance, Mixed",NA
1900627,Kateřina Mrázková,M,NA,NA,NA,,,2026 Winter,2026,Winter,Milano-Cortina,Figure Skating,"Figure Skating Ice Dance, Mixed",NA
1900628,Daniel Mrázek,M,NA,NA,NA,,,2026 Winter,2026,Winter,Milano-Cortina,Figure Skating,"Figure Skating Ice Dance, Mixed",NA
1900629,Phebe Bekker,M,NA,NA,NA,,,2026 Winter,2026,Winter,Milano-Cortina,Figure Skating,"Figure Skating Ice Dance, Mixed",NA
1900630,James Hernandez,M,NA,NA,NA,,,2026 Winter,2026,Winter,Milano-Cortina,Figure Skating,"Figure Skating Ice Dance, Mixed",NA
1900631,Holly Harris,M,NA,NA,NA,,,2026 Winter,2026,Winter,Milano-Cortina,Figure Skating,"Figure Skating Ice Dance, Mixed",NA
1900632,Jason Chan,M,NA,NA,NA,,,2026 Winter,2026,Winter,Milano-Cortina,Figure Skating,"Figure Skating Ice Dance, Mixed",NA
1900633,Sofía Val,M,NA,NA,NA,,,2026 Winter,2026,Winter,Milano-Cortina,Figure Skating,"Figure Skating Ice Dance, Mixed",NA
1900634,Asaf Kazimov,M,NA,NA,NA,,,2026 Winter,2026,Winter,Milano-Cortina,Figure Skating,"Figure Skating Ice Dance, Mixed",NA
1900635,Milla Reitan,M,NA,NA,NA,,,2026 Winter,2026,Winter,Milano-Cortina,Figure Skating,"Figure Skating Ice Dance, Mixed",NA
1900636,Nikolaj Majorov,M,NA,NA,NA,,,2026 Winter,2026,Winter,Milano-Cortina,Figure Skating,"Figure Skating Ice Dance, Mixed",NA
1900637,Wang Shiyue,M,NA,NA,NA,,,2026 Winter,2026,Winter,Milano-Cortina,Figure Skating,"Figure Skating Ice Dance, Mixed",NA
1900638,Liu Xinyu,M,NA,NA,NA,,,2026 Winter,2026,Winter,Milano-Cortina,Figure Skating,"Figure Skating Ice Dance, Mixed",NA
1900639,Lim Hannah,M,NA,NA,NA,,,2026 Winter,2026,Winter,Milano-Cortina,Figure Skating,"Figure Skating Ice Dance, Mixed",NA
1900640,Quan Ye,M,NA,NA,NA,,,2026 Winter,2026,Winter,Milano-Cortina,Figure Skating,"Figure Skating Ice Dance, Mixed",NA
1900641,Jennifer Janse van Rensburg,M,NA,NA,NA,,,2026 Winter,2026,Winter,Milano-Cortina,Figure Skating,"Figure Skating Ice Dance, Mixed",NA
1900642,Benjamin Steffan,M,NA,NA,NA,,,2026 Winter,2026,Winter,Milano-Cortina,Figure Skating,"Figure Skating Ice Dance, Mixed",NA
1900643,Madison Chock,M,NA,NA,NA,,,2026 Winter,2026,Winter,Milano-Cortina,Figure Skating,"Figure Skating Team, Mixed",NA
1900644,Amber Glenn,M,NA,NA,NA,,,2026 Winter,2026,Winter,Milano-Cortina,Figure Skating,"Figure Skating Team, Mixed",NA
1900645,Ellie Kam,M,NA,NA,NA,,,2026 Winter,2026,Winter,Milano-Cortina,Figure Skating,"Figure Skating Team, Mixed",NA
1900646,Alysa Liu,M,NA,NA,NA,,,2026 Winter,2026,Winter,Milano-Cortina,Figure Skating,"Figure Skating Team, Mixed",NA
1900647,Evan Bates,M,NA,NA,NA,,,2026 Winter,2026,Winter,Milano-Cortina,Figure Skating,"Figure Skating Team, Mixed",NA
1900648,Ilia Malinin,M,NA,NA,NA,,,2026 Winter,2026,Winter,Milano-Cortina,Figure Skating,"Figure Skating Team, Mixed",NA
1900649,Danny O'Shea,M,NA,NA,NA,,,2026 Winter,2026,Winter,Milano-Cortina,Figure Skating,"Figure Skating Team, Mixed",NA
1900650,Riku Miura,M,NA,NA,NA,,,2026 Winter,2026,Winter,Milano-Cortina,Figure Skating,"Figure Skating Team, Mixed",NA
1900651,Kaori Sakamoto,M,NA,NA,NA,,,2026 Winter,2026,Winter,Milano-Cortina,Figure Skating,"Figure Skating Team, Mixed",NA
1900652,Utana Yoshida,M,NA,NA,NA,,,2026 Winter,2026,Winter,Milano-Cortina,Figure Skating,"Figure Skating Team, Mixed",NA
1900653,Yuma Kagiyama,M,NA,NA,NA,,,2026 Winter,2026,Winter,Milano-Cortina,Figure Skating,"Figure Skating Team, Mixed",NA
1900654,Ryuichi Kihara,M,NA,NA,NA,,,2026 Winter,2026,Winter,Milano-Cortina,Figure Skating,"Figure Skating Team, Mixed",NA
1900655,Masaya Morita,M,NA,NA,NA,,,2026 Winter,2026,Winter,Milano-Cortina,Figure Skating,"Figure Skating Team, Mixed",NA
1900656,Shun Sato,M,NA,NA,NA,,,2026 Winter,2026,Winter,Milano-Cortina,Figure Skating,"Figure Skating Team, Mixed",NA
1900657,Sara Conti,M,NA,NA,NA,,,2026 Winter,2026,Winter,Milano-Cortina,Figure Skating,"Figure Skating Team, Mixed",NA
1900658,Charlène Guignard,M,NA,NA,NA,,,2026 Winter,2026,Winter,Milano-Cortina,Figure Skating,"Figure Skating Team, Mixed",NA
1900659,Lara Naki Gutmann,M,NA,NA,NA,,,2026 Winter,2026,Winter,Milano-Cortina,Figure Skating,"Figure Skating Team, Mixed",NA
1900660,Marco Fabbri,M,NA,NA,NA,,,2026 Winter,2026,Winter,Milano-Cortina,Figure Skating,"Figure Skating Team, Mixed",NA
1900661,Daniel Grassl,M,NA,NA,NA,,,2026 Winter,2026,Winter,Milano-Cortina,Figure Skating,"Figure Skating Team, Mixed",NA
1900662,Niccolò Macii,M,NA,NA,NA,,,2026 Winter,2026,Winter,Milano-Cortina,Figure Skating,"Figure Skating Team, Mixed",NA
1900663,Matteo Rizzo,M,NA,NA,NA,,,2026 Winter,2026,Winter,Milano-Cortina,Figure Skating,"Figure Skating Team, Mixed",NA
1900664,Diana Davis,M,NA,NA,NA,,,2026 Winter,2026,Winter,Milano-Cortina,Figure Skating,"Figure Skating Team, Mixed",NA
1900665,Anastasiya Gubanova,M,NA,NA,NA,,,2026 Winter,2026,Winter,Milano-Cortina,Figure Skating,"Figure Skating Team, Mixed",NA
1900666,Anastasiya Metelkina,M,NA,NA,NA,,,2026 Winter,2026,Winter,Milano-Cortina,Figure Skating,"Figure Skating Team, Mixed",NA
1900667,Luka Berulava,M,NA,NA,NA,,,2026 Winter,2026,Winter,Milano-Cortina,Figure Skating,"Figure Skating Team, Mixed",NA
1900668,Nika Egadze,M,NA,NA,NA,,,2026 Winter,2026,Winter,Milano-Cortina,Figure Skating,"Figure Skating Team, Mixed",NA
1900669,Gleb Smolkin,M,NA,NA,NA,,,2026 Winter,2026,Winter,Milano-Cortina,Figure Skating,"Figure Skating Team, Mixed",NA
1900670,Piper Gilles,M,NA,NA,NA,,,2026 Winter,2026,Winter,Milano-Cortina,Figure Skating,"Figure Skating Team, Mixed",NA
1900671,Marjorie Lajoie,M,NA,NA,NA,,,2026 Winter,2026,Winter,Milano-Cortina,Figure Skating,"Figure Skating Team, Mixed",NA
1900672,Lia Pereira,M,NA,NA,NA,,,2026 Winter,2026,Winter,Milano-Cortina,Figure Skating,"Figure Skating Team, Mixed",NA
1900673,Madeline Schizas,M,NA,NA,NA,,,2026 Winter,2026,Winter,Milano-Cortina,Figure Skating,"Figure Skating Team, Mixed",NA
1900674,Stephen Gogolev,M,NA,NA,NA,,,2026 Winter,2026,Winter,Milano-Cortina,Figure Skating,"Figure Skating Team, Mixed",NA
1900675,Zachary Lagha,M,NA,NA,NA,,,2026 Winter,2026,Winter,Milano-Cortina,Figure Skating,"Figure Skating Team, Mixed",NA
1900676,Trennt Michaud,M,NA,NA,NA,,,2026 Winter,2026,Winter,Milano-Cortina,Figure Skating,"Figure Skating Team, Mixed",NA
1900677,Paul Poirier,M,NA,NA,NA,,,2026 Winter,2026,Winter,Milano-Cortina,Figure Skating,"Figure Skating Team, Mixed",NA
1900678,Laurence Fournier Beaudry,M,NA,NA,NA,,,2026 Winter,2026,Winter,Milano-Cortina,Figure Skating,"Figure Skating Team, Mixed",NA
1900679,Camille Kovalev,M,NA,NA,NA,,,2026 Winter,2026,Winter,Milano-Cortina,Figure Skating,"Figure Skating Team, Mixed",NA
1900680,Lorine Schild,M,NA,NA,NA,,,2026 Winter,2026,Winter,Milano-Cortina,Figure Skating,"Figure Skating Team, Mixed",NA
1900681,Kevin Aymoz,M,NA,NA,NA,,,2026 Winter,2026,Winter,Milano-Cortina,Figure Skating,"Figure Skating Team, Mixed",NA
1900682,Guillaume Cizeron,M,NA,NA,NA,,,2026 Winter,2026,Winter,Milano-Cortina,Figure Skating,"Figure Skating Team, Mixed",NA
1900683,Pavel Kovalev,M,NA,NA,NA,,,2026 Winter,2026,Winter,Milano-Cortina,Figure Skating,"Figure Skating Team, Mixed",NA
1900684,Lim Hannah,M,NA,NA,NA,,,2026 Winter,2026,Winter,Milano-Cortina,Figure Skating,"Figure Skating Team, Mixed",NA
1900685,Sin Ji-A,M,NA,NA,NA,,,2026 Winter,2026,Winter,Milano-Cortina,Figure Skating,"Figure Skating Team, Mixed",NA
1900686,Cha Jun-Hwan,M,NA,NA,NA,,,2026 Winter,2026,Winter,Milano-Cortina,Figure Skating,"Figure Skating Team, Mixed",NA
1900687,Quan Ye,M,NA,NA,NA,,,2026 Winter,2026,Winter,Milano-Cortina,Figure Skating,"Figure Skating Team, Mixed",NA
1900688,Sui Wenjing,M,NA,NA,NA,,,2026 Winter,2026,Winter,Milano-Cortina,Figure Skating,"Figure Skating Team, Mixed",NA
1900689,Wang Shiyue,M,NA,NA,NA,,,2026 Winter,2026,Winter,Milano-Cortina,Figure Skating,"Figure Skating Team, Mixed",NA
1900690,Zhang Ruiyang,M,NA,NA,NA,,,2026 Winter,2026,Winter,Milano-Cortina,Figure Skating,"Figure Skating Team, Mixed",NA
1900691,Han Cong,M,NA,NA,NA,,,2026 Winter,2026,Winter,Milano-Cortina,Figure Skating,"Figure Skating Team, Mixed",NA
1900692,Jin Boyang,M,NA,NA,NA,,,2026 Winter,2026,Winter,Milano-Cortina,Figure Skating,"Figure Skating Team, Mixed",NA
1900693,Liu Xinyu,M,NA,NA,NA,,,2026 Winter,2026,Winter,Milano-Cortina,Figure Skating,"Figure Skating Team, Mixed",NA
1900694,Lilah Fear,M,NA,NA,NA,,,2026 Winter,2026,Winter,Milano-Cortina,Figure Skating,"Figure Skating Team, Mixed",NA
1900695,Kristen Spours,M,NA,NA,NA,,,2026 Winter,2026,Winter,Milano-Cortina,Figure Skating,"Figure Skating Team, Mixed",NA
1900696,Anastasia Vaipan-Law,M,NA,NA,NA,,,2026 Winter,2026,Winter,Milano-Cortina,Figure Skating,"Figure Skating Team, Mixed",NA
1900697,Edward Appleby,M,NA,NA,NA,,,2026 Winter,2026,Winter,Milano-Cortina,Figure Skating,"Figure Skating Team, Mixed",NA
1900698,Luke Digby,M,NA,NA,NA,,,2026 Winter,2026,Winter,Milano-Cortina,Figure Skating,"Figure Skating Team, Mixed",NA
1900699,Lewis Gibson,M,NA,NA,NA,,,2026 Winter,2026,Winter,Milano-Cortina,Figure Skating,"Figure Skating Team, Mixed",NA
1900700,Ioulia Chtchetinina,M,NA,NA,NA,,,2026 Winter,2026,Winter,Milano-Cortina,Figure Skating,"Figure Skating Team, Mixed",NA
1900701,Sofiia Dovhal,M,NA,NA,NA,,,2026 Winter,2026,Winter,Milano-Cortina,Figure Skating,"Figure Skating Team, Mixed",NA
1900702,Katia Kurakova,M,NA,NA,NA,,,2026 Winter,2026,Winter,Milano-Cortina,Figure Skating,"Figure Skating Team, Mixed",NA
1900703,Wiktor Kulesza,M,NA,NA,NA,,,2026 Winter,2026,Winter,Milano-Cortina,Figure Skating,"Figure Skating Team, Mixed",NA
1900704,Vladimir Samoilov,M,NA,NA,NA,,,2026 Winter,2026,Winter,Milano-Cortina,Figure Skating,"Figure Skating Team, Mixed",NA
1900705,Michal Wozniak,M,NA,NA,NA,,,2026 Winter,2026,Winter,Milano-Cortina,Figure Skating,"Figure Skating Team, Mixed",NA
1900706,David Gleirscher,M,NA,NA,NA,AUT,AUT,2018 Winter,2018,Winter,PyeongChang,Luge,"Luge Singles, Men",Gold
1900707,Chris Mazdzer,M,NA,NA,NA,USA,USA,2018 Winter,2018,Winter,PyeongChang,Luge,"Luge Singles, Men",Silver
1900708,Johannes Ludwig,M,NA,NA,NA,GER,GER,2018 Winter,2018,Winter,PyeongChang,Luge,"Luge Singles, Men",Bronze
1900709,Dominik Fischnaller,M,NA,NA,NA,ITA,ITA,2018 Winter,2018,Winter,PyeongChang,Luge,"Luge Singles, Men",NA
1900710,Felix Loch,M,NA,NA,NA,GER,GER,2018 Winter,2018,Winter,PyeongChang,Luge,"Luge Singles, Men",NA
1900711,Sam Edney,M,NA,NA,NA,CAN,CAN,2018 Winter,2018,Winter,PyeongChang,Luge,"Luge Singles, Men",NA
1900712,Kevin Fischnaller,M,NA,NA,NA,ITA,ITA,2018 Winter,2018,Winter,PyeongChang,Luge,"Luge Singles, Men",NA
1900713,Roman Repilov,M,NA,NA,NA,ROC,ROC,2018 Winter,2018,Winter,PyeongChang,Luge,"Luge Singles, Men",NA
1900714,Wolfgang Kindl,M,NA,NA,NA,AUT,AUT,2018 Winter,2018,Winter,PyeongChang,Luge,"Luge Singles, Men",NA
1900715,Andi Langenhan,M,NA,NA,NA,GER,GER,2018 Winter,2018,Winter,PyeongChang,Luge,"Luge Singles, Men",NA
1900716,Kristers Aparjods,M,NA,NA,NA,LAT,LAT,2018 Winter,2018,Winter,PyeongChang,Luge,"Luge Singles, Men",NA
1900717,Reid Watts,M,NA,NA,NA,CAN,CAN,2018 Winter,2018,Winter,PyeongChang,Luge,"Luge Singles, Men",NA
1900718,Stepan Fyodorov,M,NA,NA,NA,ROC,ROC,2018 Winter,2018,Winter,PyeongChang,Luge,"Luge Singles, Men",NA
1900719,Semyon Pavlichenko,M,NA,NA,NA,ROC,ROC,2018 Winter,2018,Winter,PyeongChang,Luge,"Luge Singles, Men",NA
1900720,Reinhard Egger,M,NA,NA,NA,AUT,AUT,2018 Winter,2018,Winter,PyeongChang,Luge,"Luge Singles, Men",NA
1900721,Mitchel Malyk,M,NA,NA,NA,CAN,CAN,2018 Winter,2018,Winter,PyeongChang,Luge,"Luge Singles, Men",NA
1900722,Emanuel Rieder,M,NA,NA,NA,ITA,ITA,2018 Winter,2018,Winter,PyeongChang,Luge,"Luge Singles, Men",NA
1900723,Taylor Morris,M,NA,NA,NA,USA,USA,2018 Winter,2018,Winter,PyeongChang,Luge,"Luge Singles, Men",NA
1900724,Maciej Kurowski,M,NA,NA,NA,POL,POL,2018 Winter,2018,Winter,PyeongChang,Luge,"Luge Singles, Men",NA
1900725,Inārs Kivlenieks,M,NA,NA,NA,LAT,LAT,2018 Winter,2018,Winter,PyeongChang,Luge,"Luge Singles, Men",NA
1900726,Ondřej Hyman,M,NA,NA,NA,CZE,CZE,2018 Winter,2018,Winter,PyeongChang,Luge,"Luge Singles, Men",NA
1900727,AJ Rosen,M,NA,NA,NA,GBR,GBR,2018 Winter,2018,Winter,PyeongChang,Luge,"Luge Singles, Men",NA
1900728,Anton Dukach,M,NA,NA,NA,UKR,UKR,2018 Winter,2018,Winter,PyeongChang,Luge,"Luge Singles, Men",NA
1900729,Artūrs Dārznieks,M,NA,NA,NA,LAT,LAT,2018 Winter,2018,Winter,PyeongChang,Luge,"Luge Singles, Men",NA
1900730,Jozef Ninis,M,NA,NA,NA,SVK,SVK,2018 Winter,2018,Winter,PyeongChang,Luge,"Luge Singles, Men",NA
1900731,Tucker West,M,NA,NA,NA,USA,USA,2018 Winter,2018,Winter,PyeongChang,Luge,"Luge Singles, Men",NA
1900732,Mateusz Sochowicz,M,NA,NA,NA,POL,POL,2018 Winter,2018,Winter,PyeongChang,Luge,"Luge Singles, Men",NA
1900733,Alex Ferlazzo,M,NA,NA,NA,AUS,AUS,2018 Winter,2018,Winter,PyeongChang,Luge,"Luge Singles, Men",NA
1900734,Valentin Crețu,M,NA,NA,NA,ROU,ROU,2018 Winter,2018,Winter,PyeongChang,Luge,"Luge Singles, Men",NA
1900735,Im Nam-Gyu,M,NA,NA,NA,KOR,KOR,2018 Winter,2018,Winter,PyeongChang,Luge,"Luge Singles, Men",NA
1900736,Andrei Turea,M,NA,NA,NA,ROU,ROU,2018 Winter,2018,Winter,PyeongChang,Luge,"Luge Singles, Men",NA
1900737,Gio Sogoiani,M,NA,NA,NA,GEO,GEO,2018 Winter,2018,Winter,PyeongChang,Luge,"Luge Singles, Men",NA
1900738,Rupert Staudinger,M,NA,NA,NA,GBR,GBR,2018 Winter,2018,Winter,PyeongChang,Luge,"Luge Singles, Men",NA
1900739,Shiva Keshavan,M,NA,NA,NA,IND,IND,2018 Winter,2018,Winter,PyeongChang,Luge,"Luge Singles, Men",NA
1900740,Jakub Šimoňák,M,NA,NA,NA,SVK,SVK,2018 Winter,2018,Winter,PyeongChang,Luge,"Luge Singles, Men",NA
1900741,Nikita Kopyrenko,M,NA,NA,NA,KAZ,KAZ,2018 Winter,2018,Winter,PyeongChang,Luge,"Luge Singles, Men",NA
1900742,Pavel Angelov,M,NA,NA,NA,BUL,BUL,2018 Winter,2018,Winter,PyeongChang,Luge,"Luge Singles, Men",NA
1900743,Lien Te-An,M,NA,NA,NA,TPE,TPE,2018 Winter,2018,Winter,PyeongChang,Luge,"Luge Singles, Men",NA
1900744,Tilen Sirše,M,NA,NA,NA,SLO,SLO,2018 Winter,2018,Winter,PyeongChang,Luge,"Luge Singles, Men",NA
1900745,Andriy Mandziy,M,NA,NA,NA,UKR,UKR,2018 Winter,2018,Winter,PyeongChang,Luge,"Luge Singles, Men",NA
1900746,Tobias Wendl,M,NA,NA,NA,,,2018 Winter,2018,Winter,PyeongChang,Luge,"Luge Doubles, Men",NA
1900747,Tobias Arlt,M,NA,NA,NA,,,2018 Winter,2018,Winter,PyeongChang,Luge,"Luge Doubles, Men",NA
1900748,Peter Penz,M,NA,NA,NA,,,2018 Winter,2018,Winter,PyeongChang,Luge,"Luge Doubles, Men",NA
1900749,Georg Fischler,M,NA,NA,NA,,,2018 Winter,2018,Winter,PyeongChang,Luge,"Luge Doubles, Men",NA
1900750,Toni Eggert,M,NA,NA,NA,,,2018 Winter,2018,Winter,PyeongChang,Luge,"Luge Doubles, Men",NA
1900751,Sascha Benecken,M,NA,NA,NA,,,2018 Winter,2018,Winter,PyeongChang,Luge,"Luge Doubles, Men",NA
1900752,Thomas Steu,M,NA,NA,NA,,,2018 Winter,2018,Winter,PyeongChang,Luge,"Luge Doubles, Men",NA
1900753,Lorenz Koller,M,NA,NA,NA,,,2018 Winter,2018,Winter,PyeongChang,Luge,"Luge Doubles, Men",NA
1900754,Tristan Walker,M,NA,NA,NA,,,2018 Winter,2018,Winter,PyeongChang,Luge,"Luge Doubles, Men",NA
1900755,Justin Snith,M,NA,NA,NA,,,2018 Winter,2018,Winter,PyeongChang,Luge,"Luge Doubles, Men",NA
1900756,Andris Šics,M,NA,NA,NA,,,2018 Winter,2018,Winter,PyeongChang,Luge,"Luge Doubles, Men",NA
1900757,Juris Šics,M,NA,NA,NA,,,2018 Winter,2018,Winter,PyeongChang,Luge,"Luge Doubles, Men",NA
1900758,Ivan Nagler,M,NA,NA,NA,,,2018 Winter,2018,Winter,PyeongChang,Luge,"Luge Doubles, Men",NA
1900759,Fabian Malleier,M,NA,NA,NA,,,2018 Winter,2018,Winter,PyeongChang,Luge,"Luge Doubles, Men",NA
1900760,Justin Krewson,M,NA,NA,NA,,,2018 Winter,2018,Winter,PyeongChang,Luge,"Luge Doubles, Men",NA
1900761,Andrew Sherk,M,NA,NA,NA,,,2018 Winter,2018,Winter,PyeongChang,Luge,"Luge Doubles, Men",NA
1900762,Park Jin-Yong,M,NA,NA,NA,,,2018 Winter,2018,Winter,PyeongChang,Luge,"Luge Doubles, Men",NA
1900763,Jo Jeong-Myeong,M,NA,NA,NA,,,2018 Winter,2018,Winter,PyeongChang,Luge,"Luge Doubles, Men",NA
1900764,Matt Mortensen,M,NA,NA,NA,,,2018 Winter,2018,Winter,PyeongChang,Luge,"Luge Doubles, Men",NA
1900765,Jayson Terdiman,M,NA,NA,NA,,,2018 Winter,2018,Winter,PyeongChang,Luge,"Luge Doubles, Men",NA
1900766,Aleksandr Denisyev,M,NA,NA,NA,,,2018 Winter,2018,Winter,PyeongChang,Luge,"Luge Doubles, Men",NA
1900767,Vladislav Antonov,M,NA,NA,NA,,,2018 Winter,2018,Winter,PyeongChang,Luge,"Luge Doubles, Men",NA
1900768,Wojciech Chmielewski,M,NA,NA,NA,,,2018 Winter,2018,Winter,PyeongChang,Luge,"Luge Doubles, Men",NA
1900769,Kuba Kowalewski,M,NA,NA,NA,,,2018 Winter,2018,Winter,PyeongChang,Luge,"Luge Doubles, Men",NA
1900770,Lukáš Brož,M,NA,NA,NA,,,2018 Winter,2018,Winter,PyeongChang,Luge,"Luge Doubles, Men",NA
1900771,Antonín Brož,M,NA,NA,NA,,,2018 Winter,2018,Winter,PyeongChang,Luge,"Luge Doubles, Men",NA
1900772,Oskars Gudramovičs,M,NA,NA,NA,,,2018 Winter,2018,Winter,PyeongChang,Luge,"Luge Doubles, Men",NA
1900773,Pēteris Kalniņš,M,NA,NA,NA,,,2018 Winter,2018,Winter,PyeongChang,Luge,"Luge Doubles, Men",NA
1900774,Ludwig Rieder,M,NA,NA,NA,,,2018 Winter,2018,Winter,PyeongChang,Luge,"Luge Doubles, Men",NA
1900775,Patrick Rastner,M,NA,NA,NA,,,2018 Winter,2018,Winter,PyeongChang,Luge,"Luge Doubles, Men",NA
1900776,Andrey Bogdanov,M,NA,NA,NA,,,2018 Winter,2018,Winter,PyeongChang,Luge,"Luge Doubles, Men",NA
1900777,Andrey Medvedev,M,NA,NA,NA,,,2018 Winter,2018,Winter,PyeongChang,Luge,"Luge Doubles, Men",NA
1900778,Marek Solčanský,M,NA,NA,NA,,,2018 Winter,2018,Winter,PyeongChang,Luge,"Luge Doubles, Men",NA
1900779,Karol Stuchlák,M,NA,NA,NA,,,2018 Winter,2018,Winter,PyeongChang,Luge,"Luge Doubles, Men",NA
1900780,Matěj Kvíčala,M,NA,NA,NA,,,2018 Winter,2018,Winter,PyeongChang,Luge,"Luge Doubles, Men",NA
1900781,Jaromír Kudera,M,NA,NA,NA,,,2018 Winter,2018,Winter,PyeongChang,Luge,"Luge Doubles, Men",NA
1900782,Cosmin Atodiresei,M,NA,NA,NA,,,2018 Winter,2018,Winter,PyeongChang,Luge,"Luge Doubles, Men",NA
1900783,Ștefan Musei,M,NA,NA,NA,,,2018 Winter,2018,Winter,PyeongChang,Luge,"Luge Doubles, Men",NA
1900784,Oleksandr Obolonchyk,M,NA,NA,NA,,,2018 Winter,2018,Winter,PyeongChang,Luge,"Luge Doubles, Men",NA
1900785,Roman Zakharkiv,M,NA,NA,NA,,,2018 Winter,2018,Winter,PyeongChang,Luge,"Luge Doubles, Men",NA
1900786,Natalie Geisenberger,F,NA,NA,NA,GER,GER,2018 Winter,2018,Winter,PyeongChang,Luge,"Luge Singles, Women",Gold
1900787,Dajana Eitberger,F,NA,NA,NA,GER,GER,2018 Winter,2018,Winter,PyeongChang,Luge,"Luge Singles, Women",Silver
1900788,Alex Gough,F,NA,NA,NA,CAN,CAN,2018 Winter,2018,Winter,PyeongChang,Luge,"Luge Singles, Women",Bronze
1900789,Tatjana Hüfner,F,NA,NA,NA,GER,GER,2018 Winter,2018,Winter,PyeongChang,Luge,"Luge Singles, Women",NA
1900790,Kim McRae,F,NA,NA,NA,CAN,CAN,2018 Winter,2018,Winter,PyeongChang,Luge,"Luge Singles, Women",NA
1900791,Erin Hamlin,F,NA,NA,NA,USA,USA,2018 Winter,2018,Winter,PyeongChang,Luge,"Luge Singles, Women",NA
1900792,Raluca Strămăturaru,F,NA,NA,NA,ROU,ROU,2018 Winter,2018,Winter,PyeongChang,Luge,"Luge Singles, Women",NA
1900793,Aileen Frisch,F,NA,NA,NA,KOR,KOR,2018 Winter,2018,Winter,PyeongChang,Luge,"Luge Singles, Women",NA
1900794,Madeleine Egle,F,NA,NA,NA,AUT,AUT,2018 Winter,2018,Winter,PyeongChang,Luge,"Luge Singles, Women",NA
1900795,Andrea Vötter,F,NA,NA,NA,ITA,ITA,2018 Winter,2018,Winter,PyeongChang,Luge,"Luge Singles, Women",NA
1900796,Martina Kocher,F,NA,NA,NA,SUI,SUI,2018 Winter,2018,Winter,PyeongChang,Luge,"Luge Singles, Women",NA
1900797,Ulla Zirne,F,NA,NA,NA,LAT,LAT,2018 Winter,2018,Winter,PyeongChang,Luge,"Luge Singles, Women",NA
1900798,Brooke Apshkrum,F,NA,NA,NA,CAN,CAN,2018 Winter,2018,Winter,PyeongChang,Luge,"Luge Singles, Women",NA
1900799,Sandra Robatscher,F,NA,NA,NA,ITA,ITA,2018 Winter,2018,Winter,PyeongChang,Luge,"Luge Singles, Women",NA
1900800,Yekaterina Baturina,F,NA,NA,NA,ROC,ROC,2018 Winter,2018,Winter,PyeongChang,Luge,"Luge Singles, Women",NA
1900801,Elīza Cauce,F,NA,NA,NA,LAT,LAT,2018 Winter,2018,Winter,PyeongChang,Luge,"Luge Singles, Women",NA
1900802,Hannah Prock,F,NA,NA,NA,AUT,AUT,2018 Winter,2018,Winter,PyeongChang,Luge,"Luge Singles, Women",NA
1900803,Seong Eun-Ryeong,F,NA,NA,NA,KOR,KOR,2018 Winter,2018,Winter,PyeongChang,Luge,"Luge Singles, Women",NA
1900804,Summer Britcher,F,NA,NA,NA,USA,USA,2018 Winter,2018,Winter,PyeongChang,Luge,"Luge Singles, Women",NA
1900805,Ewa Kuls-Kusyk,F,NA,NA,NA,POL,POL,2018 Winter,2018,Winter,PyeongChang,Luge,"Luge Singles, Women",NA
1900806,Olena Shkhumova,F,NA,NA,NA,UKR,UKR,2018 Winter,2018,Winter,PyeongChang,Luge,"Luge Singles, Women",NA
1900807,Kendija Aparjode,F,NA,NA,NA,LAT,LAT,2018 Winter,2018,Winter,PyeongChang,Luge,"Luge Singles, Women",NA
1900808,Katarína Šimoňáková,F,NA,NA,NA,SVK,SVK,2018 Winter,2018,Winter,PyeongChang,Luge,"Luge Singles, Women",NA
1900809,Verónica Ravenna,F,NA,NA,NA,ARG,ARG,2018 Winter,2018,Winter,PyeongChang,Luge,"Luge Singles, Women",NA
1900810,Natalia Wojtusciszyn,F,NA,NA,NA,POL,POL,2018 Winter,2018,Winter,PyeongChang,Luge,"Luge Singles, Women",NA
1900811,Tereza Nosková,F,NA,NA,NA,CZE,CZE,2018 Winter,2018,Winter,PyeongChang,Luge,"Luge Singles, Women",NA
1900812,Daria Obratov,F,NA,NA,NA,CRO,CRO,2018 Winter,2018,Winter,PyeongChang,Luge,"Luge Singles, Women",NA
1900813,Olena Stetskiv,F,NA,NA,NA,UKR,UKR,2018 Winter,2018,Winter,PyeongChang,Luge,"Luge Singles, Women",NA
1900814,Emily Sweeney,F,NA,NA,NA,USA,USA,2018 Winter,2018,Winter,PyeongChang,Luge,"Luge Singles, Women",NA
1900815,Birgit Platzer,F,NA,NA,NA,AUT,AUT,2018 Winter,2018,Winter,PyeongChang,Luge,"Luge Singles, Women",NA
1900816,Natalie Geisenberger,M,NA,NA,NA,,,2018 Winter,2018,Winter,PyeongChang,Luge,"Luge Team Relay, Mixed",NA
1900817,Johannes Ludwig,M,NA,NA,NA,,,2018 Winter,2018,Winter,PyeongChang,Luge,"Luge Team Relay, Mixed",NA
1900818,Tobias Wendl,M,NA,NA,NA,,,2018 Winter,2018,Winter,PyeongChang,Luge,"Luge Team Relay, Mixed",NA
1900819,Tobias Arlt,M,NA,NA,NA,,,2018 Winter,2018,Winter,PyeongChang,Luge,"Luge Team Relay, Mixed",NA
1900820,Alex Gough,M,NA,NA,NA,,,2018 Winter,2018,Winter,PyeongChang,Luge,"Luge Team Relay, Mixed",NA
1900821,Sam Edney,M,NA,NA,NA,,,2018 Winter,2018,Winter,PyeongChang,Luge,"Luge Team Relay, Mixed",NA
1900822,Tristan Walker,M,NA,NA,NA,,,2018 Winter,2018,Winter,PyeongChang,Luge,"Luge Team Relay, Mixed",NA
1900823,Justin Snith,M,NA,NA,NA,,,2018 Winter,2018,Winter,PyeongChang,Luge,"Luge Team Relay, Mixed",NA
1900824,Madeleine Egle,M,NA,NA,NA,,,2018 Winter,2018,Winter,PyeongChang,Luge,"Luge Team Relay, Mixed",NA
1900825,David Gleirscher,M,NA,NA,NA,,,2018 Winter,2018,Winter,PyeongChang,Luge,"Luge Team Relay, Mixed",NA
1900826,Peter Penz,M,NA,NA,NA,,,2018 Winter,2018,Winter,PyeongChang,Luge,"Luge Team Relay, Mixed",NA
1900827,Georg Fischler,M,NA,NA,NA,,,2018 Winter,2018,Winter,PyeongChang,Luge,"Luge Team Relay, Mixed",NA
1900828,Summer Britcher,M,NA,NA,NA,,,2018 Winter,2018,Winter,PyeongChang,Luge,"Luge Team Relay, Mixed",NA
1900829,Chris Mazdzer,M,NA,NA,NA,,,2018 Winter,2018,Winter,PyeongChang,Luge,"Luge Team Relay, Mixed",NA
1900830,Matt Mortensen,M,NA,NA,NA,,,2018 Winter,2018,Winter,PyeongChang,Luge,"Luge Team Relay, Mixed",NA
1900831,Jayson Terdiman,M,NA,NA,NA,,,2018 Winter,2018,Winter,PyeongChang,Luge,"Luge Team Relay, Mixed",NA
1900832,Andrea Vötter,M,NA,NA,NA,,,2018 Winter,2018,Winter,PyeongChang,Luge,"Luge Team Relay, Mixed",NA
1900833,Dominik Fischnaller,M,NA,NA,NA,,,2018 Winter,2018,Winter,PyeongChang,Luge,"Luge Team Relay, Mixed",NA
1900834,Ivan Nagler,M,NA,NA,NA,,,2018 Winter,2018,Winter,PyeongChang,Luge,"Luge Team Relay, Mixed",NA
1900835,Fabian Malleier,M,NA,NA,NA,,,2018 Winter,2018,Winter,PyeongChang,Luge,"Luge Team Relay, Mixed",NA
1900836,Ulla Zirne,M,NA,NA,NA,,,2018 Winter,2018,Winter,PyeongChang,Luge,"Luge Team Relay, Mixed",NA
1900837,Kristers Aparjods,M,NA,NA,NA,,,2018 Winter,2018,Winter,PyeongChang,Luge,"Luge Team Relay, Mixed",NA
1900838,Andris Šics,M,NA,NA,NA,,,2018 Winter,2018,Winter,PyeongChang,Luge,"Luge Team Relay, Mixed",NA
1900839,Juris Šics,M,NA,NA,NA,,,2018 Winter,2018,Winter,PyeongChang,Luge,"Luge Team Relay, Mixed",NA
1900840,Yekaterina Baturina,M,NA,NA,NA,,,2018 Winter,2018,Winter,PyeongChang,Luge,"Luge Team Relay, Mixed",NA
1900841,Roman Repilov,M,NA,NA,NA,,,2018 Winter,2018,Winter,PyeongChang,Luge,"Luge Team Relay, Mixed",NA
1900842,Aleksandr Denisyev,M,NA,NA,NA,,,2018 Winter,2018,Winter,PyeongChang,Luge,"Luge Team Relay, Mixed",NA
1900843,Vladislav Antonov,M,NA,NA,NA,,,2018 Winter,2018,Winter,PyeongChang,Luge,"Luge Team Relay, Mixed",NA
1900844,Ewa Kuls-Kusyk,M,NA,NA,NA,,,2018 Winter,2018,Winter,PyeongChang,Luge,"Luge Team Relay, Mixed",NA
1900845,Maciej Kurowski,M,NA,NA,NA,,,2018 Winter,2018,Winter,PyeongChang,Luge,"Luge Team Relay, Mixed",NA
1900846,Wojciech Chmielewski,M,NA,NA,NA,,,2018 Winter,2018,Winter,PyeongChang,Luge,"Luge Team Relay, Mixed",NA
1900847,Kuba Kowalewski,M,NA,NA,NA,,,2018 Winter,2018,Winter,PyeongChang,Luge,"Luge Team Relay, Mixed",NA
1900848,Aileen Frisch,M,NA,NA,NA,,,2018 Winter,2018,Winter,PyeongChang,Luge,"Luge Team Relay, Mixed",NA
1900849,Im Nam-Gyu,M,NA,NA,NA,,,2018 Winter,2018,Winter,PyeongChang,Luge,"Luge Team Relay, Mixed",NA
1900850,Park Jin-Yong,M,NA,NA,NA,,,2018 Winter,2018,Winter,PyeongChang,Luge,"Luge Team Relay, Mixed",NA
1900851,Jo Jeong-Myeong,M,NA,NA,NA,,,2018 Winter,2018,Winter,PyeongChang,Luge,"Luge Team Relay, Mixed",NA
1900852,Raluca Strămăturaru,M,NA,NA,NA,,,2018 Winter,2018,Winter,PyeongChang,Luge,"Luge Team Relay, Mixed",NA
1900853,Valentin Crețu,M,NA,NA,NA,,,2018 Winter,2018,Winter,PyeongChang,Luge,"Luge Team Relay, Mixed",NA
1900854,Cosmin Atodiresei,M,NA,NA,NA,,,2018 Winter,2018,Winter,PyeongChang,Luge,"Luge Team Relay, Mixed",NA
1900855,Ștefan Musei,M,NA,NA,NA,,,2018 Winter,2018,Winter,PyeongChang,Luge,"Luge Team Relay, Mixed",NA
1900856,Katarína Šimoňáková,M,NA,NA,NA,,,2018 Winter,2018,Winter,PyeongChang,Luge,"Luge Team Relay, Mixed",NA
1900857,Jozef Ninis,M,NA,NA,NA,,,2018 Winter,2018,Winter,PyeongChang,Luge,"Luge Team Relay, Mixed",NA
1900858,Marek Solčanský,M,NA,NA,NA,,,2018 Winter,2018,Winter,PyeongChang,Luge,"Luge Team Relay, Mixed",NA
1900859,Karol Stuchlák,M,NA,NA,NA,,,2018 Winter,2018,Winter,PyeongChang,Luge,"Luge Team Relay, Mixed",NA
1900860,Tereza Nosková,M,NA,NA,NA,,,2018 Winter,2018,Winter,PyeongChang,Luge,"Luge Team Relay, Mixed",NA
1900861,Ondřej Hyman,M,NA,NA,NA,,,2018 Winter,2018,Winter,PyeongChang,Luge,"Luge Team Relay, Mixed",NA
1900862,Lukáš Brož,M,NA,NA,NA,,,2018 Winter,2018,Winter,PyeongChang,Luge,"Luge Team Relay, Mixed",NA
1900863,Antonín Brož,M,NA,NA,NA,,,2018 Winter,2018,Winter,PyeongChang,Luge,"Luge Team Relay, Mixed",NA
1900864,Olena Shkhumova,M,NA,NA,NA,,,2018 Winter,2018,Winter,PyeongChang,Luge,"Luge Team Relay, Mixed",NA
1900865,Anton Dukach,M,NA,NA,NA,,,2018 Winter,2018,Winter,PyeongChang,Luge,"Luge Team Relay, Mixed",NA
1900866,Oleksandr Obolonchyk,M,NA,NA,NA,,,2018 Winter,2018,Winter,PyeongChang,Luge,"Luge Team Relay, Mixed",NA
1900867,Roman Zakharkiv,M,NA,NA,NA,,,2018 Winter,2018,Winter,PyeongChang,Luge,"Luge Team Relay, Mixed",NA
1900868,Johannes Ludwig,M,NA,NA,NA,GER,GER,2022 Winter,2022,Winter,Beijing,Luge,"Luge Singles, Men",Gold
1900869,Wolfgang Kindl,M,NA,NA,NA,AUT,AUT,2022 Winter,2022,Winter,Beijing,Luge,"Luge Singles, Men",Silver
1900870,Dominik Fischnaller,M,NA,NA,NA,ITA,ITA,2022 Winter,2022,Winter,Beijing,Luge,"Luge Singles, Men",Bronze
1900871,Felix Loch,M,NA,NA,NA,GER,GER,2022 Winter,2022,Winter,Beijing,Luge,"Luge Singles, Men",NA
1900872,Kristers Aparjods,M,NA,NA,NA,LAT,LAT,2022 Winter,2022,Winter,Beijing,Luge,"Luge Singles, Men",NA
1900873,Max Langenhan,M,NA,NA,NA,GER,GER,2022 Winter,2022,Winter,Beijing,Luge,"Luge Singles, Men",NA
1900874,Gints Bērziņš,M,NA,NA,NA,LAT,LAT,2022 Winter,2022,Winter,Beijing,Luge,"Luge Singles, Men",NA
1900875,Chris Mazdzer,M,NA,NA,NA,USA,USA,2022 Winter,2022,Winter,Beijing,Luge,"Luge Singles, Men",NA
1900876,Roman Repilov,M,NA,NA,NA,ROC,ROC,2022 Winter,2022,Winter,Beijing,Luge,"Luge Singles, Men",NA
1900877,Semyon Pavlichenko,M,NA,NA,NA,ROC,ROC,2022 Winter,2022,Winter,Beijing,Luge,"Luge Singles, Men",NA
1900878,Leon Felderer,M,NA,NA,NA,ITA,ITA,2022 Winter,2022,Winter,Beijing,Luge,"Luge Singles, Men",NA
1900879,Nico Gleirscher,M,NA,NA,NA,AUT,AUT,2022 Winter,2022,Winter,Beijing,Luge,"Luge Singles, Men",NA
1900880,Tucker West,M,NA,NA,NA,USA,USA,2022 Winter,2022,Winter,Beijing,Luge,"Luge Singles, Men",NA
1900881,Aleksandr Gorbatsevich,M,NA,NA,NA,ROC,ROC,2022 Winter,2022,Winter,Beijing,Luge,"Luge Singles, Men",NA
1900882,David Gleirscher,M,NA,NA,NA,AUT,AUT,2022 Winter,2022,Winter,Beijing,Luge,"Luge Singles, Men",NA
1900883,Alex Ferlazzo,M,NA,NA,NA,AUS,AUS,2022 Winter,2022,Winter,Beijing,Luge,"Luge Singles, Men",NA
1900884,Reid Watts,M,NA,NA,NA,CAN,CAN,2022 Winter,2022,Winter,Beijing,Luge,"Luge Singles, Men",NA
1900885,Artūrs Dārznieks,M,NA,NA,NA,LAT,LAT,2022 Winter,2022,Winter,Beijing,Luge,"Luge Singles, Men",NA
1900886,Jonathan Gustafson,M,NA,NA,NA,USA,USA,2022 Winter,2022,Winter,Beijing,Luge,"Luge Singles, Men",NA
1900887,Svante Kohala,M,NA,NA,NA,SWE,SWE,2022 Winter,2022,Winter,Beijing,Luge,"Luge Singles, Men",NA
1900888,Jozef Ninis,M,NA,NA,NA,SVK,SVK,2022 Winter,2022,Winter,Beijing,Luge,"Luge Singles, Men",NA
1900889,Anton Dukach,M,NA,NA,NA,UKR,UKR,2022 Winter,2022,Winter,Beijing,Luge,"Luge Singles, Men",NA
1900890,Rupert Staudinger,M,NA,NA,NA,GBR,GBR,2022 Winter,2022,Winter,Beijing,Luge,"Luge Singles, Men",NA
1900891,Fan Duoyao,M,NA,NA,NA,CHN,CHN,2022 Winter,2022,Winter,Beijing,Luge,"Luge Singles, Men",NA
1900892,Mateusz Sochowicz,M,NA,NA,NA,POL,POL,2022 Winter,2022,Winter,Beijing,Luge,"Luge Singles, Men",NA
1900893,Marián Skupek,M,NA,NA,NA,SVK,SVK,2022 Winter,2022,Winter,Beijing,Luge,"Luge Singles, Men",NA
1900894,Andriy Mandziy,M,NA,NA,NA,UKR,UKR,2022 Winter,2022,Winter,Beijing,Luge,"Luge Singles, Men",NA
1900895,Pavel Angelov,M,NA,NA,NA,BUL,BUL,2022 Winter,2022,Winter,Beijing,Luge,"Luge Singles, Men",NA
1900896,Valentin Crețu,M,NA,NA,NA,ROU,ROU,2022 Winter,2022,Winter,Beijing,Luge,"Luge Singles, Men",NA
1900897,Michael Lejsek,M,NA,NA,NA,CZE,CZE,2022 Winter,2022,Winter,Beijing,Luge,"Luge Singles, Men",NA
1900898,Saba Kumaritashvili,M,NA,NA,NA,GEO,GEO,2022 Winter,2022,Winter,Beijing,Luge,"Luge Singles, Men",NA
1900899,Seiya Kobayashi,M,NA,NA,NA,JPN,JPN,2022 Winter,2022,Winter,Beijing,Luge,"Luge Singles, Men",NA
1900900,Im Nam-Gyu,M,NA,NA,NA,KOR,KOR,2022 Winter,2022,Winter,Beijing,Luge,"Luge Singles, Men",NA
1900901,Mirza Nikolajev,M,NA,NA,NA,BIH,BIH,2022 Winter,2022,Winter,Beijing,Luge,"Luge Singles, Men",NA
1900902,Kevin Fischnaller,M,NA,NA,NA,ITA,ITA,2022 Winter,2022,Winter,Beijing,Luge,"Luge Singles, Men",NA
1900903,Tobias Wendl,M,NA,NA,NA,,,2022 Winter,2022,Winter,Beijing,Luge,"Luge Doubles, Men",NA
1900904,Tobias Arlt,M,NA,NA,NA,,,2022 Winter,2022,Winter,Beijing,Luge,"Luge Doubles, Men",NA
1900905,Toni Eggert,M,NA,NA,NA,,,2022 Winter,2022,Winter,Beijing,Luge,"Luge Doubles, Men",NA
1900906,Sascha Benecken,M,NA,NA,NA,,,2022 Winter,2022,Winter,Beijing,Luge,"Luge Doubles, Men",NA
1900907,Thomas Steu,M,NA,NA,NA,,,2022 Winter,2022,Winter,Beijing,Luge,"Luge Doubles, Men",NA
1900908,Lorenz Koller,M,NA,NA,NA,,,2022 Winter,2022,Winter,Beijing,Luge,"Luge Doubles, Men",NA
1900909,Mārtiņš Bots,M,NA,NA,NA,,,2022 Winter,2022,Winter,Beijing,Luge,"Luge Doubles, Men",NA
1900910,Roberts Plūme,M,NA,NA,NA,,,2022 Winter,2022,Winter,Beijing,Luge,"Luge Doubles, Men",NA
1900911,Andris Šics,M,NA,NA,NA,,,2022 Winter,2022,Winter,Beijing,Luge,"Luge Doubles, Men",NA
1900912,Juris Šics,M,NA,NA,NA,,,2022 Winter,2022,Winter,Beijing,Luge,"Luge Doubles, Men",NA
1900913,Emanuel Rieder,M,NA,NA,NA,,,2022 Winter,2022,Winter,Beijing,Luge,"Luge Doubles, Men",NA
1900914,Simon Kainzwaldner,M,NA,NA,NA,,,2022 Winter,2022,Winter,Beijing,Luge,"Luge Doubles, Men",NA
1900915,Tristan Walker,M,NA,NA,NA,,,2022 Winter,2022,Winter,Beijing,Luge,"Luge Doubles, Men",NA
1900916,Justin Snith,M,NA,NA,NA,,,2022 Winter,2022,Winter,Beijing,Luge,"Luge Doubles, Men",NA
1900917,Aleksandr Denisyev,M,NA,NA,NA,,,2022 Winter,2022,Winter,Beijing,Luge,"Luge Doubles, Men",NA
1900918,Vladislav Antonov,M,NA,NA,NA,,,2022 Winter,2022,Winter,Beijing,Luge,"Luge Doubles, Men",NA
1900919,Wojciech Chmielewski,M,NA,NA,NA,,,2022 Winter,2022,Winter,Beijing,Luge,"Luge Doubles, Men",NA
1900920,Kuba Kowalewski,M,NA,NA,NA,,,2022 Winter,2022,Winter,Beijing,Luge,"Luge Doubles, Men",NA
1900921,Andrey Bogdanov,M,NA,NA,NA,,,2022 Winter,2022,Winter,Beijing,Luge,"Luge Doubles, Men",NA
1900922,Yury Prokhorov,M,NA,NA,NA,,,2022 Winter,2022,Winter,Beijing,Luge,"Luge Doubles, Men",NA
1900923,Zachary DiGregorio,M,NA,NA,NA,,,2022 Winter,2022,Winter,Beijing,Luge,"Luge Doubles, Men",NA
1900924,Sean Hollander,M,NA,NA,NA,,,2022 Winter,2022,Winter,Beijing,Luge,"Luge Doubles, Men",NA
1900925,Park Jin-Yong,M,NA,NA,NA,,,2022 Winter,2022,Winter,Beijing,Luge,"Luge Doubles, Men",NA
1900926,Jo Jeong-Myeong,M,NA,NA,NA,,,2022 Winter,2022,Winter,Beijing,Luge,"Luge Doubles, Men",NA
1900927,Tomáš Vaverčák,M,NA,NA,NA,,,2022 Winter,2022,Winter,Beijing,Luge,"Luge Doubles, Men",NA
1900928,Matej Zmij,M,NA,NA,NA,,,2022 Winter,2022,Winter,Beijing,Luge,"Luge Doubles, Men",NA
1900929,Marian Gîtlan,M,NA,NA,NA,,,2022 Winter,2022,Winter,Beijing,Luge,"Luge Doubles, Men",NA
1900930,Darius Șerban,M,NA,NA,NA,,,2022 Winter,2022,Winter,Beijing,Luge,"Luge Doubles, Men",NA
1900931,Ihor Stakhiv,M,NA,NA,NA,,,2022 Winter,2022,Winter,Beijing,Luge,"Luge Doubles, Men",NA
1900932,Andriy Lysetskyi,M,NA,NA,NA,,,2022 Winter,2022,Winter,Beijing,Luge,"Luge Doubles, Men",NA
1900933,Filip Vejdělek,M,NA,NA,NA,,,2022 Winter,2022,Winter,Beijing,Luge,"Luge Doubles, Men",NA
1900934,Zdeněk Pěkný,M,NA,NA,NA,,,2022 Winter,2022,Winter,Beijing,Luge,"Luge Doubles, Men",NA
1900935,Huang Yebo,M,NA,NA,NA,,,2022 Winter,2022,Winter,Beijing,Luge,"Luge Doubles, Men",NA
1900936,Peng Junyue,M,NA,NA,NA,,,2022 Winter,2022,Winter,Beijing,Luge,"Luge Doubles, Men",NA
1900937,Natalie Geisenberger,F,NA,NA,NA,GER,GER,2022 Winter,2022,Winter,Beijing,Luge,"Luge Singles, Women",Gold
1900938,Anna Berreiter,F,NA,NA,NA,GER,GER,2022 Winter,2022,Winter,Beijing,Luge,"Luge Singles, Women",Silver
1900939,Tatyana Ivanova,F,NA,NA,NA,ROC,ROC,2022 Winter,2022,Winter,Beijing,Luge,"Luge Singles, Women",Bronze
1900940,Madeleine Egle,F,NA,NA,NA,AUT,AUT,2022 Winter,2022,Winter,Beijing,Luge,"Luge Singles, Women",NA
1900941,Hannah Prock,F,NA,NA,NA,AUT,AUT,2022 Winter,2022,Winter,Beijing,Luge,"Luge Singles, Women",NA
1900942,Lisa Schulte,F,NA,NA,NA,AUT,AUT,2022 Winter,2022,Winter,Beijing,Luge,"Luge Singles, Women",NA
1900943,Julia Taubitz,F,NA,NA,NA,GER,GER,2022 Winter,2022,Winter,Beijing,Luge,"Luge Singles, Women",NA
1900944,Elīza Cauce,F,NA,NA,NA,LAT,LAT,2022 Winter,2022,Winter,Beijing,Luge,"Luge Singles, Women",NA
1900945,Natalie Maag,F,NA,NA,NA,SUI,SUI,2022 Winter,2022,Winter,Beijing,Luge,"Luge Singles, Women",NA
1900946,Andrea Vötter,F,NA,NA,NA,ITA,ITA,2022 Winter,2022,Winter,Beijing,Luge,"Luge Singles, Women",NA
1900947,Kendija Aparjode,F,NA,NA,NA,LAT,LAT,2022 Winter,2022,Winter,Beijing,Luge,"Luge Singles, Women",NA
1900948,Ashley Farquharson,F,NA,NA,NA,USA,USA,2022 Winter,2022,Winter,Beijing,Luge,"Luge Singles, Women",NA
1900949,Verena Hofer,F,NA,NA,NA,ITA,ITA,2022 Winter,2022,Winter,Beijing,Luge,"Luge Singles, Women",NA
1900950,Trinity Ellis,F,NA,NA,NA,CAN,CAN,2022 Winter,2022,Winter,Beijing,Luge,"Luge Singles, Women",NA
1900951,Nina Zöggeler,F,NA,NA,NA,ITA,ITA,2022 Winter,2022,Winter,Beijing,Luge,"Luge Singles, Women",NA
1900952,Natalie Corless,F,NA,NA,NA,CAN,CAN,2022 Winter,2022,Winter,Beijing,Luge,"Luge Singles, Women",NA
1900953,Makena Hodgson,F,NA,NA,NA,CAN,CAN,2022 Winter,2022,Winter,Beijing,Luge,"Luge Singles, Women",NA
1900954,Elīna Vītola,F,NA,NA,NA,LAT,LAT,2022 Winter,2022,Winter,Beijing,Luge,"Luge Singles, Women",NA
1900955,Aileen Frisch,F,NA,NA,NA,KOR,KOR,2022 Winter,2022,Winter,Beijing,Luge,"Luge Singles, Women",NA
1900956,Tove Kohala,F,NA,NA,NA,SWE,SWE,2022 Winter,2022,Winter,Beijing,Luge,"Luge Singles, Women",NA
1900957,Yulianna Tunytska,F,NA,NA,NA,UKR,UKR,2022 Winter,2022,Winter,Beijing,Luge,"Luge Singles, Women",NA
1900958,Olena Stetskiv,F,NA,NA,NA,UKR,UKR,2022 Winter,2022,Winter,Beijing,Luge,"Luge Singles, Women",NA
1900959,Summer Britcher,F,NA,NA,NA,USA,USA,2022 Winter,2022,Winter,Beijing,Luge,"Luge Singles, Women",NA
1900960,Verónica Ravenna,F,NA,NA,NA,ARG,ARG,2022 Winter,2022,Winter,Beijing,Luge,"Luge Singles, Women",NA
1900961,Katarína Šimoňáková,F,NA,NA,NA,SVK,SVK,2022 Winter,2022,Winter,Beijing,Luge,"Luge Singles, Women",NA
1900962,Emily Sweeney,F,NA,NA,NA,USA,USA,2022 Winter,2022,Winter,Beijing,Luge,"Luge Singles, Women",NA
1900963,Klaudia Domaradzka,F,NA,NA,NA,POL,POL,2022 Winter,2022,Winter,Beijing,Luge,"Luge Singles, Women",NA
1900964,Viktoriya Demchenko,F,NA,NA,NA,ROC,ROC,2022 Winter,2022,Winter,Beijing,Luge,"Luge Singles, Women",NA
1900965,Wang Peixuan,F,NA,NA,NA,CHN,CHN,2022 Winter,2022,Winter,Beijing,Luge,"Luge Singles, Women",NA
1900966,Anna Čežíková,F,NA,NA,NA,CZE,CZE,2022 Winter,2022,Winter,Beijing,Luge,"Luge Singles, Women",NA
1900967,Lin Sin-Rong,F,NA,NA,NA,TPE,TPE,2022 Winter,2022,Winter,Beijing,Luge,"Luge Singles, Women",NA
1900968,Doina Descalui,F,NA,NA,NA,MDA,MDA,2022 Winter,2022,Winter,Beijing,Luge,"Luge Singles, Women",NA
1900969,Elsa Desmond,F,NA,NA,NA,IRL,IRL,2022 Winter,2022,Winter,Beijing,Luge,"Luge Singles, Women",NA
1900970,Raluca Strămăturaru,F,NA,NA,NA,ROU,ROU,2022 Winter,2022,Winter,Beijing,Luge,"Luge Singles, Women",NA
1900971,Yekaterina Katnikova,F,NA,NA,NA,ROC,ROC,2022 Winter,2022,Winter,Beijing,Luge,"Luge Singles, Women",NA
1900972,Natalie Geisenberger,M,NA,NA,NA,,,2022 Winter,2022,Winter,Beijing,Luge,"Luge Team Relay, Mixed",NA
1900973,Johannes Ludwig,M,NA,NA,NA,,,2022 Winter,2022,Winter,Beijing,Luge,"Luge Team Relay, Mixed",NA
1900974,Tobias Wendl,M,NA,NA,NA,,,2022 Winter,2022,Winter,Beijing,Luge,"Luge Team Relay, Mixed",NA
1900975,Tobias Arlt,M,NA,NA,NA,,,2022 Winter,2022,Winter,Beijing,Luge,"Luge Team Relay, Mixed",NA
1900976,Madeleine Egle,M,NA,NA,NA,,,2022 Winter,2022,Winter,Beijing,Luge,"Luge Team Relay, Mixed",NA
1900977,Wolfgang Kindl,M,NA,NA,NA,,,2022 Winter,2022,Winter,Beijing,Luge,"Luge Team Relay, Mixed",NA
1900978,Thomas Steu,M,NA,NA,NA,,,2022 Winter,2022,Winter,Beijing,Luge,"Luge Team Relay, Mixed",NA
1900979,Lorenz Koller,M,NA,NA,NA,,,2022 Winter,2022,Winter,Beijing,Luge,"Luge Team Relay, Mixed",NA
1900980,Elīza Cauce,M,NA,NA,NA,,,2022 Winter,2022,Winter,Beijing,Luge,"Luge Team Relay, Mixed",NA
1900981,Kristers Aparjods,M,NA,NA,NA,,,2022 Winter,2022,Winter,Beijing,Luge,"Luge Team Relay, Mixed",NA
1900982,Mārtiņš Bots,M,NA,NA,NA,,,2022 Winter,2022,Winter,Beijing,Luge,"Luge Team Relay, Mixed",NA
1900983,Roberts Plūme,M,NA,NA,NA,,,2022 Winter,2022,Winter,Beijing,Luge,"Luge Team Relay, Mixed",NA
1900984,Tatyana Ivanova,M,NA,NA,NA,,,2022 Winter,2022,Winter,Beijing,Luge,"Luge Team Relay, Mixed",NA
1900985,Roman Repilov,M,NA,NA,NA,,,2022 Winter,2022,Winter,Beijing,Luge,"Luge Team Relay, Mixed",NA
1900986,Aleksandr Denisyev,M,NA,NA,NA,,,2022 Winter,2022,Winter,Beijing,Luge,"Luge Team Relay, Mixed",NA
1900987,Vladislav Antonov,M,NA,NA,NA,,,2022 Winter,2022,Winter,Beijing,Luge,"Luge Team Relay, Mixed",NA
1900988,Andrea Vötter,M,NA,NA,NA,,,2022 Winter,2022,Winter,Beijing,Luge,"Luge Team Relay, Mixed",NA
1900989,Leon Felderer,M,NA,NA,NA,,,2022 Winter,2022,Winter,Beijing,Luge,"Luge Team Relay, Mixed",NA
1900990,Emanuel Rieder,M,NA,NA,NA,,,2022 Winter,2022,Winter,Beijing,Luge,"Luge Team Relay, Mixed",NA
1900991,Simon Kainzwaldner,M,NA,NA,NA,,,2022 Winter,2022,Winter,Beijing,Luge,"Luge Team Relay, Mixed",NA
1900992,Trinity Ellis,M,NA,NA,NA,,,2022 Winter,2022,Winter,Beijing,Luge,"Luge Team Relay, Mixed",NA
1900993,Reid Watts,M,NA,NA,NA,,,2022 Winter,2022,Winter,Beijing,Luge,"Luge Team Relay, Mixed",NA
1900994,Tristan Walker,M,NA,NA,NA,,,2022 Winter,2022,Winter,Beijing,Luge,"Luge Team Relay, Mixed",NA
1900995,Justin Snith,M,NA,NA,NA,,,2022 Winter,2022,Winter,Beijing,Luge,"Luge Team Relay, Mixed",NA
1900996,Ashley Farquharson,M,NA,NA,NA,,,2022 Winter,2022,Winter,Beijing,Luge,"Luge Team Relay, Mixed",NA
1900997,Chris Mazdzer,M,NA,NA,NA,,,2022 Winter,2022,Winter,Beijing,Luge,"Luge Team Relay, Mixed",NA
1900998,Zachary DiGregorio,M,NA,NA,NA,,,2022 Winter,2022,Winter,Beijing,Luge,"Luge Team Relay, Mixed",NA
1900999,Sean Hollander,M,NA,NA,NA,,,2022 Winter,2022,Winter,Beijing,Luge,"Luge Team Relay, Mixed",NA
1901000,Klaudia Domaradzka,M,NA,NA,NA,,,2022 Winter,2022,Winter,Beijing,Luge,"Luge Team Relay, Mixed",NA
1901001,Mateusz Sochowicz,M,NA,NA,NA,,,2022 Winter,2022,Winter,Beijing,Luge,"Luge Team Relay, Mixed",NA
1901002,Wojciech Chmielewski,M,NA,NA,NA,,,2022 Winter,2022,Winter,Beijing,Luge,"Luge Team Relay, Mixed",NA
1901003,Kuba Kowalewski,M,NA,NA,NA,,,2022 Winter,2022,Winter,Beijing,Luge,"Luge Team Relay, Mixed",NA
1901004,Raluca Strămăturaru,M,NA,NA,NA,,,2022 Winter,2022,Winter,Beijing,Luge,"Luge Team Relay, Mixed",NA
1901005,Valentin Crețu,M,NA,NA,NA,,,2022 Winter,2022,Winter,Beijing,Luge,"Luge Team Relay, Mixed",NA
1901006,Marian Gîtlan,M,NA,NA,NA,,,2022 Winter,2022,Winter,Beijing,Luge,"Luge Team Relay, Mixed",NA
1901007,Darius Șerban,M,NA,NA,NA,,,2022 Winter,2022,Winter,Beijing,Luge,"Luge Team Relay, Mixed",NA
1901008,Anna Čežíková,M,NA,NA,NA,,,2022 Winter,2022,Winter,Beijing,Luge,"Luge Team Relay, Mixed",NA
1901009,Michael Lejsek,M,NA,NA,NA,,,2022 Winter,2022,Winter,Beijing,Luge,"Luge Team Relay, Mixed",NA
1901010,Filip Vejdělek,M,NA,NA,NA,,,2022 Winter,2022,Winter,Beijing,Luge,"Luge Team Relay, Mixed",NA
1901011,Zdeněk Pěkný,M,NA,NA,NA,,,2022 Winter,2022,Winter,Beijing,Luge,"Luge Team Relay, Mixed",NA
1901012,Yulianna Tunytska,M,NA,NA,NA,,,2022 Winter,2022,Winter,Beijing,Luge,"Luge Team Relay, Mixed",NA
1901013,Anton Dukach,M,NA,NA,NA,,,2022 Winter,2022,Winter,Beijing,Luge,"Luge Team Relay, Mixed",NA
1901014,Ihor Stakhiv,M,NA,NA,NA,,,2022 Winter,2022,Winter,Beijing,Luge,"Luge Team Relay, Mixed",NA
1901015,Andriy Lysetskyi,M,NA,NA,NA,,,2022 Winter,2022,Winter,Beijing,Luge,"Luge Team Relay, Mixed",NA
1901016,Wang Peixuan,M,NA,NA,NA,,,2022 Winter,2022,Winter,Beijing,Luge,"Luge Team Relay, Mixed",NA
1901017,Fan Duoyao,M,NA,NA,NA,,,2022 Winter,2022,Winter,Beijing,Luge,"Luge Team Relay, Mixed",NA
1901018,Huang Yebo,M,NA,NA,NA,,,2022 Winter,2022,Winter,Beijing,Luge,"Luge Team Relay, Mixed",NA
1901019,Peng Junyue,M,NA,NA,NA,,,2022 Winter,2022,Winter,Beijing,Luge,"Luge Team Relay, Mixed",NA
1901020,Aileen Frisch,M,NA,NA,NA,,,2022 Winter,2022,Winter,Beijing,Luge,"Luge Team Relay, Mixed",NA
1901021,Im Nam-Gyu,M,NA,NA,NA,,,2022 Winter,2022,Winter,Beijing,Luge,"Luge Team Relay, Mixed",NA
1901022,Park Jin-Yong,M,NA,NA,NA,,,2022 Winter,2022,Winter,Beijing,Luge,"Luge Team Relay, Mixed",NA
1901023,Jo Jeong-Myeong,M,NA,NA,NA,,,2022 Winter,2022,Winter,Beijing,Luge,"Luge Team Relay, Mixed",NA
1901024,Katarína Šimoňáková,M,NA,NA,NA,,,2022 Winter,2022,Winter,Beijing,Luge,"Luge Team Relay, Mixed",NA
1901025,Jozef Ninis,M,NA,NA,NA,,,2022 Winter,2022,Winter,Beijing,Luge,"Luge Team Relay, Mixed",NA
1901026,Tomáš Vaverčák,M,NA,NA,NA,,,2022 Winter,2022,Winter,Beijing,Luge,"Luge Team Relay, Mixed",NA
1901027,Matej Zmij,M,NA,NA,NA,,,2022 Winter,2022,Winter,Beijing,Luge,"Luge Team Relay, Mixed",NA
1901028,Max Langenhan,M,NA,NA,NA,GER,GER,2026 Winter,2026,Winter,Milano-Cortina,Luge,"Luge Singles, Men",Gold
1901029,Jonas Müller,M,NA,NA,NA,AUT,AUT,2026 Winter,2026,Winter,Milano-Cortina,Luge,"Luge Singles, Men",Silver
1901030,Dominik Fischnaller,M,NA,NA,NA,ITA,ITA,2026 Winter,2026,Winter,Milano-Cortina,Luge,"Luge Singles, Men",Bronze
1901031,Kristers Aparjods,M,NA,NA,NA,LAT,LAT,2026 Winter,2026,Winter,Milano-Cortina,Luge,"Luge Singles, Men",NA
1901032,Nico Gleirscher,M,NA,NA,NA,AUT,AUT,2026 Winter,2026,Winter,Milano-Cortina,Luge,"Luge Singles, Men",NA
1901033,Felix Loch,M,NA,NA,NA,GER,GER,2026 Winter,2026,Winter,Milano-Cortina,Luge,"Luge Singles, Men",NA
1901034,Leon Felderer,M,NA,NA,NA,ITA,ITA,2026 Winter,2026,Winter,Milano-Cortina,Luge,"Luge Singles, Men",NA
1901035,Wolfgang Kindl,M,NA,NA,NA,AUT,AUT,2026 Winter,2026,Winter,Milano-Cortina,Luge,"Luge Singles, Men",NA
1901036,Timon Grancagnolo,M,NA,NA,NA,GER,GER,2026 Winter,2026,Winter,Milano-Cortina,Luge,"Luge Singles, Men",NA
1901037,Gints Bērziņš,M,NA,NA,NA,LAT,LAT,2026 Winter,2026,Winter,Milano-Cortina,Luge,"Luge Singles, Men",NA
1901038,Jonathan Gustafson,M,NA,NA,NA,USA,USA,2026 Winter,2026,Winter,Milano-Cortina,Luge,"Luge Singles, Men",NA
1901039,Andriy Mandziy,M,NA,NA,NA,UKR,UKR,2026 Winter,2026,Winter,Milano-Cortina,Luge,"Luge Singles, Men",NA
1901040,Svante Kohala,M,NA,NA,NA,SWE,SWE,2026 Winter,2026,Winter,Milano-Cortina,Luge,"Luge Singles, Men",NA
1901041,Pavel Repilov,M,NA,NA,NA,AIN,AIN,2026 Winter,2026,Winter,Milano-Cortina,Luge,"Luge Singles, Men",NA
1901042,Valentin Crețu,M,NA,NA,NA,ROU,ROU,2026 Winter,2026,Winter,Milano-Cortina,Luge,"Luge Singles, Men",NA
1901043,Anton Dukach,M,NA,NA,NA,UKR,UKR,2026 Winter,2026,Winter,Milano-Cortina,Luge,"Luge Singles, Men",NA
1901044,Alex Gufler,M,NA,NA,NA,ITA,ITA,2026 Winter,2026,Winter,Milano-Cortina,Luge,"Luge Singles, Men",NA
1901045,Alex Ferlazzo,M,NA,NA,NA,AUS,AUS,2026 Winter,2026,Winter,Milano-Cortina,Luge,"Luge Singles, Men",NA
1901046,Jozef Ninis,M,NA,NA,NA,SVK,SVK,2026 Winter,2026,Winter,Milano-Cortina,Luge,"Luge Singles, Men",NA
1901047,Matthew Greiner,M,NA,NA,NA,USA,USA,2026 Winter,2026,Winter,Milano-Cortina,Luge,"Luge Singles, Men",NA
1901048,Mateusz Sochowicz,M,NA,NA,NA,POL,POL,2026 Winter,2026,Winter,Milano-Cortina,Luge,"Luge Singles, Men",NA
1901049,Ondřej Hyman,M,NA,NA,NA,CZE,CZE,2026 Winter,2026,Winter,Milano-Cortina,Luge,"Luge Singles, Men",NA
1901050,Eduard Crăciun,M,NA,NA,NA,ROU,ROU,2026 Winter,2026,Winter,Milano-Cortina,Luge,"Luge Singles, Men",NA
1901051,Bao Zhenyu,M,NA,NA,NA,CHN,CHN,2026 Winter,2026,Winter,Milano-Cortina,Luge,"Luge Singles, Men",NA
1901052,Seiya Kobayashi,M,NA,NA,NA,JPN,JPN,2026 Winter,2026,Winter,Milano-Cortina,Luge,"Luge Singles, Men",NA
1901053,Emanuel Rieder,M,NA,NA,NA,,,2026 Winter,2026,Winter,Milano-Cortina,Luge,"Luge Doubles, Men",NA
1901054,Simon Kainzwaldner,M,NA,NA,NA,,,2026 Winter,2026,Winter,Milano-Cortina,Luge,"Luge Doubles, Men",NA
1901055,Thomas Steu,M,NA,NA,NA,,,2026 Winter,2026,Winter,Milano-Cortina,Luge,"Luge Doubles, Men",NA
1901056,Wolfgang Kindl,M,NA,NA,NA,,,2026 Winter,2026,Winter,Milano-Cortina,Luge,"Luge Doubles, Men",NA
1901057,Tobias Wendl,M,NA,NA,NA,,,2026 Winter,2026,Winter,Milano-Cortina,Luge,"Luge Doubles, Men",NA
1901058,Tobias Arlt,M,NA,NA,NA,,,2026 Winter,2026,Winter,Milano-Cortina,Luge,"Luge Doubles, Men",NA
1901059,Toni Eggert,M,NA,NA,NA,,,2026 Winter,2026,Winter,Milano-Cortina,Luge,"Luge Doubles, Men",NA
1901060,Florian Müller,M,NA,NA,NA,,,2026 Winter,2026,Winter,Milano-Cortina,Luge,"Luge Doubles, Men",NA
1901061,Mārtiņš Bots,M,NA,NA,NA,,,2026 Winter,2026,Winter,Milano-Cortina,Luge,"Luge Doubles, Men",NA
1901062,Roberts Plūme,M,NA,NA,NA,,,2026 Winter,2026,Winter,Milano-Cortina,Luge,"Luge Doubles, Men",NA
1901063,Marcus Mueller,M,NA,NA,NA,,,2026 Winter,2026,Winter,Milano-Cortina,Luge,"Luge Doubles, Men",NA
1901064,Ansel Haugsjaa,M,NA,NA,NA,,,2026 Winter,2026,Winter,Milano-Cortina,Luge,"Luge Doubles, Men",NA
1901065,Ivan Nagler,M,NA,NA,NA,,,2026 Winter,2026,Winter,Milano-Cortina,Luge,"Luge Doubles, Men",NA
1901066,Fabian Malleier,M,NA,NA,NA,,,2026 Winter,2026,Winter,Milano-Cortina,Luge,"Luge Doubles, Men",NA
1901067,Zachary DiGregorio,M,NA,NA,NA,,,2026 Winter,2026,Winter,Milano-Cortina,Luge,"Luge Doubles, Men",NA
1901068,Sean Hollander,M,NA,NA,NA,,,2026 Winter,2026,Winter,Milano-Cortina,Luge,"Luge Doubles, Men",NA
1901069,Eduards Ševics-Mikeļševics,M,NA,NA,NA,,,2026 Winter,2026,Winter,Milano-Cortina,Luge,"Luge Doubles, Men",NA
1901070,Lūkass Krasts,M,NA,NA,NA,,,2026 Winter,2026,Winter,Milano-Cortina,Luge,"Luge Doubles, Men",NA
1901071,Devin Wardrope,M,NA,NA,NA,,,2026 Winter,2026,Winter,Milano-Cortina,Luge,"Luge Doubles, Men",NA
1901072,Cole Zajanski,M,NA,NA,NA,,,2026 Winter,2026,Winter,Milano-Cortina,Luge,"Luge Doubles, Men",NA
1901073,Juri Gatt,M,NA,NA,NA,,,2026 Winter,2026,Winter,Milano-Cortina,Luge,"Luge Doubles, Men",NA
1901074,Riccardo Schöpf,M,NA,NA,NA,,,2026 Winter,2026,Winter,Milano-Cortina,Luge,"Luge Doubles, Men",NA
1901075,Christian Bosman,M,NA,NA,NA,,,2026 Winter,2026,Winter,Milano-Cortina,Luge,"Luge Doubles, Men",NA
1901076,Bruno Mick,M,NA,NA,NA,,,2026 Winter,2026,Winter,Milano-Cortina,Luge,"Luge Doubles, Men",NA
1901077,Wojciech Chmielewski,M,NA,NA,NA,,,2026 Winter,2026,Winter,Milano-Cortina,Luge,"Luge Doubles, Men",NA
1901078,Michał Gancarczyk,M,NA,NA,NA,,,2026 Winter,2026,Winter,Milano-Cortina,Luge,"Luge Doubles, Men",NA
1901079,Ihor Hoy,M,NA,NA,NA,,,2026 Winter,2026,Winter,Milano-Cortina,Luge,"Luge Doubles, Men",NA
1901080,Nazariy Kachmar,M,NA,NA,NA,,,2026 Winter,2026,Winter,Milano-Cortina,Luge,"Luge Doubles, Men",NA
1901081,Jubayi Saikeyi,M,NA,NA,NA,,,2026 Winter,2026,Winter,Milano-Cortina,Luge,"Luge Doubles, Men",NA
1901082,Hou Shuo,M,NA,NA,NA,,,2026 Winter,2026,Winter,Milano-Cortina,Luge,"Luge Doubles, Men",NA
1901083,Daniil Martsynovsky,M,NA,NA,NA,,,2026 Winter,2026,Winter,Milano-Cortina,Luge,"Luge Doubles, Men",NA
1901084,Bohdan Babura,M,NA,NA,NA,,,2026 Winter,2026,Winter,Milano-Cortina,Luge,"Luge Doubles, Men",NA
1901085,Marian Gîtlan,M,NA,NA,NA,,,2026 Winter,2026,Winter,Milano-Cortina,Luge,"Luge Doubles, Men",NA
1901086,Darius Șerban,M,NA,NA,NA,,,2026 Winter,2026,Winter,Milano-Cortina,Luge,"Luge Doubles, Men",NA
1901087,Julia Taubitz,F,NA,NA,NA,GER,GER,2026 Winter,2026,Winter,Milano-Cortina,Luge,"Luge Singles, Women",Gold
1901088,Elīna Bota,F,NA,NA,NA,LAT,LAT,2026 Winter,2026,Winter,Milano-Cortina,Luge,"Luge Singles, Women",Silver
1901089,Ashley Farquharson,F,NA,NA,NA,USA,USA,2026 Winter,2026,Winter,Milano-Cortina,Luge,"Luge Singles, Women",Bronze
1901090,Verena Hofer,F,NA,NA,NA,ITA,ITA,2026 Winter,2026,Winter,Milano-Cortina,Luge,"Luge Singles, Women",NA
1901091,Sandra Robatscher,F,NA,NA,NA,ITA,ITA,2026 Winter,2026,Winter,Milano-Cortina,Luge,"Luge Singles, Women",NA
1901092,Anna Berreiter,F,NA,NA,NA,GER,GER,2026 Winter,2026,Winter,Milano-Cortina,Luge,"Luge Singles, Women",NA
1901093,Lisa Schulte,F,NA,NA,NA,AUT,AUT,2026 Winter,2026,Winter,Milano-Cortina,Luge,"Luge Singles, Women",NA
1901094,Merle Fräbel,F,NA,NA,NA,GER,GER,2026 Winter,2026,Winter,Milano-Cortina,Luge,"Luge Singles, Women",NA
1901095,Natalie Maag,F,NA,NA,NA,SUI,SUI,2026 Winter,2026,Winter,Milano-Cortina,Luge,"Luge Singles, Women",NA
1901096,Hannah Prock,F,NA,NA,NA,AUT,AUT,2026 Winter,2026,Winter,Milano-Cortina,Luge,"Luge Singles, Women",NA
1901097,Dorothea Schwarz,F,NA,NA,NA,AUT,AUT,2026 Winter,2026,Winter,Milano-Cortina,Luge,"Luge Singles, Women",NA
1901098,Emily Fischnaller,F,NA,NA,NA,USA,USA,2026 Winter,2026,Winter,Milano-Cortina,Luge,"Luge Singles, Women",NA
1901099,Darya Olesik,F,NA,NA,NA,AIN,AIN,2026 Winter,2026,Winter,Milano-Cortina,Luge,"Luge Singles, Women",NA
1901100,Summer Britcher,F,NA,NA,NA,USA,USA,2026 Winter,2026,Winter,Milano-Cortina,Luge,"Luge Singles, Women",NA
1901101,Embyr-Lee Susko,F,NA,NA,NA,CAN,CAN,2026 Winter,2026,Winter,Milano-Cortina,Luge,"Luge Singles, Women",NA
1901102,Kendija Aparjode,F,NA,NA,NA,LAT,LAT,2026 Winter,2026,Winter,Milano-Cortina,Luge,"Luge Singles, Women",NA
1901103,Trinity Ellis,F,NA,NA,NA,CAN,CAN,2026 Winter,2026,Winter,Milano-Cortina,Luge,"Luge Singles, Women",NA
1901104,Yulianna Tunytska,F,NA,NA,NA,UKR,UKR,2026 Winter,2026,Winter,Milano-Cortina,Luge,"Luge Singles, Women",NA
1901105,Tove Kohala,F,NA,NA,NA,SWE,SWE,2026 Winter,2026,Winter,Milano-Cortina,Luge,"Luge Singles, Women",NA
1901106,Olena Smaha,F,NA,NA,NA,UKR,UKR,2026 Winter,2026,Winter,Milano-Cortina,Luge,"Luge Singles, Women",NA
1901107,Wang Peixuan,F,NA,NA,NA,CHN,CHN,2026 Winter,2026,Winter,Milano-Cortina,Luge,"Luge Singles, Women",NA
1901108,Verónica Ravenna,F,NA,NA,NA,ARG,ARG,2026 Winter,2026,Winter,Milano-Cortina,Luge,"Luge Singles, Women",NA
1901109,Klaudia Domaradzka,F,NA,NA,NA,POL,POL,2026 Winter,2026,Winter,Milano-Cortina,Luge,"Luge Singles, Women",NA
1901110,Jeong Hye-Seon,F,NA,NA,NA,KOR,KOR,2026 Winter,2026,Winter,Milano-Cortina,Luge,"Luge Singles, Women",NA
1901111,Ioana Buzatoiu,F,NA,NA,NA,ROU,ROU,2026 Winter,2026,Winter,Milano-Cortina,Luge,"Luge Singles, Women",NA
1901112,Andrea Vötter,F,NA,NA,NA,,,2026 Winter,2026,Winter,Milano-Cortina,Luge,"Luge Doubles, Women",NA
1901113,Marion Oberhofer,F,NA,NA,NA,,,2026 Winter,2026,Winter,Milano-Cortina,Luge,"Luge Doubles, Women",NA
1901114,Dajana Eitberger,F,NA,NA,NA,,,2026 Winter,2026,Winter,Milano-Cortina,Luge,"Luge Doubles, Women",NA
1901115,Magdalena Matschina,F,NA,NA,NA,,,2026 Winter,2026,Winter,Milano-Cortina,Luge,"Luge Doubles, Women",NA
1901116,Selina Egle,F,NA,NA,NA,,,2026 Winter,2026,Winter,Milano-Cortina,Luge,"Luge Doubles, Women",NA
1901117,Lara Kipp,F,NA,NA,NA,,,2026 Winter,2026,Winter,Milano-Cortina,Luge,"Luge Doubles, Women",NA
1901118,Marta Robežniece,F,NA,NA,NA,,,2026 Winter,2026,Winter,Milano-Cortina,Luge,"Luge Doubles, Women",NA
1901119,Kitija Bogdanova,F,NA,NA,NA,,,2026 Winter,2026,Winter,Milano-Cortina,Luge,"Luge Doubles, Women",NA
1901120,Chevonne Forgan,F,NA,NA,NA,,,2026 Winter,2026,Winter,Milano-Cortina,Luge,"Luge Doubles, Women",NA
1901121,Sophia Kirkby,F,NA,NA,NA,,,2026 Winter,2026,Winter,Milano-Cortina,Luge,"Luge Doubles, Women",NA
1901122,Nikola Domowicz,F,NA,NA,NA,,,2026 Winter,2026,Winter,Milano-Cortina,Luge,"Luge Doubles, Women",NA
1901123,Dominika Piwkowska,F,NA,NA,NA,,,2026 Winter,2026,Winter,Milano-Cortina,Luge,"Luge Doubles, Women",NA
1901124,Olena Stetskiv,F,NA,NA,NA,,,2026 Winter,2026,Winter,Milano-Cortina,Luge,"Luge Doubles, Women",NA
1901125,Oleksandra Mokh,F,NA,NA,NA,,,2026 Winter,2026,Winter,Milano-Cortina,Luge,"Luge Doubles, Women",NA
1901126,Gulijienaiti Adikeyoumu,F,NA,NA,NA,,,2026 Winter,2026,Winter,Milano-Cortina,Luge,"Luge Doubles, Women",NA
1901127,Zhao Jiaying,F,NA,NA,NA,,,2026 Winter,2026,Winter,Milano-Cortina,Luge,"Luge Doubles, Women",NA
1901128,Raluca Strămăturaru,F,NA,NA,NA,,,2026 Winter,2026,Winter,Milano-Cortina,Luge,"Luge Doubles, Women",NA
1901129,Mihaela Manolescu,F,NA,NA,NA,,,2026 Winter,2026,Winter,Milano-Cortina,Luge,"Luge Doubles, Women",NA
1901130,Beattie Podulsky,F,NA,NA,NA,,,2026 Winter,2026,Winter,Milano-Cortina,Luge,"Luge Doubles, Women",NA
1901131,Kailey Allan,F,NA,NA,NA,,,2026 Winter,2026,Winter,Milano-Cortina,Luge,"Luge Doubles, Women",NA
1901132,Viktoria Praxová,F,NA,NA,NA,,,2026 Winter,2026,Winter,Milano-Cortina,Luge,"Luge Doubles, Women",NA
1901133,Desana Špitzová,F,NA,NA,NA,,,2026 Winter,2026,Winter,Milano-Cortina,Luge,"Luge Doubles, Women",NA
1901134,Julia Taubitz,M,NA,NA,NA,,,2026 Winter,2026,Winter,Milano-Cortina,Luge,"Luge Team Relay, Mixed",NA
1901135,Tobias Wendl,M,NA,NA,NA,,,2026 Winter,2026,Winter,Milano-Cortina,Luge,"Luge Team Relay, Mixed",NA
1901136,Tobias Arlt,M,NA,NA,NA,,,2026 Winter,2026,Winter,Milano-Cortina,Luge,"Luge Team Relay, Mixed",NA
1901137,Max Langenhan,M,NA,NA,NA,,,2026 Winter,2026,Winter,Milano-Cortina,Luge,"Luge Team Relay, Mixed",NA
1901138,Dajana Eitberger,M,NA,NA,NA,,,2026 Winter,2026,Winter,Milano-Cortina,Luge,"Luge Team Relay, Mixed",NA
1901139,Magdalena Matschina,M,NA,NA,NA,,,2026 Winter,2026,Winter,Milano-Cortina,Luge,"Luge Team Relay, Mixed",NA
1901140,Lisa Schulte,M,NA,NA,NA,,,2026 Winter,2026,Winter,Milano-Cortina,Luge,"Luge Team Relay, Mixed",NA
1901141,Thomas Steu,M,NA,NA,NA,,,2026 Winter,2026,Winter,Milano-Cortina,Luge,"Luge Team Relay, Mixed",NA
1901142,Wolfgang Kindl,M,NA,NA,NA,,,2026 Winter,2026,Winter,Milano-Cortina,Luge,"Luge Team Relay, Mixed",NA
1901143,Jonas Müller,M,NA,NA,NA,,,2026 Winter,2026,Winter,Milano-Cortina,Luge,"Luge Team Relay, Mixed",NA
1901144,Selina Egle,M,NA,NA,NA,,,2026 Winter,2026,Winter,Milano-Cortina,Luge,"Luge Team Relay, Mixed",NA
1901145,Lara Kipp,M,NA,NA,NA,,,2026 Winter,2026,Winter,Milano-Cortina,Luge,"Luge Team Relay, Mixed",NA
1901146,Verena Hofer,M,NA,NA,NA,,,2026 Winter,2026,Winter,Milano-Cortina,Luge,"Luge Team Relay, Mixed",NA
1901147,Emanuel Rieder,M,NA,NA,NA,,,2026 Winter,2026,Winter,Milano-Cortina,Luge,"Luge Team Relay, Mixed",NA
1901148,Simon Kainzwaldner,M,NA,NA,NA,,,2026 Winter,2026,Winter,Milano-Cortina,Luge,"Luge Team Relay, Mixed",NA
1901149,Dominik Fischnaller,M,NA,NA,NA,,,2026 Winter,2026,Winter,Milano-Cortina,Luge,"Luge Team Relay, Mixed",NA
1901150,Andrea Vötter,M,NA,NA,NA,,,2026 Winter,2026,Winter,Milano-Cortina,Luge,"Luge Team Relay, Mixed",NA
1901151,Marion Oberhofer,M,NA,NA,NA,,,2026 Winter,2026,Winter,Milano-Cortina,Luge,"Luge Team Relay, Mixed",NA
1901152,Elīna Bota,M,NA,NA,NA,,,2026 Winter,2026,Winter,Milano-Cortina,Luge,"Luge Team Relay, Mixed",NA
1901153,Mārtiņš Bots,M,NA,NA,NA,,,2026 Winter,2026,Winter,Milano-Cortina,Luge,"Luge Team Relay, Mixed",NA
1901154,Roberts Plūme,M,NA,NA,NA,,,2026 Winter,2026,Winter,Milano-Cortina,Luge,"Luge Team Relay, Mixed",NA
1901155,Kristers Aparjods,M,NA,NA,NA,,,2026 Winter,2026,Winter,Milano-Cortina,Luge,"Luge Team Relay, Mixed",NA
1901156,Marta Robežniece,M,NA,NA,NA,,,2026 Winter,2026,Winter,Milano-Cortina,Luge,"Luge Team Relay, Mixed",NA
1901157,Kitija Bogdanova,M,NA,NA,NA,,,2026 Winter,2026,Winter,Milano-Cortina,Luge,"Luge Team Relay, Mixed",NA
1901158,Ashley Farquharson,M,NA,NA,NA,,,2026 Winter,2026,Winter,Milano-Cortina,Luge,"Luge Team Relay, Mixed",NA
1901159,Marcus Mueller,M,NA,NA,NA,,,2026 Winter,2026,Winter,Milano-Cortina,Luge,"Luge Team Relay, Mixed",NA
1901160,Ansel Haugsjaa,M,NA,NA,NA,,,2026 Winter,2026,Winter,Milano-Cortina,Luge,"Luge Team Relay, Mixed",NA
1901161,Jonathan Gustafson,M,NA,NA,NA,,,2026 Winter,2026,Winter,Milano-Cortina,Luge,"Luge Team Relay, Mixed",NA
1901162,Chevonne Forgan,M,NA,NA,NA,,,2026 Winter,2026,Winter,Milano-Cortina,Luge,"Luge Team Relay, Mixed",NA
1901163,Sophia Kirkby,M,NA,NA,NA,,,2026 Winter,2026,Winter,Milano-Cortina,Luge,"Luge Team Relay, Mixed",NA
1901164,Yulianna Tunytska,M,NA,NA,NA,,,2026 Winter,2026,Winter,Milano-Cortina,Luge,"Luge Team Relay, Mixed",NA
1901165,Ihor Hoy,M,NA,NA,NA,,,2026 Winter,2026,Winter,Milano-Cortina,Luge,"Luge Team Relay, Mixed",NA
1901166,Nazariy Kachmar,M,NA,NA,NA,,,2026 Winter,2026,Winter,Milano-Cortina,Luge,"Luge Team Relay, Mixed",NA
1901167,Andriy Mandziy,M,NA,NA,NA,,,2026 Winter,2026,Winter,Milano-Cortina,Luge,"Luge Team Relay, Mixed",NA
1901168,Olena Stetskiv,M,NA,NA,NA,,,2026 Winter,2026,Winter,Milano-Cortina,Luge,"Luge Team Relay, Mixed",NA
1901169,Oleksandra Mokh,M,NA,NA,NA,,,2026 Winter,2026,Winter,Milano-Cortina,Luge,"Luge Team Relay, Mixed",NA
1901170,Wang Peixuan,M,NA,NA,NA,,,2026 Winter,2026,Winter,Milano-Cortina,Luge,"Luge Team Relay, Mixed",NA
1901171,Jubayi Saikeyi,M,NA,NA,NA,,,2026 Winter,2026,Winter,Milano-Cortina,Luge,"Luge Team Relay, Mixed",NA
1901172,Hou Shuo,M,NA,NA,NA,,,2026 Winter,2026,Winter,Milano-Cortina,Luge,"Luge Team Relay, Mixed",NA
1901173,Bao Zhenyu,M,NA,NA,NA,,,2026 Winter,2026,Winter,Milano-Cortina,Luge,"Luge Team Relay, Mixed",NA
1901174,Gulijienaiti Adikeyoumu,M,NA,NA,NA,,,2026 Winter,2026,Winter,Milano-Cortina,Luge,"Luge Team Relay, Mixed",NA
1901175,Zhao Jiaying,M,NA,NA,NA,,,2026 Winter,2026,Winter,Milano-Cortina,Luge,"Luge Team Relay, Mixed",NA
1901176,Klaudia Domaradzka,M,NA,NA,NA,,,2026 Winter,2026,Winter,Milano-Cortina,Luge,"Luge Team Relay, Mixed",NA
1901177,Wojciech Chmielewski,M,NA,NA,NA,,,2026 Winter,2026,Winter,Milano-Cortina,Luge,"Luge Team Relay, Mixed",NA
1901178,Michał Gancarczyk,M,NA,NA,NA,,,2026 Winter,2026,Winter,Milano-Cortina,Luge,"Luge Team Relay, Mixed",NA
1901179,Mateusz Sochowicz,M,NA,NA,NA,,,2026 Winter,2026,Winter,Milano-Cortina,Luge,"Luge Team Relay, Mixed",NA
1901180,Nikola Domowicz,M,NA,NA,NA,,,2026 Winter,2026,Winter,Milano-Cortina,Luge,"Luge Team Relay, Mixed",NA
1901181,Dominika Piwkowska,M,NA,NA,NA,,,2026 Winter,2026,Winter,Milano-Cortina,Luge,"Luge Team Relay, Mixed",NA
1901182,Ioana Buzatoiu,M,NA,NA,NA,,,2026 Winter,2026,Winter,Milano-Cortina,Luge,"Luge Team Relay, Mixed",NA
1901183,Marian Gîtlan,M,NA,NA,NA,,,2026 Winter,2026,Winter,Milano-Cortina,Luge,"Luge Team Relay, Mixed",NA
1901184,Darius Șerban,M,NA,NA,NA,,,2026 Winter,2026,Winter,Milano-Cortina,Luge,"Luge Team Relay, Mixed",NA
1901185,Valentin Crețu,M,NA,NA,NA,,,2026 Winter,2026,Winter,Milano-Cortina,Luge,"Luge Team Relay, Mixed",NA
1901186,Raluca Strămăturaru,M,NA,NA,NA,,,2026 Winter,2026,Winter,Milano-Cortina,Luge,"Luge Team Relay, Mixed",NA
1901187,Mihaela Manolescu,M,NA,NA,NA,,,2026 Winter,2026,Winter,Milano-Cortina,Luge,"Luge Team Relay, Mixed",NA
